_unit_id,says,score,recorded,disagrees
815719226,non_human,0.623,human,1.0
815719227,non_human,0.825,human,1.0
815719228,human,0.954,human,0.0
815719229,human,0.627,human,0.0
815719230,human,0.941,human,0.0
815719231,human,0.956,human,0.0
815719232,human,0.897,non_human,1.0
815719233,non_human,0.669,human,1.0
815719234,human,0.909,human,0.0
815719235,human,0.926,human,0.0
815719236,human,0.522,non_human,1.0
815719237,non_human,0.873,non_human,0.0
815719238,human,0.975,human,0.0
815719239,non_human,0.847,non_human,0.0
815719240,human,0.971,human,0.0
815719241,non_human,0.749,human,1.0
815719242,human,0.984,human,0.0
815719243,human,0.977,human,0.0
815719244,human,0.725,human,0.0
815719246,human,0.817,human,0.0
815719247,human,0.995,human,0.0
815719248,human,0.983,human,0.0
815719249,human,0.884,human,0.0
815719250,human,0.9,human,0.0
815719251,human,0.968,human,0.0
815719252,non_human,0.586,non_human,0.0
815719253,human,0.774,non_human,1.0
815719254,human,0.969,human,0.0
815719255,human,0.782,human,0.0
815719256,non_human,0.723,non_human,0.0
815719257,non_human,0.8,human,1.0
815719258,human,0.864,human,0.0
815719259,human,0.813,human,0.0
815719260,non_human,0.577,non_human,0.0
815719261,human,0.837,human,0.0
815719262,human,0.519,non_human,1.0
815719263,human,0.952,human,0.0
815719264,human,0.755,non_human,1.0
815719265,human,0.737,human,0.0
815719266,non_human,0.745,non_human,0.0
815719267,human,0.572,human,0.0
815719268,non_human,0.593,non_human,0.0
815719269,human,0.882,human,0.0
815719270,human,0.772,human,0.0
815719271,human,0.864,human,0.0
815719272,human,0.894,human,0.0
815719273,human,0.919,human,0.0
815719274,human,0.954,human,0.0
815719275,human,0.736,non_human,1.0
815719276,non_human,0.768,human,1.0
815719277,non_human,0.7,human,1.0
815719278,non_human,0.801,non_human,0.0
815719279,human,0.892,human,0.0
815719280,human,0.915,human,0.0
815719281,human,0.983,human,0.0
815719282,human,0.509,human,0.0
815719283,non_human,0.668,non_human,0.0
815719284,human,0.925,human,0.0
815719285,human,0.591,non_human,1.0
815719286,human,0.869,non_human,1.0
815719287,human,0.985,human,0.0
815719288,human,0.874,human,0.0
815719289,human,0.516,human,0.0
815719290,human,0.888,human,0.0
815719292,human,0.666,human,0.0
815719293,human,0.945,human,0.0
815719294,human,0.836,human,0.0
815719295,human,0.775,human,0.0
815719296,non_human,0.689,human,1.0
815719297,non_human,0.557,non_human,0.0
815719298,human,0.993,human,0.0
815719299,human,0.87,human,0.0
815719300,human,0.773,non_human,1.0
815719301,human,0.905,human,0.0
815719302,non_human,0.677,non_human,0.0
815719303,non_human,0.635,human,1.0
815719304,human,0.924,human,0.0
815719305,human,0.733,human,0.0
815719306,non_human,0.709,human,1.0
815719307,human,0.964,human,0.0
815719308,non_human,0.793,non_human,0.0
815719309,human,0.961,human,0.0
815719310,non_human,0.696,non_human,0.0
815719311,human,0.548,human,0.0
815719312,human,0.922,human,0.0
815719313,human,0.636,human,0.0
815719314,human,0.655,non_human,1.0
815719315,human,0.874,non_human,1.0
815719316,non_human,0.646,human,1.0
815719317,non_human,0.62,non_human,0.0
815719319,non_human,0.74,non_human,0.0
815719320,non_human,0.537,human,1.0
815719321,human,0.84,non_human,1.0
815719322,human,0.89,human,0.0
815719323,human,0.697,human,0.0
815719324,non_human,0.784,non_human,0.0
815719325,human,0.982,human,0.0
815719326,human,0.917,human,0.0
815719327,human,0.976,human,0.0
815719328,human,0.621,non_human,1.0
815719329,human,0.564,human,0.0
815719330,human,0.559,human,0.0
815719331,human,0.996,human,0.0
815719332,human,0.93,human,0.0
815719333,human,0.82,non_human,1.0
815719334,human,0.988,human,0.0
815719337,human,0.8,human,0.0
815719338,human,0.894,human,0.0
815719339,human,0.969,human,0.0
815719340,human,0.989,human,0.0
815719343,non_human,0.828,human,1.0
815719344,human,0.832,human,0.0
815719345,human,0.923,human,0.0
815719346,non_human,0.666,human,1.0
815719347,non_human,0.68,non_human,0.0
815719348,human,0.945,human,0.0
815719349,non_human,0.839,non_human,0.0
815719350,non_human,0.529,human,1.0
815719351,non_human,0.8,human,1.0
815719352,non_human,0.728,non_human,0.0
815719353,human,0.896,human,0.0
815719354,non_human,0.743,human,1.0
815719355,non_human,0.842,non_human,0.0
815719356,human,0.984,human,0.0
815719357,human,0.806,human,0.0
815719358,non_human,0.601,human,1.0
815719359,human,0.957,human,0.0
815719360,human,0.728,human,0.0
815719362,non_human,0.768,non_human,0.0
815719364,non_human,0.711,non_human,0.0
815719365,human,0.847,human,0.0
815719366,human,0.696,human,0.0
815719367,human,0.938,human,0.0
815719368,human,0.97,human,0.0
815719369,human,0.622,human,0.0
815719370,non_human,0.522,non_human,0.0
815719372,human,0.648,non_human,1.0
815719373,human,0.872,human,0.0
815719374,non_human,0.596,non_human,0.0
815719375,non_human,0.547,human,1.0
815719376,human,0.585,non_human,1.0
815719377,human,0.876,human,0.0
815719378,human,0.504,human,0.0
815719379,non_human,0.749,non_human,0.0
815719380,human,0.694,human,0.0
815719381,non_human,0.54,non_human,0.0
815719382,non_human,0.718,human,1.0
815719383,human,0.84,human,0.0
815719385,human,0.975,human,0.0
815719386,non_human,0.873,non_human,0.0
815719387,non_human,0.52,human,1.0
815719388,human,0.647,human,0.0
815719389,human,0.975,human,0.0
815719391,non_human,0.821,human,1.0
815719392,human,0.741,human,0.0
815719393,non_human,0.586,human,1.0
815719394,non_human,0.562,non_human,0.0
815719395,human,0.62,non_human,1.0
815719396,human,0.914,non_human,1.0
815719397,non_human,0.574,non_human,0.0
815719398,human,0.808,human,0.0
815719399,human,0.612,non_human,1.0
815719400,human,0.731,non_human,1.0
815719401,human,0.995,human,0.0
815719402,non_human,0.689,non_human,0.0
815719403,human,0.871,human,0.0
815719404,human,0.965,human,0.0
815719405,human,0.91,human,0.0
815719406,human,0.969,human,0.0
815719409,non_human,0.652,non_human,0.0
815719410,human,0.991,human,0.0
815719411,human,0.57,non_human,1.0
815719412,human,0.726,human,0.0
815719413,human,0.897,human,0.0
815719414,non_human,0.868,human,1.0
815719415,human,0.517,human,0.0
815719416,human,0.677,non_human,1.0
815719417,human,0.77,non_human,1.0
815719418,non_human,0.623,human,1.0
815719419,human,0.538,human,0.0
815719420,human,0.525,non_human,1.0
815719421,human,0.736,human,0.0
815719422,human,0.943,human,0.0
815719424,non_human,0.675,human,1.0
815719425,human,0.753,human,0.0
815719426,non_human,0.828,non_human,0.0
815719428,non_human,0.598,non_human,0.0
815719429,human,0.956,human,0.0
815719430,human,0.815,human,0.0
815719431,human,0.82,non_human,1.0
815719432,human,0.809,human,0.0
815719433,non_human,0.712,non_human,0.0
815719434,human,0.888,human,0.0
815719435,human,0.556,non_human,1.0
815719436,non_human,0.724,non_human,0.0
815719437,human,0.7,non_human,1.0
815719438,human,0.728,human,0.0
815719439,human,0.999,human,0.0
815719440,human,0.593,human,0.0
815719441,human,0.759,human,0.0
815719442,human,0.845,human,0.0
815719443,human,0.679,human,0.0
815719444,human,0.704,human,0.0
815719445,human,0.675,human,0.0
815719446,human,0.97,human,0.0
815719447,human,0.837,human,0.0
815719448,human,0.69,human,0.0
815719450,non_human,0.628,human,1.0
815719451,human,0.787,human,0.0
815719452,human,0.986,human,0.0
815719453,human,0.965,human,0.0
815719454,human,0.52,non_human,1.0
815719455,human,0.927,human,0.0
815719456,human,0.965,human,0.0
815719457,human,0.527,human,0.0
815719458,human,0.709,human,0.0
815719459,non_human,0.801,non_human,0.0
815719460,non_human,0.503,human,1.0
815719461,non_human,0.638,non_human,0.0
815719462,human,0.529,non_human,1.0
815719463,human,0.811,human,0.0
815719464,human,0.805,human,0.0
815719465,human,0.977,human,0.0
815719466,human,0.966,human,0.0
815719467,human,0.835,human,0.0
815719468,non_human,0.564,non_human,0.0
815719469,human,0.536,human,0.0
815719471,human,0.83,human,0.0
815719472,human,0.986,human,0.0
815719473,human,0.892,human,0.0
815719474,human,0.959,human,0.0
815719475,human,0.9,non_human,1.0
815719476,non_human,0.81,non_human,0.0
815719477,human,0.97,human,0.0
815719478,non_human,0.717,non_human,0.0
815719479,human,0.693,human,0.0
815719481,human,0.894,human,0.0
815719482,non_human,0.947,non_human,0.0
815719483,human,0.962,human,0.0
815719484,non_human,0.71,non_human,0.0
815719485,human,0.545,non_human,1.0
815719486,human,0.7,human,0.0
815719487,human,0.737,human,0.0
815719488,human,0.854,human,0.0
815719489,non_human,0.922,human,1.0
815719490,human,0.856,human,0.0
815719491,human,0.795,human,0.0
815719492,human,0.839,human,0.0
815719493,human,0.577,human,0.0
815719495,human,0.572,non_human,1.0
815719496,human,0.92,human,0.0
815719497,human,0.949,human,0.0
815719498,non_human,0.573,non_human,0.0
815719499,non_human,0.738,non_human,0.0
815719500,human,0.927,human,0.0
815719501,human,0.84,human,0.0
815719502,human,0.993,human,0.0
815719503,human,0.986,human,0.0
815719504,human,0.744,non_human,1.0
815719505,human,0.786,non_human,1.0
815719506,human,0.77,human,0.0
815719507,human,0.925,human,0.0
815719508,human,0.839,human,0.0
815719509,human,0.916,human,0.0
815719510,human,0.656,human,0.0
815719511,non_human,0.713,human,1.0
815719512,non_human,0.795,non_human,0.0
815719513,human,0.839,human,0.0
815719514,human,0.991,human,0.0
815719515,non_human,0.544,human,1.0
815719517,human,0.927,human,0.0
815719518,human,0.676,human,0.0
815719519,non_human,0.631,human,1.0
815719520,human,0.527,non_human,1.0
815719521,non_human,0.794,non_human,0.0
815719522,non_human,0.83,human,1.0
815719523,human,0.864,human,0.0
815719524,human,0.603,non_human,1.0
815719525,non_human,0.849,human,1.0
815719527,non_human,0.519,non_human,0.0
815719528,non_human,0.687,non_human,0.0
815719529,human,0.977,human,0.0
815719531,human,0.898,human,0.0
815719532,human,0.57,human,0.0
815719533,human,0.948,human,0.0
815719534,non_human,0.505,human,1.0
815719535,human,0.956,human,0.0
815719536,human,0.824,human,0.0
815719537,human,0.903,human,0.0
815719538,human,0.992,human,0.0
815719539,human,0.977,human,0.0
815719541,human,0.788,human,0.0
815719542,human,0.55,human,0.0
815719543,human,0.9,human,0.0
815719544,non_human,0.575,human,1.0
815719545,human,0.925,human,0.0
815719546,human,0.97,human,0.0
815719547,human,0.967,human,0.0
815719548,non_human,0.872,non_human,0.0
815719549,non_human,0.735,non_human,0.0
815719551,human,0.788,human,0.0
815719553,human,0.897,human,0.0
815719554,human,0.518,human,0.0
815719555,human,0.884,human,0.0
815719556,non_human,0.589,non_human,0.0
815719557,human,0.826,non_human,1.0
815719558,human,0.975,human,0.0
815719560,human,0.988,human,0.0
815719561,human,0.809,non_human,1.0
815719562,human,0.738,human,0.0
815719563,human,0.871,human,0.0
815719564,human,0.789,human,0.0
815719565,human,0.653,human,0.0
815719566,human,0.769,human,0.0
815719567,human,0.893,human,0.0
815719568,human,0.744,human,0.0
815719570,human,0.821,human,0.0
815719571,human,0.69,human,0.0
815719572,human,0.976,human,0.0
815719573,human,0.631,non_human,1.0
815719574,human,0.574,human,0.0
815719575,non_human,0.653,human,1.0
815719576,human,0.899,non_human,1.0
815719577,non_human,0.648,non_human,0.0
815719579,human,0.69,human,0.0
815719580,human,0.887,human,0.0
815719581,human,0.976,non_human,1.0
815719582,human,0.705,human,0.0
815719583,human,0.715,human,0.0
815719584,human,0.752,human,0.0
815719585,human,0.518,non_human,1.0
815719587,non_human,0.8,non_human,0.0
815719588,human,0.743,human,0.0
815719589,human,0.955,human,0.0
815719590,human,0.636,non_human,1.0
815719591,human,0.925,non_human,1.0
815719592,human,0.826,human,0.0
815719593,human,0.907,human,0.0
815719594,human,0.956,human,0.0
815719595,human,0.84,human,0.0
815719596,non_human,0.65,human,1.0
815719597,human,0.737,non_human,1.0
815719598,human,0.603,human,0.0
815719599,human,0.921,human,0.0
815719600,human,0.6,non_human,1.0
815719601,human,0.742,human,0.0
815719602,human,0.888,human,0.0
815719603,non_human,0.514,non_human,0.0
815719604,human,0.88,human,0.0
815719605,human,0.71,non_human,1.0
815719607,human,0.962,human,0.0
815719608,non_human,0.711,non_human,0.0
815719609,human,0.591,non_human,1.0
815719610,human,0.985,human,0.0
815719611,human,0.518,non_human,1.0
815719612,human,0.783,human,0.0
815719613,non_human,0.755,non_human,0.0
815719614,human,0.916,human,0.0
815719615,human,0.748,human,0.0
815719617,human,0.822,human,0.0
815719618,human,0.637,human,0.0
815719619,human,0.754,non_human,1.0
815719620,human,0.938,human,0.0
815719621,human,0.84,human,0.0
815719622,human,0.908,human,0.0
815719623,non_human,0.891,human,1.0
815719624,human,0.87,human,0.0
815719625,human,0.651,human,0.0
815719626,non_human,0.83,non_human,0.0
815719627,human,0.841,human,0.0
815719628,human,0.916,human,0.0
815719629,human,0.72,human,0.0
815719630,human,0.877,human,0.0
815719631,human,0.625,human,0.0
815719632,non_human,0.609,human,1.0
815719634,non_human,0.882,human,1.0
815719635,human,0.876,human,0.0
815719636,human,0.707,human,0.0
815719637,human,0.544,non_human,1.0
815719638,human,0.692,human,0.0
815719639,human,0.963,human,0.0
815719640,human,0.899,human,0.0
815719642,non_human,0.734,non_human,0.0
815719643,non_human,0.672,non_human,0.0
815719644,human,0.964,human,0.0
815719645,non_human,0.821,non_human,0.0
815719646,non_human,0.561,human,1.0
815719647,non_human,0.591,non_human,0.0
815719648,non_human,0.589,non_human,0.0
815719649,non_human,0.523,non_human,0.0
815719650,human,0.952,human,0.0
815719651,human,0.761,non_human,1.0
815719652,human,0.663,human,0.0
815719653,human,0.518,non_human,1.0
815719654,non_human,0.551,human,1.0
815719656,human,0.93,human,0.0
815719657,human,0.627,non_human,1.0
815719658,human,0.716,human,0.0
815719659,human,0.725,human,0.0
815719660,non_human,0.848,non_human,0.0
815719662,human,0.717,human,0.0
815719663,human,0.985,human,0.0
815719664,non_human,0.753,non_human,0.0
815719665,human,0.589,non_human,1.0
815719666,non_human,0.536,non_human,0.0
815719667,non_human,0.792,human,1.0
815719668,human,0.798,human,0.0
815719669,human,0.969,human,0.0
815719670,human,0.8,human,0.0
815719671,human,0.836,human,0.0
815719672,human,0.991,human,0.0
815719673,non_human,0.821,non_human,0.0
815719674,human,0.973,human,0.0
815719675,non_human,0.805,non_human,0.0
815719676,human,0.982,human,0.0
815719677,human,0.949,human,0.0
815719678,human,0.972,human,0.0
815719679,human,0.904,human,0.0
815719680,human,0.699,human,0.0
815719683,human,0.673,non_human,1.0
815719684,non_human,0.504,non_human,0.0
815719685,human,0.851,non_human,1.0
815719686,human,0.767,non_human,1.0
815719687,human,0.589,non_human,1.0
815719688,human,0.972,human,0.0
815719689,human,0.793,human,0.0
815719690,non_human,0.824,non_human,0.0
815719691,non_human,0.675,non_human,0.0
815719692,non_human,0.602,non_human,0.0
815719693,human,0.922,non_human,1.0
815719694,non_human,0.627,non_human,0.0
815719695,human,0.92,human,0.0
815719696,human,0.689,human,0.0
815719697,non_human,0.858,non_human,0.0
815719698,human,0.923,human,0.0
815719699,human,0.969,non_human,1.0
815719700,human,0.836,non_human,1.0
815719701,human,0.962,human,0.0
815719702,human,0.818,non_human,1.0
815719704,non_human,0.715,non_human,0.0
815719705,non_human,0.602,human,1.0
815719706,non_human,0.688,non_human,0.0
815719708,human,0.928,human,0.0
815719709,human,0.579,non_human,1.0
815719711,non_human,0.59,non_human,0.0
815719712,human,0.553,human,0.0
815719713,human,0.885,non_human,1.0
815719714,human,0.789,non_human,1.0
815719715,human,0.893,human,0.0
815719716,human,0.538,human,0.0
815719719,human,0.991,human,0.0
815719720,non_human,0.702,non_human,0.0
815719721,human,0.985,human,0.0
815719722,human,0.833,non_human,1.0
815719724,human,0.798,human,0.0
815719725,human,0.98,human,0.0
815719726,human,0.984,human,0.0
815719728,human,0.911,human,0.0
815719729,human,0.943,human,0.0
815719730,human,0.88,human,0.0
815719731,human,0.896,human,0.0
815719732,human,0.961,human,0.0
815719734,human,0.912,human,0.0
815719735,human,0.944,human,0.0
815719736,human,0.957,human,0.0
815719737,human,0.734,human,0.0
815719738,human,0.753,human,0.0
815719739,human,0.793,human,0.0
815719740,non_human,0.769,non_human,0.0
815719741,non_human,0.584,non_human,0.0
815719742,human,0.906,human,0.0
815719743,human,0.904,human,0.0
815719744,non_human,0.533,non_human,0.0
815719745,human,0.9,human,0.0
815719746,human,0.773,human,0.0
815719748,human,0.833,human,0.0
815719749,human,0.614,human,0.0
815719750,human,0.949,human,0.0
815719751,human,0.727,non_human,1.0
815719752,human,0.886,human,0.0
815719754,human,0.974,human,0.0
815719755,non_human,0.641,non_human,0.0
815719756,non_human,0.841,non_human,0.0
815719757,human,0.945,human,0.0
815719758,human,0.51,non_human,1.0
815719759,human,0.916,human,0.0
815719760,non_human,0.697,human,1.0
815719761,human,0.997,human,0.0
815719764,human,0.679,non_human,1.0
815719765,human,0.927,human,0.0
815719766,human,0.889,human,0.0
815719769,human,0.731,human,0.0
815719770,human,0.774,non_human,1.0
815719771,human,0.945,human,0.0
815719773,human,0.748,human,0.0
815719774,human,0.93,human,0.0
815719775,human,0.783,human,0.0
815719776,human,0.939,non_human,1.0
815719777,human,0.527,non_human,1.0
815719778,non_human,0.676,non_human,0.0
815719779,human,0.669,non_human,1.0
815719780,human,0.989,human,0.0
815719781,human,0.944,human,0.0
815719782,human,0.817,human,0.0
815719783,human,0.96,human,0.0
815719784,human,0.742,human,0.0
815719785,non_human,0.539,human,1.0
815719786,non_human,0.628,human,1.0
815719787,human,0.956,human,0.0
815719788,human,0.941,human,0.0
815719790,human,0.958,human,0.0
815719791,human,0.922,human,0.0
815719792,human,0.966,human,0.0
815719793,human,0.837,human,0.0
815719794,human,0.823,non_human,1.0
815719795,human,0.956,human,0.0
815719796,human,0.797,human,0.0
815719797,human,0.539,non_human,1.0
815719798,non_human,0.615,non_human,0.0
815719800,human,0.857,non_human,1.0
815719802,non_human,0.745,non_human,0.0
815719803,human,0.91,human,0.0
815719804,human,0.904,human,0.0
815719805,human,0.818,non_human,1.0
815719806,non_human,0.53,human,1.0
815719807,non_human,0.736,non_human,0.0
815719808,non_human,0.64,non_human,0.0
815719809,human,0.921,human,0.0
815719812,human,0.634,human,0.0
815719814,non_human,0.577,non_human,0.0
815719816,human,0.749,human,0.0
815719817,human,0.777,non_human,1.0
815719818,human,0.783,non_human,1.0
815719819,human,0.745,human,0.0
815719820,human,0.706,non_human,1.0
815719821,human,0.926,human,0.0
815719822,human,0.986,human,0.0
815719823,human,0.663,human,0.0
815719824,human,0.879,human,0.0
815719826,human,0.953,human,0.0
815719827,human,0.97,human,0.0
815719829,human,0.745,human,0.0
815719830,human,0.608,non_human,1.0
815719831,human,0.783,non_human,1.0
815719832,human,0.881,non_human,1.0
815719833,human,0.877,human,0.0
815719834,human,0.935,human,0.0
815719835,human,0.85,human,0.0
815719836,human,0.507,non_human,1.0
815719837,human,0.89,human,0.0
815719839,human,0.82,human,0.0
815719840,human,0.932,human,0.0
815719841,human,0.634,human,0.0
815719843,human,0.836,human,0.0
815719844,non_human,0.559,human,1.0
815719845,human,0.557,non_human,1.0
815719846,human,0.96,human,0.0
815719847,non_human,0.54,human,1.0
815719848,human,0.976,human,0.0
815719849,human,0.892,human,0.0
815719851,human,0.967,human,0.0
815719852,human,0.99,human,0.0
815719853,human,0.944,human,0.0
815719854,human,0.992,human,0.0
815719855,human,0.658,human,0.0
815719856,non_human,0.567,non_human,0.0
815719857,non_human,0.851,non_human,0.0
815719858,human,0.946,human,0.0
815719860,human,0.785,human,0.0
815719862,human,0.551,non_human,1.0
815719863,human,0.789,non_human,1.0
815719864,human,0.961,human,0.0
815719865,human,0.803,human,0.0
815719866,human,0.946,human,0.0
815719867,human,0.968,human,0.0
815719869,human,0.731,human,0.0
815719870,human,0.902,human,0.0
815719871,human,0.517,non_human,1.0
815719872,human,0.994,human,0.0
815719873,human,0.606,human,0.0
815719874,human,0.67,human,0.0
815719875,human,0.947,human,0.0
815719876,human,0.934,human,0.0
815719877,non_human,0.503,non_human,0.0
815719878,human,0.721,human,0.0
815719879,human,0.992,human,0.0
815719880,human,0.508,human,0.0
815719881,human,0.57,human,0.0
815719882,human,0.891,human,0.0
815719883,non_human,0.603,human,1.0
815719884,human,0.957,human,0.0
815719885,human,0.9,human,0.0
815719886,human,0.693,human,0.0
815719888,non_human,0.684,non_human,0.0
815719889,human,0.747,human,0.0
815719890,human,0.655,human,0.0
815719891,human,0.921,human,0.0
815719892,human,0.979,human,0.0
815719893,human,0.939,human,0.0
815719894,non_human,0.65,non_human,0.0
815719895,non_human,0.583,human,1.0
815719896,non_human,0.629,human,1.0
815719897,human,0.793,human,0.0
815719899,human,0.915,human,0.0
815719900,non_human,0.61,human,1.0
815719901,non_human,0.586,human,1.0
815719902,non_human,0.501,human,1.0
815719903,human,0.906,human,0.0
815719904,non_human,0.516,human,1.0
815719906,human,0.964,non_human,1.0
815719907,human,0.825,non_human,1.0
815719909,human,0.858,human,0.0
815719911,human,0.825,non_human,1.0
815719912,human,0.762,human,0.0
815719913,human,0.827,human,0.0
815719914,human,0.869,human,0.0
815719916,human,0.718,human,0.0
815719918,non_human,0.565,non_human,0.0
815719919,non_human,0.63,human,1.0
815719920,non_human,0.802,non_human,0.0
815719921,human,0.911,human,0.0
815719922,human,0.811,human,0.0
815719923,human,0.845,human,0.0
815719924,human,0.898,human,0.0
815719925,human,0.696,non_human,1.0
815719926,human,0.781,human,0.0
815719927,human,0.908,human,0.0
815719929,human,0.889,non_human,1.0
815719930,human,0.774,non_human,1.0
815719931,human,0.98,human,0.0
815719932,human,0.906,human,0.0
815719933,human,0.973,human,0.0
815719934,non_human,0.901,non_human,0.0
815719935,human,0.936,human,0.0
815719936,human,0.884,human,0.0
815719937,human,0.79,non_human,1.0
815719938,human,0.859,human,0.0
815719939,human,0.512,human,0.0
815719940,human,0.694,non_human,1.0
815719941,human,0.961,human,0.0
815719943,human,0.984,human,0.0
815719944,human,0.832,human,0.0
815719945,human,0.919,human,0.0
815719946,human,0.588,non_human,1.0
815719947,non_human,0.597,non_human,0.0
815719948,human,0.958,human,0.0
815719949,human,0.925,non_human,1.0
815719950,human,0.992,human,0.0
815719951,non_human,0.579,human,1.0
815719952,human,0.969,human,0.0
815719953,non_human,0.73,human,1.0
815719954,human,0.57,human,0.0
815719955,human,0.836,human,0.0
815719957,human,0.919,human,0.0
815719958,human,0.698,human,0.0
815719959,human,0.913,human,0.0
815719960,human,0.988,human,0.0
815719961,human,0.798,human,0.0
815719962,human,0.932,human,0.0
815719963,human,0.916,human,0.0
815719965,non_human,0.841,non_human,0.0
815719966,human,0.537,non_human,1.0
815719967,human,0.754,human,0.0
815719968,human,0.933,human,0.0
815719969,non_human,0.744,human,1.0
815719970,non_human,0.574,non_human,0.0
815719971,human,0.768,human,0.0
815719972,human,0.743,human,0.0
815719973,human,0.534,human,0.0
815719975,human,0.634,human,0.0
815719976,human,0.523,human,0.0
815719977,human,0.883,human,0.0
815719979,human,0.929,human,0.0
815719980,non_human,0.818,non_human,0.0
815719981,human,0.873,human,0.0
815719982,human,0.511,non_human,1.0
815719983,human,0.919,human,0.0
815719984,human,0.972,human,0.0
815719985,human,0.79,human,0.0
815719986,human,0.967,human,0.0
815719987,human,0.868,human,0.0
815719988,human,0.925,human,0.0
815719989,human,0.95,human,0.0
815719990,human,0.991,human,0.0
815719991,human,0.874,non_human,1.0
815719992,human,0.856,non_human,1.0
815719994,human,0.576,human,0.0
815719995,human,0.969,human,0.0
815719996,human,0.743,human,0.0
815719997,human,0.853,non_human,1.0
815719999,human,0.962,human,0.0
815720000,human,0.76,human,0.0
815720001,human,0.955,human,0.0
815720002,human,0.899,human,0.0
815720003,human,0.934,non_human,1.0
815720005,non_human,0.555,non_human,0.0
815720006,human,0.895,human,0.0
815720007,non_human,0.696,human,1.0
815720008,human,0.989,human,0.0
815720009,human,0.51,human,0.0
815720010,human,0.682,human,0.0
815720011,non_human,0.74,human,1.0
815720012,human,0.936,human,0.0
815720013,human,0.955,human,0.0
815720014,human,0.726,non_human,1.0
815720015,human,0.906,human,0.0
815720016,human,0.902,human,0.0
815720017,human,0.899,human,0.0
815720018,human,0.944,human,0.0
815720019,human,0.846,human,0.0
815720020,human,0.947,human,0.0
815720021,non_human,0.685,non_human,0.0
815720022,human,0.879,human,0.0
815720023,human,0.993,human,0.0
815720024,human,0.711,human,0.0
815720025,non_human,0.629,non_human,0.0
815720026,human,0.681,human,0.0
815720027,human,0.923,human,0.0
815720028,human,0.887,human,0.0
815720029,human,0.968,human,0.0
815720030,human,0.881,human,0.0
815720031,human,0.985,human,0.0
815720032,human,0.901,human,0.0
815720033,non_human,0.822,human,1.0
815720034,human,0.556,non_human,1.0
815720035,human,0.957,human,0.0
815720036,human,0.984,human,0.0
815720037,human,0.81,human,0.0
815720038,human,0.897,human,0.0
815720039,human,0.82,human,0.0
815720040,human,0.549,non_human,1.0
815720041,human,0.966,non_human,1.0
815720042,human,0.905,human,0.0
815720043,human,0.614,human,0.0
815720044,human,0.814,human,0.0
815720045,human,0.526,non_human,1.0
815720046,human,0.837,non_human,1.0
815720047,non_human,0.806,non_human,0.0
815720048,human,0.688,human,0.0
815720049,human,0.86,human,0.0
815720050,human,0.756,human,0.0
815720051,human,0.591,human,0.0
815720052,non_human,0.565,non_human,0.0
815720053,human,0.965,non_human,1.0
815720054,non_human,0.62,non_human,0.0
815720055,human,0.829,human,0.0
815720056,human,0.873,human,0.0
815720057,non_human,0.508,human,1.0
815720058,human,0.919,human,0.0
815720059,human,0.952,human,0.0
815720060,human,0.713,human,0.0
815720061,human,0.961,human,0.0
815720063,non_human,0.558,human,1.0
815720064,human,0.72,human,0.0
815720065,human,0.936,human,0.0
815720066,human,0.964,human,0.0
815720067,human,0.89,non_human,1.0
815720068,human,0.786,non_human,1.0
815720069,non_human,0.784,non_human,0.0
815720070,human,0.616,non_human,1.0
815720071,human,0.77,human,0.0
815720072,human,0.646,non_human,1.0
815720073,human,0.851,human,0.0
815720074,human,0.825,human,0.0
815720076,human,0.973,human,0.0
815720077,human,0.889,human,0.0
815720078,non_human,0.695,non_human,0.0
815720079,human,0.981,human,0.0
815720080,human,0.585,human,0.0
815720081,human,0.966,human,0.0
815720082,non_human,0.544,human,1.0
815720083,human,0.807,non_human,1.0
815720084,human,0.712,non_human,1.0
815720085,human,0.889,human,0.0
815720086,non_human,0.592,non_human,0.0
815720087,non_human,0.543,non_human,0.0
815720088,human,0.835,non_human,1.0
815720089,non_human,0.635,non_human,0.0
815720090,human,0.939,human,0.0
815720091,human,0.982,human,0.0
815720092,human,0.95,human,0.0
815720093,human,0.909,human,0.0
815720094,human,0.887,human,0.0
815720095,human,0.952,human,0.0
815720096,human,0.823,human,0.0
815720097,human,0.929,human,0.0
815720098,human,0.959,human,0.0
815720099,human,0.733,human,0.0
815720100,human,0.648,human,0.0
815720101,human,0.811,human,0.0
815720102,human,0.694,human,0.0
815720103,human,0.887,human,0.0
815720104,human,0.737,non_human,1.0
815720105,human,0.99,human,0.0
815720106,human,0.952,human,0.0
815720107,human,0.891,non_human,1.0
815720108,human,0.994,human,0.0
815720110,human,0.992,human,0.0
815720111,human,0.955,human,0.0
815720112,human,0.734,human,0.0
815720113,human,0.745,human,0.0
815720114,human,0.642,non_human,1.0
815720115,human,0.536,non_human,1.0
815720116,human,0.87,human,0.0
815720118,human,0.748,human,0.0
815720119,human,0.877,human,0.0
815720120,non_human,0.715,non_human,0.0
815720121,non_human,0.695,non_human,0.0
815720122,human,0.818,human,0.0
815720123,non_human,0.547,human,1.0
815720124,human,0.913,human,0.0
815720125,human,0.918,human,0.0
815720126,human,0.963,human,0.0
815720127,human,0.911,human,0.0
815720128,human,0.958,human,0.0
815720131,human,0.758,non_human,1.0
815720132,human,0.826,human,0.0
815720133,human,0.997,human,0.0
815720134,human,0.956,human,0.0
815720135,non_human,0.546,human,1.0
815720136,human,0.957,human,0.0
815720137,human,0.748,human,0.0
815720138,human,0.736,human,0.0
815720139,human,0.705,human,0.0
815720140,human,0.97,human,0.0
815720141,human,0.636,non_human,1.0
815720142,human,0.528,human,0.0
815720143,human,0.992,human,0.0
815720144,human,0.934,human,0.0
815720145,non_human,0.612,non_human,0.0
815720146,human,0.966,human,0.0
815720147,human,0.953,human,0.0
815720148,human,0.835,human,0.0
815720149,non_human,0.873,human,1.0
815720150,human,0.811,human,0.0
815720151,human,0.783,human,0.0
815720153,human,0.869,human,0.0
815720154,human,0.876,non_human,1.0
815720155,human,0.962,human,0.0
815720156,human,0.682,non_human,1.0
815720158,non_human,0.756,human,1.0
815720159,non_human,0.618,human,1.0
815720160,human,0.997,human,0.0
815720161,human,0.746,human,0.0
815720162,human,0.853,human,0.0
815720163,human,0.912,human,0.0
815720164,human,0.568,human,0.0
815720165,human,0.876,human,0.0
815720167,human,0.62,human,0.0
815720168,human,0.82,human,0.0
815720169,non_human,0.918,human,1.0
815720170,human,0.578,human,0.0
815720171,non_human,0.512,human,1.0
815720172,non_human,0.675,non_human,0.0
815720173,human,0.624,human,0.0
815720174,human,0.895,human,0.0
815720175,human,0.991,human,0.0
815720176,non_human,0.509,non_human,0.0
815720177,human,0.832,non_human,1.0
815720178,human,0.828,non_human,1.0
815720179,human,0.987,human,0.0
815720180,human,0.984,human,0.0
815720181,human,0.975,human,0.0
815720182,human,0.744,human,0.0
815720183,human,0.819,human,0.0
815720185,non_human,0.811,non_human,0.0
815720186,human,0.97,human,0.0
815720187,non_human,0.72,human,1.0
815720188,human,0.905,human,0.0
815720189,human,0.669,human,0.0
815720190,human,0.95,human,0.0
815720192,human,0.509,non_human,1.0
815720193,human,0.667,non_human,1.0
815720194,non_human,0.859,non_human,0.0
815720195,human,0.988,human,0.0
815720196,non_human,0.673,human,1.0
815720197,non_human,0.785,non_human,0.0
815720198,human,0.847,human,0.0
815720199,human,0.622,non_human,1.0
815720200,human,0.981,human,0.0
815720201,non_human,0.661,non_human,0.0
815720202,human,0.886,human,0.0
815720203,human,0.995,human,0.0
815720204,human,0.811,human,0.0
815720205,non_human,0.612,non_human,0.0
815720206,human,0.939,non_human,1.0
815720207,human,0.659,human,0.0
815720208,human,0.738,non_human,1.0
815720209,human,0.658,non_human,1.0
815720210,human,0.951,human,0.0
815720212,human,0.719,human,0.0
815720213,human,0.507,non_human,1.0
815720214,human,0.602,human,0.0
815720215,human,0.762,human,0.0
815720216,human,0.984,human,0.0
815720217,human,0.875,non_human,1.0
815720218,human,0.761,human,0.0
815720219,human,0.924,human,0.0
815720220,human,0.912,human,0.0
815720221,human,0.618,human,0.0
815720222,human,0.857,human,0.0
815720223,non_human,0.689,human,1.0
815720224,human,0.893,human,0.0
815720225,human,0.776,human,0.0
815720227,human,0.916,non_human,1.0
815720228,human,0.916,non_human,1.0
815720229,human,0.863,non_human,1.0
815720230,human,0.923,human,0.0
815720234,non_human,0.671,non_human,0.0
815720235,human,0.974,human,0.0
815720236,human,0.91,human,0.0
815720237,human,0.943,human,0.0
815720238,non_human,0.581,human,1.0
815720239,human,0.937,non_human,1.0
815720240,human,0.979,human,0.0
815720241,human,0.937,non_human,1.0
815720242,human,0.954,human,0.0
815720243,human,0.982,human,0.0
815720244,human,0.989,human,0.0
815720245,non_human,0.801,non_human,0.0
815720246,human,0.924,human,0.0
815720247,human,0.931,human,0.0
815720248,human,0.721,human,0.0
815720249,human,0.787,human,0.0
815720250,human,0.89,human,0.0
815720251,human,0.913,human,0.0
815720252,human,0.686,human,0.0
815720253,non_human,0.73,non_human,0.0
815720254,human,0.822,human,0.0
815720255,human,0.813,human,0.0
815720256,human,0.86,human,0.0
815720257,human,0.847,human,0.0
815720258,human,0.522,human,0.0
815720259,human,0.955,human,0.0
815720260,non_human,0.633,non_human,0.0
815720261,human,0.992,human,0.0
815720262,human,0.965,human,0.0
815720263,non_human,0.52,non_human,0.0
815720264,non_human,0.692,human,1.0
815720265,human,0.859,non_human,1.0
815720266,human,0.65,non_human,1.0
815720267,human,0.852,human,0.0
815720268,human,0.858,human,0.0
815720269,human,0.594,non_human,1.0
815720270,human,0.888,human,0.0
815720271,human,0.817,non_human,1.0
815720272,human,0.864,human,0.0
815720273,human,0.997,human,0.0
815720274,human,0.535,human,0.0
815720276,human,0.555,non_human,1.0
815720278,human,0.971,non_human,1.0
815720279,human,0.681,human,0.0
815720280,non_human,0.652,non_human,0.0
815720281,human,0.817,human,0.0
815720282,human,0.971,human,0.0
815720283,human,0.972,human,0.0
815720284,human,0.879,non_human,1.0
815720285,human,0.633,human,0.0
815720287,human,0.945,human,0.0
815720288,human,0.962,human,0.0
815720289,non_human,0.903,non_human,0.0
815720290,human,0.555,human,0.0
815720291,human,0.691,human,0.0
815720293,human,0.948,human,0.0
815720294,human,0.9,human,0.0
815720296,human,0.963,human,0.0
815720297,human,0.957,human,0.0
815720298,non_human,0.866,human,1.0
815720299,non_human,0.623,non_human,0.0
815720300,human,0.762,non_human,1.0
815720301,human,0.791,non_human,1.0
815720303,human,0.958,human,0.0
815720304,human,0.518,non_human,1.0
815720305,human,0.753,human,0.0
815720307,human,0.967,human,0.0
815720308,human,0.922,human,0.0
815720309,human,0.889,human,0.0
815720310,human,0.836,human,0.0
815720311,human,0.908,human,0.0
815720312,non_human,0.6,non_human,0.0
815720313,human,0.784,human,0.0
815720314,human,0.668,human,0.0
815720315,non_human,0.556,non_human,0.0
815720316,human,0.958,human,0.0
815720317,human,0.507,human,0.0
815720319,human,0.915,human,0.0
815720320,human,0.617,human,0.0
815720321,human,0.85,non_human,1.0
815720322,human,0.942,human,0.0
815720323,non_human,0.679,human,1.0
815720324,human,0.787,human,0.0
815720325,human,0.926,human,0.0
815720326,human,0.857,human,0.0
815720327,human,0.961,human,0.0
815720328,human,0.914,human,0.0
815720329,human,0.797,human,0.0
815720330,human,0.871,human,0.0
815720331,human,0.934,human,0.0
815720332,human,0.915,human,0.0
815720335,human,0.949,human,0.0
815720336,human,0.983,human,0.0
815720338,human,0.516,human,0.0
815720339,human,0.988,human,0.0
815720340,human,0.942,non_human,1.0
815720342,human,0.877,human,0.0
815720343,human,0.566,human,0.0
815720344,human,0.872,human,0.0
815720345,human,0.797,non_human,1.0
815720346,human,0.893,non_human,1.0
815720347,human,0.825,non_human,1.0
815720348,human,0.915,human,0.0
815720349,human,0.548,human,0.0
815720350,human,0.64,human,0.0
815720351,human,0.716,non_human,1.0
815720353,non_human,0.734,non_human,0.0
815720354,human,0.891,human,0.0
815720356,human,0.677,human,0.0
815720357,non_human,0.559,non_human,0.0
815720358,human,0.895,human,0.0
815720359,human,0.938,human,0.0
815720360,human,0.599,non_human,1.0
815720361,non_human,0.501,non_human,0.0
815720362,human,0.829,non_human,1.0
815720363,human,0.571,human,0.0
815720365,non_human,0.732,non_human,0.0
815720366,human,0.81,human,0.0
815720367,human,0.975,human,0.0
815720368,human,0.762,non_human,1.0
815720369,human,0.612,non_human,1.0
815720370,human,0.984,human,0.0
815720371,non_human,0.639,non_human,0.0
815720372,human,0.873,human,0.0
815720373,human,0.744,non_human,1.0
815720374,human,0.835,non_human,1.0
815720375,human,0.949,human,0.0
815720376,human,0.971,human,0.0
815720377,human,0.651,non_human,1.0
815720378,non_human,0.609,human,1.0
815720379,human,0.908,human,0.0
815720380,human,0.505,non_human,1.0
815720381,human,0.668,non_human,1.0
815720382,human,0.94,human,0.0
815720383,human,0.753,non_human,1.0
815720384,human,0.824,human,0.0
815720385,human,0.981,human,0.0
815720386,human,0.922,human,0.0
815720387,human,0.516,non_human,1.0
815720388,human,0.912,human,0.0
815720389,non_human,0.672,non_human,0.0
815720390,human,0.939,human,0.0
815720392,human,0.97,human,0.0
815720393,human,0.876,human,0.0
815720394,human,0.973,human,0.0
815720396,non_human,0.752,non_human,0.0
815720397,human,0.756,human,0.0
815720398,human,0.909,human,0.0
815720399,human,0.642,human,0.0
815720401,human,0.993,human,0.0
815720402,human,0.751,human,0.0
815720404,human,0.847,non_human,1.0
815720405,human,0.83,non_human,1.0
815720406,human,0.888,human,0.0
815720407,human,0.828,human,0.0
815720408,human,0.708,human,0.0
815720409,human,0.571,non_human,1.0
815720410,human,0.937,human,0.0
815720411,human,0.92,human,0.0
815720412,human,0.589,human,0.0
815720413,human,0.909,human,0.0
815720415,human,0.766,human,0.0
815720416,human,0.799,human,0.0
815720417,human,0.802,human,0.0
815720418,human,0.823,human,0.0
815720420,human,0.952,human,0.0
815720421,human,0.586,human,0.0
815720422,human,0.813,human,0.0
815720423,non_human,0.539,human,1.0
815720424,human,0.928,human,0.0
815720425,human,0.776,human,0.0
815720426,human,0.9,human,0.0
815720429,non_human,0.716,non_human,0.0
815720430,non_human,0.636,non_human,0.0
815720431,human,0.833,human,0.0
815720432,human,0.898,human,0.0
815720433,human,0.879,human,0.0
815720434,human,0.765,human,0.0
815720436,human,0.96,human,0.0
815720437,human,0.937,human,0.0
815720438,human,0.707,human,0.0
815720439,human,0.691,human,0.0
815720441,human,0.845,human,0.0
815720442,human,0.953,human,0.0
815720443,human,0.881,non_human,1.0
815720444,human,0.812,human,0.0
815720445,human,0.8,non_human,1.0
815720446,human,0.624,non_human,1.0
815720447,human,0.916,human,0.0
815720448,human,0.995,human,0.0
815720450,human,0.804,non_human,1.0
815720451,human,0.721,non_human,1.0
815720452,human,0.535,human,0.0
815720453,human,0.797,human,0.0
815720454,human,0.657,non_human,1.0
815720455,human,0.758,human,0.0
815720456,human,0.934,human,0.0
815720458,human,0.792,human,0.0
815720459,human,0.855,human,0.0
815720460,human,0.546,human,0.0
815720461,human,0.942,human,0.0
815720462,non_human,0.82,non_human,0.0
815720463,human,0.904,human,0.0
815720464,human,0.526,non_human,1.0
815720465,human,0.536,non_human,1.0
815720466,human,0.88,human,0.0
815720467,non_human,0.596,non_human,0.0
815720468,human,0.981,human,0.0
815720469,human,0.917,human,0.0
815720470,human,0.729,human,0.0
815720472,human,0.62,human,0.0
815720473,human,0.937,human,0.0
815720474,non_human,0.685,non_human,0.0
815720475,human,0.888,human,0.0
815720476,human,0.948,human,0.0
815720477,human,0.508,human,0.0
815720478,non_human,0.66,human,1.0
815720479,non_human,0.849,human,1.0
815720480,human,0.967,human,0.0
815720481,human,0.92,non_human,1.0
815720482,human,0.83,non_human,1.0
815720483,human,0.748,human,0.0
815720484,human,0.929,human,0.0
815720486,human,0.905,non_human,1.0
815720487,human,0.778,human,0.0
815720488,human,0.896,human,0.0
815720489,human,0.982,human,0.0
815720490,non_human,0.533,human,1.0
815720491,non_human,0.589,human,1.0
815720492,human,0.923,human,0.0
815720493,human,0.991,human,0.0
815720494,human,0.69,non_human,1.0
815720495,human,0.985,human,0.0
815720496,human,0.66,human,0.0
815720497,human,0.688,non_human,1.0
815720498,human,0.835,human,0.0
815720499,human,0.87,human,0.0
815720500,human,0.872,human,0.0
815720501,human,0.984,human,0.0
815720503,non_human,0.583,human,1.0
815720504,human,0.772,non_human,1.0
815720505,human,0.969,human,0.0
815720506,human,0.889,human,0.0
815720507,human,0.998,human,0.0
815720508,human,0.915,non_human,1.0
815720509,human,0.897,human,0.0
815720510,non_human,0.911,non_human,0.0
815720511,human,0.838,human,0.0
815720512,non_human,0.816,non_human,0.0
815720513,non_human,0.645,human,1.0
815720514,human,0.991,human,0.0
815720515,human,0.944,human,0.0
815720516,human,0.814,human,0.0
815720517,non_human,0.639,human,1.0
815720518,human,0.795,human,0.0
815720519,human,0.749,human,0.0
815720520,human,0.914,human,0.0
815720521,human,0.977,human,0.0
815720522,human,0.914,human,0.0
815720523,non_human,0.557,human,1.0
815720524,human,0.768,human,0.0
815720525,human,0.896,non_human,1.0
815720526,human,0.847,human,0.0
815720527,human,0.815,human,0.0
815720528,non_human,0.607,non_human,0.0
815720529,human,0.601,non_human,1.0
815720530,human,0.97,human,0.0
815720531,human,0.798,human,0.0
815720532,human,0.95,human,0.0
815720533,human,0.785,human,0.0
815720534,human,0.821,human,0.0
815720535,human,0.753,human,0.0
815720536,human,0.887,human,0.0
815720537,non_human,0.722,non_human,0.0
815720539,human,0.798,human,0.0
815720540,human,0.509,human,0.0
815720542,human,0.975,human,0.0
815720543,human,0.867,human,0.0
815720544,human,0.84,human,0.0
815720545,human,0.976,human,0.0
815720546,human,0.982,human,0.0
815720547,human,0.876,human,0.0
815720548,human,0.859,non_human,1.0
815720549,non_human,0.607,non_human,0.0
815720551,non_human,0.691,non_human,0.0
815720552,human,0.572,human,0.0
815720553,human,0.976,human,0.0
815720554,human,0.967,human,0.0
815720555,non_human,0.835,non_human,0.0
815720556,human,0.777,non_human,1.0
815720557,human,0.811,human,0.0
815720558,human,0.993,human,0.0
815720559,human,0.956,human,0.0
815720560,human,0.657,non_human,1.0
815720561,human,0.523,human,0.0
815720562,human,0.988,human,0.0
815720563,human,0.95,human,0.0
815720564,human,0.621,human,0.0
815720566,human,0.861,human,0.0
815720567,non_human,0.711,human,1.0
815720568,human,0.775,human,0.0
815720569,human,0.804,human,0.0
815720570,non_human,0.619,non_human,0.0
815720571,non_human,0.659,non_human,0.0
815720572,non_human,0.787,human,1.0
815720573,human,0.946,human,0.0
815720574,human,0.868,human,0.0
815720575,human,0.893,human,0.0
815720577,human,0.85,human,0.0
815720578,human,0.853,human,0.0
815720580,human,0.723,human,0.0
815720581,human,0.92,human,0.0
815720583,human,0.874,human,0.0
815720584,human,0.897,human,0.0
815720585,non_human,0.595,human,1.0
815720586,non_human,0.684,non_human,0.0
815720587,human,0.864,human,0.0
815720588,human,0.929,non_human,1.0
815720589,human,0.918,human,0.0
815720590,non_human,0.628,human,1.0
815720591,human,0.935,human,0.0
815720592,human,0.856,human,0.0
815720593,human,0.98,human,0.0
815720594,human,0.996,human,0.0
815720595,non_human,0.684,human,1.0
815720596,human,0.905,human,0.0
815720597,human,0.9,human,0.0
815720599,human,0.823,non_human,1.0
815720600,non_human,0.882,human,1.0
815720601,human,0.924,human,0.0
815720602,non_human,0.505,non_human,0.0
815720603,human,0.997,human,0.0
815720605,non_human,0.602,non_human,0.0
815720606,non_human,0.642,non_human,0.0
815720607,human,0.704,human,0.0
815720608,human,0.984,human,0.0
815720609,human,0.974,human,0.0
815720610,non_human,0.591,human,1.0
815720611,human,0.893,human,0.0
815720612,human,0.513,human,0.0
815720613,human,0.97,human,0.0
815720614,non_human,0.511,non_human,0.0
815720615,human,0.769,human,0.0
815720616,human,0.752,human,0.0
815720617,non_human,0.568,non_human,0.0
815720618,human,0.91,human,0.0
815720619,human,0.652,non_human,1.0
815720620,non_human,0.784,non_human,0.0
815720621,human,0.984,human,0.0
815720623,non_human,0.732,non_human,0.0
815720625,human,0.874,human,0.0
815720626,human,0.612,non_human,1.0
815720627,human,0.763,human,0.0
815720628,human,0.965,human,0.0
815720629,human,0.675,human,0.0
815720630,human,0.957,human,0.0
815720631,human,0.828,human,0.0
815720632,human,0.713,human,0.0
815720633,human,0.627,non_human,1.0
815720634,human,0.921,human,0.0
815720637,human,0.952,human,0.0
815720638,human,0.928,human,0.0
815720640,human,0.996,human,0.0
815720641,non_human,0.513,human,1.0
815720642,human,0.882,human,0.0
815720643,human,0.553,non_human,1.0
815720644,human,0.762,human,0.0
815720645,human,0.937,human,0.0
815720646,human,0.723,human,0.0
815720647,human,0.905,human,0.0
815720648,human,0.797,human,0.0
815720650,human,0.993,human,0.0
815720652,human,0.972,human,0.0
815720653,human,0.884,human,0.0
815720654,non_human,0.507,non_human,0.0
815720655,human,0.611,non_human,1.0
815720656,human,0.947,human,0.0
815720657,human,0.913,human,0.0
815720658,non_human,0.802,human,1.0
815720659,human,0.985,human,0.0
815720660,human,0.918,human,0.0
815720661,human,0.655,human,0.0
815720662,non_human,0.526,human,1.0
815720663,human,0.829,human,0.0
815720664,human,0.875,human,0.0
815720665,human,0.579,human,0.0
815720666,human,0.978,human,0.0
815720667,human,0.778,human,0.0
815720668,human,0.877,human,0.0
815720669,human,0.634,human,0.0
815720670,human,0.965,human,0.0
815720671,human,0.953,human,0.0
815720672,non_human,0.573,non_human,0.0
815720673,human,0.802,human,0.0
815720675,human,0.985,human,0.0
815720676,non_human,0.632,non_human,0.0
815720677,human,0.95,human,0.0
815720679,human,0.735,human,0.0
815720680,human,0.688,human,0.0
815720681,human,0.538,human,0.0
815720684,human,0.919,human,0.0
815720685,human,0.698,human,0.0
815720686,human,0.779,human,0.0
815720688,human,0.951,human,0.0
815720689,human,0.673,human,0.0
815720690,human,0.904,human,0.0
815720692,human,0.946,human,0.0
815720693,human,0.857,human,0.0
815720694,human,0.925,human,0.0
815720695,human,0.706,non_human,1.0
815720696,non_human,0.867,human,1.0
815720697,human,0.881,human,0.0
815720698,non_human,0.571,human,1.0
815720699,human,0.866,non_human,1.0
815720700,human,0.633,non_human,1.0
815720701,human,0.907,non_human,1.0
815720702,human,0.952,human,0.0
815720703,human,0.952,human,0.0
815720704,human,0.974,human,0.0
815720705,human,0.89,human,0.0
815720706,human,0.602,non_human,1.0
815720708,human,0.889,human,0.0
815720709,human,0.832,human,0.0
815720710,non_human,0.62,non_human,0.0
815720711,human,0.951,human,0.0
815720712,human,0.924,non_human,1.0
815720713,human,0.933,human,0.0
815720714,non_human,0.513,non_human,0.0
815720715,human,0.974,human,0.0
815720716,human,0.569,non_human,1.0
815720717,non_human,0.674,non_human,0.0
815720718,non_human,0.771,non_human,0.0
815720719,human,0.864,human,0.0
815720720,human,0.89,human,0.0
815720721,human,0.674,non_human,1.0
815720722,human,0.572,non_human,1.0
815720724,human,0.506,human,0.0
815720725,human,0.853,non_human,1.0
815720726,non_human,0.758,non_human,0.0
815720727,human,0.859,human,0.0
815720728,human,0.784,human,0.0
815720729,human,0.992,human,0.0
815720730,human,0.787,human,0.0
815720731,human,0.879,human,0.0
815720732,human,0.967,human,0.0
815720735,human,0.923,human,0.0
815720736,non_human,0.818,non_human,0.0
815720739,human,0.946,non_human,1.0
815720740,human,0.78,human,0.0
815720741,non_human,0.551,non_human,0.0
815720742,non_human,0.633,non_human,0.0
815720743,non_human,0.758,non_human,0.0
815720744,human,0.953,human,0.0
815720746,human,0.914,human,0.0
815720747,human,0.991,human,0.0
815720748,human,0.825,human,0.0
815720749,human,0.849,human,0.0
815720750,human,0.543,non_human,1.0
815720751,human,0.738,human,0.0
815720753,non_human,0.614,non_human,0.0
815720754,human,0.663,human,0.0
815720755,human,0.555,non_human,1.0
815720756,human,0.83,human,0.0
815720757,human,0.942,human,0.0
815720758,human,0.848,human,0.0
815720759,human,0.84,human,0.0
815720760,non_human,0.794,non_human,0.0
815720761,human,0.767,human,0.0
815720762,human,0.615,non_human,1.0
815720763,human,0.529,non_human,1.0
815720764,non_human,0.878,non_human,0.0
815720765,human,0.617,human,0.0
815720767,human,0.859,human,0.0
815720768,human,0.882,non_human,1.0
815720769,human,0.944,human,0.0
815720770,human,0.819,human,0.0
815720771,human,0.862,human,0.0
815720772,human,0.593,human,0.0
815720773,human,0.809,human,0.0
815720774,non_human,0.674,non_human,0.0
815720775,human,0.767,non_human,1.0
815720776,human,0.595,human,0.0
815720777,human,0.712,human,0.0
815720778,human,0.976,human,0.0
815720779,non_human,0.505,human,1.0
815720780,human,0.964,human,0.0
815720781,human,0.979,human,0.0
815720782,human,0.991,human,0.0
815720783,human,0.919,human,0.0
815720784,non_human,0.695,non_human,0.0
815720785,human,0.944,human,0.0
815720786,human,0.716,human,0.0
815720787,non_human,0.725,human,1.0
815720788,human,0.827,human,0.0
815720789,non_human,0.624,non_human,0.0
815720790,non_human,0.513,human,1.0
815720791,human,0.748,human,0.0
815720792,human,0.835,human,0.0
815720793,non_human,0.589,non_human,0.0
815720794,non_human,0.872,non_human,0.0
815720795,non_human,0.764,non_human,0.0
815720796,human,0.726,human,0.0
815720797,human,0.724,human,0.0
815720798,non_human,0.517,non_human,0.0
815720799,human,0.699,non_human,1.0
815720800,human,0.748,human,0.0
815720801,human,0.983,human,0.0
815720802,non_human,0.538,human,1.0
815720805,human,0.9,human,0.0
815720806,human,0.952,human,0.0
815720807,non_human,0.79,non_human,0.0
815720808,non_human,0.68,non_human,0.0
815720809,human,0.962,human,0.0
815720810,human,0.97,human,0.0
815720811,human,0.929,human,0.0
815720812,human,0.942,human,0.0
815720813,human,0.936,human,0.0
815720814,non_human,0.711,human,1.0
815720815,human,0.929,human,0.0
815720816,human,0.505,non_human,1.0
815720817,human,0.766,human,0.0
815720818,human,0.853,human,0.0
815720819,human,0.969,human,0.0
815720820,human,0.967,human,0.0
815720821,non_human,0.624,human,1.0
815720822,human,0.925,non_human,1.0
815720823,human,0.943,human,0.0
815720824,non_human,0.532,non_human,0.0
815720825,human,0.532,non_human,1.0
815720826,human,0.988,human,0.0
815720827,human,0.635,human,0.0
815720828,human,0.898,human,0.0
815720830,non_human,0.527,human,1.0
815720831,non_human,0.585,non_human,0.0
815720832,human,0.986,human,0.0
815720833,human,0.892,non_human,1.0
815720834,human,0.706,human,0.0
815720835,human,0.961,human,0.0
815720836,human,0.654,human,0.0
815720837,human,0.961,human,0.0
815720838,human,0.728,human,0.0
815720839,human,0.943,human,0.0
815720840,human,0.906,non_human,1.0
815720841,non_human,0.758,non_human,0.0
815720842,human,0.953,human,0.0
815720843,human,0.972,human,0.0
815720844,human,0.91,non_human,1.0
815720845,non_human,0.643,non_human,0.0
815720846,human,0.899,human,0.0
815720849,non_human,0.698,human,1.0
815720850,human,0.562,human,0.0
815720851,human,0.89,human,0.0
815720852,non_human,0.923,non_human,0.0
815720853,human,0.886,human,0.0
815720854,non_human,0.539,non_human,0.0
815720855,human,0.527,non_human,1.0
815720856,human,0.96,human,0.0
815720857,non_human,0.628,human,1.0
815720858,human,0.719,human,0.0
815720859,human,0.686,human,0.0
815720860,human,0.723,human,0.0
815720861,non_human,0.636,human,1.0
815720862,human,0.796,human,0.0
815720863,non_human,0.546,human,1.0
815720864,human,0.922,human,0.0
815720865,non_human,0.608,non_human,0.0
815720866,human,0.965,human,0.0
815720867,human,0.991,human,0.0
815720869,human,0.669,human,0.0
815720870,human,0.983,human,0.0
815720871,human,0.988,human,0.0
815720872,human,0.988,human,0.0
815720873,human,0.626,non_human,1.0
815720875,human,0.748,human,0.0
815720876,human,0.79,non_human,1.0
815720877,human,0.556,human,0.0
815720878,human,0.988,human,0.0
815720879,human,0.87,human,0.0
815720880,human,0.909,human,0.0
815720881,human,0.968,human,0.0
815720882,human,0.701,human,0.0
815720884,human,0.948,human,0.0
815720885,human,0.748,human,0.0
815720886,human,0.991,human,0.0
815720887,human,0.541,human,0.0
815720888,human,0.822,non_human,1.0
815720889,human,0.865,human,0.0
815720890,human,0.835,human,0.0
815720891,human,0.749,human,0.0
815720892,human,0.833,human,0.0
815720893,human,0.998,human,0.0
815720895,human,0.899,human,0.0
815720896,non_human,0.531,human,1.0
815720897,human,0.511,non_human,1.0
815720898,human,0.903,human,0.0
815720899,non_human,0.533,non_human,0.0
815720900,human,0.582,human,0.0
815720901,human,0.787,human,0.0
815720902,human,0.867,human,0.0
815720904,non_human,0.856,non_human,0.0
815720905,human,0.903,human,0.0
815720906,human,0.889,human,0.0
815720907,human,0.913,human,0.0
815720908,human,0.648,human,0.0
815720909,human,0.997,human,0.0
815720910,human,0.878,human,0.0
815720911,human,0.989,human,0.0
815720912,human,0.764,human,0.0
815720914,human,0.742,non_human,1.0
815720915,human,0.99,human,0.0
815720916,human,0.932,human,0.0
815720917,human,0.515,non_human,1.0
815720918,non_human,0.582,non_human,0.0
815720919,human,0.965,human,0.0
815720920,human,0.949,human,0.0
815720921,human,0.959,human,0.0
815720922,non_human,0.58,non_human,0.0
815720924,human,0.984,human,0.0
815720925,human,0.884,human,0.0
815720926,human,0.899,human,0.0
815720927,human,0.777,non_human,1.0
815720928,non_human,0.902,non_human,0.0
815720929,human,0.833,non_human,1.0
815720930,human,0.921,human,0.0
815720931,human,0.616,non_human,1.0
815720932,human,0.892,human,0.0
815720933,human,0.978,human,0.0
815720934,non_human,0.566,non_human,0.0
815720935,human,0.817,human,0.0
815720936,non_human,0.76,non_human,0.0
815720938,human,0.901,human,0.0
815720989,non_human,0.655,human,1.0
815720990,human,0.977,human,0.0
815720991,human,0.982,human,0.0
815720992,human,0.872,human,0.0
815720993,human,0.755,non_human,1.0
815720994,human,0.891,human,0.0
815720995,non_human,0.589,non_human,0.0
815720996,human,0.923,non_human,1.0
815720997,human,0.888,non_human,1.0
815720998,human,0.508,non_human,1.0
815720999,non_human,0.52,non_human,0.0
815721000,human,0.998,human,0.0
815721001,human,0.842,human,0.0
815721004,human,0.518,non_human,1.0
815721006,human,0.882,human,0.0
815721007,human,0.986,human,0.0
815721008,human,0.881,human,0.0
815721009,human,0.919,human,0.0
815721010,human,0.946,human,0.0
815721012,human,0.785,human,0.0
815721014,non_human,0.853,non_human,0.0
815721015,human,0.911,human,0.0
815721016,human,0.864,human,0.0
815721017,non_human,0.657,non_human,0.0
815721018,human,0.969,human,0.0
815721019,human,0.503,human,0.0
815721020,human,0.738,human,0.0
815721021,human,0.783,non_human,1.0
815721022,human,0.958,human,0.0
815721023,human,0.71,human,0.0
815721024,human,0.95,human,0.0
815721025,human,0.944,human,0.0
815721026,human,0.953,human,0.0
815721027,non_human,0.623,human,1.0
815721028,human,0.8,human,0.0
815721029,human,0.937,human,0.0
815721030,human,0.861,human,0.0
815721032,human,0.744,non_human,1.0
815721033,human,0.814,human,0.0
815721034,human,0.985,human,0.0
815721035,human,0.868,human,0.0
815721037,non_human,0.652,non_human,0.0
815721038,human,0.893,human,0.0
815721039,human,0.783,human,0.0
815721041,human,0.944,human,0.0
815721042,human,0.738,human,0.0
815721043,non_human,0.532,human,1.0
815721044,human,0.847,human,0.0
815721045,human,0.983,human,0.0
815721046,human,0.842,human,0.0
815721047,human,0.757,human,0.0
815721048,human,0.829,human,0.0
815721049,human,0.95,human,0.0
815721050,non_human,0.58,non_human,0.0
815721051,human,0.527,non_human,1.0
815721052,human,0.935,human,0.0
815721053,human,0.933,non_human,1.0
815721054,human,0.917,human,0.0
815721056,human,0.892,human,0.0
815721057,human,0.91,human,0.0
815721058,human,0.99,human,0.0
815721059,human,0.867,human,0.0
815721060,human,0.884,human,0.0
815721061,human,0.863,non_human,1.0
815721062,human,0.93,human,0.0
815721063,human,0.6,human,0.0
815721064,human,0.663,non_human,1.0
815721066,human,0.931,human,0.0
815721067,human,0.921,human,0.0
815721068,human,0.978,human,0.0
815721069,human,0.559,human,0.0
815721070,human,0.735,human,0.0
815721071,human,0.86,human,0.0
815721072,human,0.8,human,0.0
815721073,human,0.934,human,0.0
815721074,human,0.746,non_human,1.0
815721075,human,0.894,human,0.0
815721076,human,0.887,human,0.0
815721077,non_human,0.835,non_human,0.0
815721078,human,0.955,human,0.0
815721080,human,0.914,human,0.0
815721081,human,0.815,human,0.0
815721082,human,0.738,non_human,1.0
815721083,human,0.901,human,0.0
815721084,human,0.931,human,0.0
815721085,human,0.591,human,0.0
815721086,human,0.772,human,0.0
815721087,human,0.916,human,0.0
815721088,human,0.68,non_human,1.0
815721089,human,0.774,non_human,1.0
815721090,human,0.922,human,0.0
815721091,human,0.952,human,0.0
815721092,human,0.957,non_human,1.0
815721093,human,0.612,human,0.0
815721094,human,0.92,human,0.0
815721097,human,0.892,human,0.0
815721098,human,0.993,human,0.0
815721100,non_human,0.571,human,1.0
815721101,human,0.567,non_human,1.0
815721102,non_human,0.679,human,1.0
815721103,human,0.895,human,0.0
815721105,human,0.675,human,0.0
815721106,human,0.796,human,0.0
815721107,human,0.785,non_human,1.0
815721108,human,0.621,non_human,1.0
815721110,human,0.598,non_human,1.0
815721111,human,0.963,human,0.0
815721112,human,0.989,human,0.0
815721113,human,0.933,human,0.0
815721114,non_human,0.597,human,1.0
815721115,human,0.666,human,0.0
815721116,human,0.887,human,0.0
815721117,non_human,0.531,human,1.0
815721118,human,0.644,human,0.0
815721119,human,0.784,human,0.0
815721120,human,0.924,human,0.0
815721122,human,0.723,human,0.0
815721124,human,0.539,human,0.0
815721125,human,0.592,human,0.0
815721126,human,0.672,human,0.0
815721127,human,0.84,non_human,1.0
815721128,human,0.893,human,0.0
815721129,non_human,0.571,non_human,0.0
815721130,human,0.709,human,0.0
815721131,human,0.739,human,0.0
815721132,non_human,0.628,non_human,0.0
815721133,human,0.656,non_human,1.0
815721134,human,0.987,human,0.0
815721135,human,0.827,human,0.0
815721137,human,0.759,non_human,1.0
815721138,non_human,0.756,non_human,0.0
815721139,human,0.529,human,0.0
815721140,human,0.597,non_human,1.0
815721141,human,0.908,human,0.0
815721142,human,0.855,human,0.0
815721143,human,0.932,human,0.0
815721144,human,0.97,human,0.0
815721145,human,0.975,human,0.0
815721146,non_human,0.522,non_human,0.0
815721147,human,0.856,human,0.0
815721148,human,0.976,human,0.0
815721150,human,0.963,human,0.0
815721151,human,0.87,human,0.0
815721152,non_human,0.707,non_human,0.0
815721153,non_human,0.528,non_human,0.0
815721154,non_human,0.584,human,1.0
815721155,human,0.971,human,0.0
815721156,non_human,0.626,human,1.0
815721157,human,0.799,human,0.0
815721158,human,0.884,human,0.0
815721159,human,0.905,human,0.0
815721160,human,0.742,non_human,1.0
815721161,human,0.961,human,0.0
815721162,human,0.953,human,0.0
815721164,human,0.603,human,0.0
815721165,human,0.794,non_human,1.0
815721166,human,0.683,human,0.0
815721167,human,0.938,human,0.0
815721168,human,0.651,human,0.0
815721169,human,0.823,human,0.0
815721170,human,0.519,human,0.0
815721171,human,0.933,human,0.0
815721173,human,0.965,human,0.0
815721174,human,0.631,human,0.0
815721175,non_human,0.511,non_human,0.0
815721176,human,0.836,human,0.0
815721177,non_human,0.58,non_human,0.0
815721178,human,0.802,non_human,1.0
815721179,human,0.846,human,0.0
815721180,human,0.969,human,0.0
815721181,human,0.538,human,0.0
815721182,non_human,0.761,non_human,0.0
815721183,human,0.976,human,0.0
815721185,human,0.979,human,0.0
815721186,human,0.951,human,0.0
815721187,human,0.881,human,0.0
815721188,human,0.762,human,0.0
815721191,human,0.951,human,0.0
815721192,human,0.947,human,0.0
815721193,human,0.672,human,0.0
815721194,human,0.975,human,0.0
815721195,human,0.946,human,0.0
815721196,human,0.942,human,0.0
815721197,non_human,0.85,non_human,0.0
815721198,human,0.942,human,0.0
815721199,human,0.993,human,0.0
815721200,human,0.84,human,0.0
815721202,human,0.78,non_human,1.0
815721203,human,0.82,human,0.0
815721206,human,0.988,human,0.0
815721207,human,0.849,human,0.0
815721208,human,0.917,human,0.0
815721209,human,0.855,human,0.0
815721210,human,0.98,human,0.0
815721211,non_human,0.557,human,1.0
815721212,human,0.971,human,0.0
815721213,human,0.993,human,0.0
815721214,human,0.934,human,0.0
815721215,human,0.762,human,0.0
815721216,human,0.793,human,0.0
815721217,human,0.863,human,0.0
815721218,human,0.765,human,0.0
815721219,human,0.928,human,0.0
815721220,human,0.955,human,0.0
815721221,human,0.813,human,0.0
815721222,human,0.834,human,0.0
815721223,human,0.826,human,0.0
815721224,human,0.903,human,0.0
815721226,human,0.535,non_human,1.0
815721227,non_human,0.587,human,1.0
815721228,human,0.575,non_human,1.0
815721229,non_human,0.709,non_human,0.0
815721230,non_human,0.547,non_human,0.0
815721231,human,0.6,non_human,1.0
815721232,human,0.924,human,0.0
815721234,human,0.914,human,0.0
815721235,non_human,0.814,non_human,0.0
815721236,human,0.932,human,0.0
815721237,human,0.98,human,0.0
815721238,human,0.744,human,0.0
815721239,human,0.858,non_human,1.0
815721240,human,0.938,human,0.0
815721241,human,0.991,human,0.0
815721242,human,0.944,human,0.0
815721243,human,0.91,human,0.0
815721244,human,0.587,human,0.0
815721246,human,0.914,non_human,1.0
815721247,human,0.591,non_human,1.0
815721248,non_human,0.525,human,1.0
815721249,human,0.86,human,0.0
815721251,human,0.933,human,0.0
815721253,human,0.911,human,0.0
815721255,human,0.73,human,0.0
815721257,human,0.883,human,0.0
815721258,non_human,0.671,human,1.0
815721259,human,0.773,non_human,1.0
815721260,non_human,0.51,non_human,0.0
815721261,human,0.958,human,0.0
815721262,human,0.938,human,0.0
815721263,human,0.932,human,0.0
815721264,human,0.728,human,0.0
815721265,non_human,0.631,human,1.0
815721266,human,0.926,human,0.0
815721267,human,0.868,human,0.0
815721268,human,0.877,non_human,1.0
815721269,human,0.62,human,0.0
815721270,human,0.91,human,0.0
815721271,human,0.767,non_human,1.0
815721272,human,0.632,human,0.0
815721273,human,0.98,human,0.0
815721274,human,0.745,human,0.0
815721275,non_human,0.775,non_human,0.0
815721276,non_human,0.74,non_human,0.0
815721277,non_human,0.773,non_human,0.0
815721278,human,0.809,human,0.0
815721279,human,0.981,human,0.0
815721280,non_human,0.612,non_human,0.0
815721281,human,0.932,human,0.0
815721282,human,0.94,human,0.0
815721283,human,0.936,human,0.0
815721285,non_human,0.824,human,1.0
815721286,human,0.892,non_human,1.0
815721287,human,0.987,human,0.0
815721288,human,0.849,human,0.0
815721289,human,0.903,human,0.0
815721290,human,0.971,human,0.0
815721291,human,0.958,human,0.0
815721293,human,0.991,human,0.0
815721294,human,0.987,human,0.0
815721295,non_human,0.67,non_human,0.0
815721296,human,0.792,human,0.0
815721297,human,0.681,non_human,1.0
815721298,human,0.603,non_human,1.0
815721299,human,0.649,human,0.0
815721300,human,0.611,human,0.0
815721301,human,0.934,human,0.0
815721302,human,0.818,non_human,1.0
815721303,human,0.916,human,0.0
815721304,human,0.874,human,0.0
815721305,non_human,0.691,non_human,0.0
815721306,human,0.942,human,0.0
815721307,human,0.892,human,0.0
815721309,human,0.94,human,0.0
815721310,human,0.889,human,0.0
815721311,human,0.912,human,0.0
815721312,human,0.743,human,0.0
815721313,human,0.535,human,0.0
815721315,human,0.813,human,0.0
815721316,human,0.96,human,0.0
815721318,human,0.871,human,0.0
815721319,human,0.8,non_human,1.0
815721321,human,0.569,human,0.0
815721322,human,0.897,human,0.0
815721323,human,0.971,human,0.0
815721324,non_human,0.59,human,1.0
815721325,human,0.98,human,0.0
815721326,human,0.938,human,0.0
815721328,human,0.938,human,0.0
815721329,human,0.922,human,0.0
815721330,non_human,0.72,human,1.0
815721331,human,0.963,human,0.0
815721333,human,0.89,human,0.0
815721334,human,0.9,human,0.0
815721335,non_human,0.719,human,1.0
815721336,human,0.731,non_human,1.0
815721337,human,0.871,human,0.0
815721338,human,0.906,human,0.0
815721339,non_human,0.632,human,1.0
815721340,human,0.656,human,0.0
815721341,human,0.809,human,0.0
815721342,non_human,0.716,human,1.0
815721343,human,0.744,human,0.0
815721344,human,0.518,human,0.0
815721345,human,0.753,human,0.0
815721346,human,0.966,human,0.0
815721347,human,0.62,human,0.0
815721349,human,0.934,human,0.0
815721351,human,0.526,human,0.0
815721352,human,0.891,human,0.0
815721353,human,0.95,human,0.0
815721354,non_human,0.67,human,1.0
815721355,human,0.953,human,0.0
815721356,human,0.815,human,0.0
815721358,human,0.916,human,0.0
815721359,non_human,0.828,non_human,0.0
815721360,human,0.88,human,0.0
815721361,human,0.561,human,0.0
815721362,human,0.542,non_human,1.0
815721363,non_human,0.727,non_human,0.0
815721364,non_human,0.595,non_human,0.0
815721365,human,0.973,human,0.0
815721366,human,0.904,human,0.0
815721367,human,0.913,human,0.0
815721369,human,0.872,human,0.0
815721370,human,0.822,human,0.0
815721371,human,0.965,human,0.0
815721372,human,0.972,human,0.0
815721373,human,0.756,non_human,1.0
815721375,human,0.826,human,0.0
815721376,human,0.968,human,0.0
815721377,human,0.938,human,0.0
815721378,non_human,0.513,non_human,0.0
815721379,human,0.924,human,0.0
815721380,human,0.956,human,0.0
815721381,human,0.865,human,0.0
815721382,human,0.721,human,0.0
815721384,human,0.786,non_human,1.0
815721385,human,0.945,human,0.0
815721386,non_human,0.523,non_human,0.0
815721387,human,0.897,human,0.0
815721388,human,0.912,human,0.0
815721389,human,0.973,human,0.0
815721390,human,0.891,human,0.0
815721391,human,0.899,human,0.0
815721392,human,0.912,human,0.0
815721393,human,0.79,human,0.0
815721394,human,0.776,human,0.0
815721396,human,0.725,human,0.0
815721397,non_human,0.523,non_human,0.0
815721398,human,0.922,non_human,1.0
815721399,human,0.873,human,0.0
815721400,human,0.746,non_human,1.0
815721401,human,0.994,human,0.0
815721402,non_human,0.673,human,1.0
815721405,human,0.747,non_human,1.0
815721406,human,0.92,human,0.0
815721407,human,0.973,human,0.0
815721408,human,0.68,human,0.0
815721410,human,0.785,human,0.0
815721411,human,0.877,human,0.0
815721412,human,0.808,human,0.0
815721413,human,0.939,human,0.0
815721414,human,0.766,human,0.0
815721415,human,0.785,non_human,1.0
815721416,human,0.982,human,0.0
815721417,human,0.793,human,0.0
815721418,non_human,0.663,non_human,0.0
815721419,non_human,0.693,non_human,0.0
815721420,human,0.87,human,0.0
815721421,human,0.85,human,0.0
815721422,human,0.991,human,0.0
815721423,human,0.971,human,0.0
815721424,human,0.623,non_human,1.0
815721425,human,0.977,human,0.0
815721426,non_human,0.594,non_human,0.0
815721427,human,0.83,human,0.0
815721428,non_human,0.561,non_human,0.0
815721429,human,0.894,human,0.0
815721430,human,0.894,human,0.0
815721431,human,0.755,non_human,1.0
815721432,human,0.983,human,0.0
815721433,human,0.677,human,0.0
815721434,human,0.987,human,0.0
815721435,human,0.949,human,0.0
815721436,human,0.945,human,0.0
815721437,human,0.922,human,0.0
815721438,human,0.578,human,0.0
815721439,human,0.978,human,0.0
815721440,non_human,0.622,human,1.0
815721441,non_human,0.729,non_human,0.0
815721443,human,0.884,human,0.0
815721444,human,0.623,human,0.0
815721446,human,0.946,human,0.0
815721447,human,0.879,human,0.0
815721449,human,0.98,human,0.0
815721450,human,0.871,human,0.0
815721451,human,0.973,human,0.0
815721452,non_human,0.582,non_human,0.0
815721453,non_human,0.615,human,1.0
815721454,human,0.931,human,0.0
815721455,non_human,0.665,non_human,0.0
815721456,human,0.983,human,0.0
815721457,human,0.941,human,0.0
815721458,human,0.876,human,0.0
815721459,human,0.912,human,0.0
815721460,human,0.557,human,0.0
815721461,human,0.926,human,0.0
815721462,human,0.978,human,0.0
815721463,human,0.987,human,0.0
815721465,human,0.578,human,0.0
815721467,human,0.949,human,0.0
815721468,non_human,0.641,non_human,0.0
815721469,human,0.856,human,0.0
815721470,human,0.744,human,0.0
815721471,human,0.958,human,0.0
815721472,human,0.985,human,0.0
815721473,human,0.872,non_human,1.0
815721474,human,0.86,human,0.0
815721475,human,0.932,human,0.0
815721476,human,0.81,human,0.0
815721477,human,0.523,human,0.0
815721478,human,0.736,human,0.0
815721479,human,0.524,non_human,1.0
815721480,human,0.975,human,0.0
815721481,human,0.935,human,0.0
815721482,human,0.969,human,0.0
815721483,human,0.941,human,0.0
815721484,human,0.925,human,0.0
815721485,human,0.998,human,0.0
815721486,human,0.876,human,0.0
815721487,human,0.508,human,0.0
815721488,non_human,0.795,human,1.0
815721489,human,0.921,human,0.0
815721490,human,0.887,human,0.0
815721492,human,0.984,human,0.0
815721493,human,0.835,non_human,1.0
815721494,human,0.749,human,0.0
815721495,human,0.9,human,0.0
815721496,human,0.835,human,0.0
815721497,human,0.967,human,0.0
815721498,human,0.906,human,0.0
815721499,human,0.986,human,0.0
815721501,human,0.571,human,0.0
815721502,human,0.939,human,0.0
815721503,non_human,0.806,human,1.0
815721504,human,0.548,human,0.0
815721505,human,0.972,human,0.0
815721507,human,0.716,human,0.0
815721508,human,0.987,human,0.0
815721509,human,0.962,human,0.0
815721511,non_human,0.629,non_human,0.0
815721512,human,0.93,human,0.0
815721514,human,0.793,human,0.0
815721515,human,0.832,non_human,1.0
815721517,non_human,0.813,human,1.0
815721518,human,0.786,human,0.0
815721519,human,0.825,human,0.0
815721520,human,0.986,human,0.0
815721521,human,0.933,human,0.0
815721522,non_human,0.835,non_human,0.0
815721523,non_human,0.726,non_human,0.0
815721524,human,0.553,human,0.0
815721525,non_human,0.749,human,1.0
815721526,human,0.545,non_human,1.0
815721528,human,0.941,human,0.0
815721529,human,0.832,non_human,1.0
815721530,human,0.944,human,0.0
815721531,human,0.806,human,0.0
815721532,human,0.901,human,0.0
815721533,human,0.812,human,0.0
815721534,human,0.934,human,0.0
815721535,non_human,0.51,non_human,0.0
815721536,human,0.686,human,0.0
815721538,non_human,0.558,human,1.0
815721539,human,0.767,human,0.0
815721540,human,0.674,human,0.0
815721541,human,0.699,human,0.0
815721542,non_human,0.726,non_human,0.0
815721543,human,0.987,human,0.0
815721544,human,0.976,human,0.0
815721545,human,0.819,human,0.0
815721546,human,0.802,non_human,1.0
815721547,non_human,0.81,human,1.0
815721548,human,0.579,human,0.0
815721549,human,0.881,human,0.0
815721550,non_human,0.601,non_human,0.0
815721551,human,0.542,non_human,1.0
815721553,human,0.913,human,0.0
815721554,human,0.603,non_human,1.0
815721555,human,0.724,non_human,1.0
815721556,human,0.975,human,0.0
815721557,human,0.847,human,0.0
815721558,human,0.592,human,0.0
815721560,human,0.689,non_human,1.0
815721561,human,0.913,non_human,1.0
815721562,human,0.931,human,0.0
815721565,non_human,0.565,human,1.0
815721566,human,0.919,human,0.0
815721567,non_human,0.918,non_human,0.0
815721568,human,0.804,human,0.0
815721569,non_human,0.594,non_human,0.0
815721571,human,0.871,human,0.0
815721572,human,0.783,human,0.0
815721573,human,0.965,human,0.0
815721574,human,0.669,non_human,1.0
815721575,non_human,0.89,non_human,0.0
815721576,non_human,0.922,non_human,0.0
815721577,non_human,0.918,non_human,0.0
815721578,non_human,0.956,non_human,0.0
815721579,human,0.94,human,0.0
815721580,human,0.934,human,0.0
815721581,human,0.99,human,0.0
815721582,human,0.909,human,0.0
815721583,human,0.972,human,0.0
815721584,human,0.93,human,0.0
815721585,human,0.879,human,0.0
815721586,non_human,0.918,non_human,0.0
815721587,non_human,0.916,non_human,0.0
815721588,human,0.778,human,0.0
815721589,human,0.646,human,0.0
815721590,human,0.862,human,0.0
815721591,human,0.9,human,0.0
815721592,non_human,0.735,non_human,0.0
815721593,human,0.917,human,0.0
815721594,human,0.815,non_human,1.0
815721595,human,0.994,human,0.0
815721596,non_human,0.938,non_human,0.0
815721597,human,0.931,human,0.0
815721598,non_human,0.889,non_human,0.0
815721599,non_human,0.935,non_human,0.0
815721600,human,0.836,human,0.0
815721601,non_human,0.923,non_human,0.0
815721602,non_human,0.935,non_human,0.0
815721603,non_human,0.892,non_human,0.0
815721604,human,0.654,human,0.0
815721605,human,0.978,human,0.0
815721606,human,0.895,human,0.0
815721607,human,0.686,human,0.0
815721608,non_human,0.515,human,1.0
815721610,human,0.862,human,0.0
815721611,human,0.934,human,0.0
815721612,non_human,0.926,non_human,0.0
815721613,human,0.948,human,0.0
815721614,human,0.955,human,0.0
815721615,non_human,0.918,non_human,0.0
815721616,non_human,0.939,non_human,0.0
815721617,non_human,0.918,non_human,0.0
815721618,non_human,0.937,non_human,0.0
815721619,non_human,0.918,non_human,0.0
815721620,non_human,0.647,non_human,0.0
815721621,non_human,0.935,non_human,0.0
815721622,human,0.806,human,0.0
815721623,human,0.966,human,0.0
815721624,non_human,0.916,non_human,0.0
815721625,human,0.636,non_human,1.0
815721626,non_human,0.915,non_human,0.0
815721627,human,0.872,human,0.0
815721628,human,0.634,human,0.0
815721630,non_human,0.631,non_human,0.0
815721633,human,0.957,human,0.0
815721634,human,0.864,human,0.0
815721635,human,0.681,human,0.0
815721636,human,0.782,human,0.0
815721637,non_human,0.924,non_human,0.0
815721638,non_human,0.917,non_human,0.0
815721639,non_human,0.937,non_human,0.0
815721640,non_human,0.889,non_human,0.0
815721641,human,0.959,human,0.0
815721642,human,0.813,human,0.0
815721643,non_human,0.917,non_human,0.0
815721644,human,0.783,human,0.0
815721645,human,0.906,human,0.0
815721646,human,0.911,human,0.0
815721647,human,0.863,human,0.0
815721648,non_human,0.547,human,1.0
815721649,non_human,0.937,non_human,0.0
815721650,non_human,0.916,non_human,0.0
815721651,non_human,0.918,non_human,0.0
815721652,human,0.659,human,0.0
815721653,non_human,0.926,non_human,0.0
815721654,non_human,0.926,non_human,0.0
815721655,non_human,0.622,human,1.0
815721657,non_human,0.926,non_human,0.0
815721658,human,0.611,non_human,1.0
815721659,non_human,0.768,human,1.0
815721660,human,0.725,human,0.0
815721662,human,0.527,human,0.0
815721663,human,0.898,non_human,1.0
815721664,human,0.78,human,0.0
815721665,non_human,0.527,human,1.0
815721666,human,0.892,human,0.0
815721667,non_human,0.507,human,1.0
815721668,human,0.789,human,0.0
815721670,human,0.709,human,0.0
815721671,human,0.918,human,0.0
815721672,human,0.967,human,0.0
815721673,human,0.942,human,0.0
815721674,human,0.989,human,0.0
815721675,human,0.503,human,0.0
815721676,human,0.908,human,0.0
815721677,human,0.891,human,0.0
815721678,human,0.873,human,0.0
815721679,human,0.981,human,0.0
815721680,human,0.658,human,0.0
815721681,human,0.938,human,0.0
815721682,non_human,0.745,non_human,0.0
815721683,human,0.662,human,0.0
815721684,non_human,0.773,non_human,0.0
815721687,human,0.919,human,0.0
815721688,human,0.966,human,0.0
815721689,non_human,0.708,human,1.0
815721690,human,0.612,human,0.0
815721691,human,0.716,non_human,1.0
815721692,human,0.513,non_human,1.0
815721693,human,0.758,human,0.0
815721695,human,0.913,human,0.0
815721696,human,0.974,human,0.0
815721697,human,0.915,human,0.0
815721699,human,0.76,non_human,1.0
815721700,human,0.838,human,0.0
815721702,human,0.886,human,0.0
815721703,human,0.988,human,0.0
815721704,non_human,0.655,human,1.0
815721705,human,0.99,human,0.0
815721706,human,0.934,human,0.0
815721707,human,0.516,human,0.0
815721709,human,0.646,non_human,1.0
815721710,human,0.762,non_human,1.0
815721711,human,0.776,human,0.0
815721712,human,0.958,human,0.0
815721714,human,0.726,human,0.0
815721715,human,0.77,human,0.0
815721716,human,0.513,human,0.0
815721717,human,0.926,human,0.0
815721718,human,0.925,human,0.0
815721719,human,0.884,human,0.0
815721720,human,0.978,human,0.0
815721721,human,0.8,human,0.0
815721722,human,0.985,human,0.0
815721723,human,0.878,non_human,1.0
815721724,human,0.966,human,0.0
815721725,human,0.779,non_human,1.0
815721726,human,0.977,non_human,1.0
815721727,human,0.95,human,0.0
815721728,human,0.963,human,0.0
815721729,human,0.961,human,0.0
815721730,human,0.665,human,0.0
815721731,human,0.951,human,0.0
815721732,human,0.902,non_human,1.0
815721733,human,0.961,human,0.0
815721734,non_human,0.661,non_human,0.0
815721735,non_human,0.748,non_human,0.0
815721736,human,0.756,human,0.0
815721737,human,0.718,human,0.0
815721738,human,0.925,human,0.0
815721739,human,0.977,human,0.0
815721740,human,0.763,human,0.0
815721741,human,0.958,human,0.0
815721742,human,0.989,human,0.0
815721743,human,0.995,human,0.0
815721744,human,0.982,human,0.0
815721745,human,0.89,human,0.0
815721746,human,0.752,human,0.0
815721747,non_human,0.634,human,1.0
815721749,non_human,0.882,non_human,0.0
815721750,human,0.864,human,0.0
815721751,human,0.963,human,0.0
815721752,human,0.916,human,0.0
815721753,human,0.871,human,0.0
815721754,human,0.885,non_human,1.0
815721755,human,0.866,human,0.0
815721756,human,0.886,human,0.0
815721757,human,0.804,human,0.0
815721758,human,0.939,human,0.0
815721759,human,0.773,human,0.0
815721761,non_human,0.612,non_human,0.0
815721762,human,0.965,human,0.0
815721763,human,0.996,human,0.0
815721765,human,0.905,human,0.0
815721766,human,0.913,human,0.0
815721767,human,0.793,human,0.0
815721769,human,0.58,non_human,1.0
815721770,non_human,0.657,non_human,0.0
815721771,human,0.976,human,0.0
815721772,human,0.8,human,0.0
815721773,human,0.584,human,0.0
815721774,human,0.994,human,0.0
815721775,human,0.711,non_human,1.0
815721776,human,0.887,non_human,1.0
815721777,human,0.984,human,0.0
815721778,human,0.536,human,0.0
815721780,human,0.526,non_human,1.0
815721781,human,0.669,human,0.0
815721782,non_human,0.651,non_human,0.0
815721783,human,0.915,human,0.0
815721784,human,0.736,human,0.0
815721785,non_human,0.529,human,1.0
815721786,human,0.771,human,0.0
815721787,non_human,0.632,non_human,0.0
815721789,non_human,0.654,human,1.0
815721791,human,0.918,human,0.0
815721792,human,0.898,human,0.0
815721793,human,0.69,human,0.0
815721794,human,0.858,human,0.0
815721795,non_human,0.713,non_human,0.0
815721796,human,0.641,non_human,1.0
815721797,non_human,0.603,non_human,0.0
815721798,human,0.8,human,0.0
815721799,human,0.961,human,0.0
815721800,human,0.978,human,0.0
815721801,human,0.985,human,0.0
815721802,human,0.615,non_human,1.0
815721803,human,0.961,human,0.0
815721804,human,0.982,human,0.0
815721805,human,0.975,human,0.0
815721806,human,0.943,non_human,1.0
815721807,human,0.874,human,0.0
815721808,human,0.908,human,0.0
815721809,human,0.967,human,0.0
815721810,non_human,0.584,human,1.0
815721811,human,0.942,human,0.0
815721812,human,0.535,human,0.0
815721813,human,0.931,human,0.0
815721814,human,0.965,human,0.0
815721815,non_human,0.704,non_human,0.0
815721816,human,0.84,human,0.0
815721817,human,0.966,human,0.0
815721818,human,0.965,human,0.0
815721819,human,0.77,human,0.0
815721820,human,0.891,human,0.0
815721821,human,0.882,human,0.0
815721822,human,0.847,human,0.0
815721823,human,0.918,human,0.0
815721824,non_human,0.675,non_human,0.0
815721825,human,0.942,human,0.0
815721826,human,0.875,human,0.0
815721827,non_human,0.528,human,1.0
815721828,human,0.921,human,0.0
815721830,human,0.943,human,0.0
815721832,human,0.957,human,0.0
815721833,human,0.624,non_human,1.0
815721835,human,0.903,human,0.0
815721836,human,0.977,human,0.0
815721837,human,0.708,human,0.0
815721838,human,0.882,human,0.0
815721839,human,0.961,human,0.0
815721841,human,0.994,human,0.0
815721842,human,0.957,human,0.0
815721843,human,0.959,human,0.0
815721844,human,0.984,human,0.0
815721845,human,0.961,human,0.0
815721847,non_human,0.502,non_human,0.0
815721850,non_human,0.872,non_human,0.0
815721851,human,0.678,non_human,1.0
815721852,human,0.981,human,0.0
815721853,human,0.838,human,0.0
815721854,non_human,0.521,human,1.0
815721855,human,0.766,human,0.0
815721856,human,0.874,human,0.0
815721857,human,0.971,human,0.0
815721858,human,0.988,human,0.0
815721859,human,0.741,human,0.0
815721860,human,0.942,human,0.0
815721861,human,0.851,human,0.0
815721862,human,0.984,human,0.0
815721863,human,0.743,human,0.0
815721864,human,0.918,human,0.0
815721865,non_human,0.514,human,1.0
815721866,human,0.981,human,0.0
815721867,human,0.907,human,0.0
815721868,human,0.801,human,0.0
815721869,non_human,0.877,non_human,0.0
815721870,human,0.855,human,0.0
815721871,human,0.787,human,0.0
815721872,human,0.669,non_human,1.0
815721873,human,0.824,human,0.0
815721874,human,0.726,human,0.0
815721875,human,0.973,human,0.0
815721876,human,0.978,human,0.0
815721877,human,0.921,human,0.0
815721878,human,0.809,human,0.0
815721879,human,0.682,human,0.0
815721880,human,0.893,human,0.0
815721881,human,0.973,human,0.0
815721882,human,0.711,human,0.0
815721883,human,0.877,human,0.0
815721884,human,0.965,human,0.0
815721886,human,0.756,human,0.0
815721887,human,0.944,human,0.0
815721889,non_human,0.647,non_human,0.0
815721890,human,0.959,human,0.0
815721894,human,0.841,human,0.0
815721895,human,0.853,human,0.0
815721896,human,0.976,human,0.0
815721897,human,0.975,human,0.0
815721898,human,0.921,human,0.0
815721899,human,0.979,human,0.0
815721900,human,0.937,human,0.0
815721901,human,0.928,human,0.0
815721902,human,0.993,human,0.0
815721903,human,0.932,human,0.0
815721904,human,0.985,human,0.0
815721905,human,0.986,human,0.0
815721906,human,0.967,human,0.0
815721907,human,0.515,human,0.0
815721908,human,0.82,human,0.0
815721909,human,0.822,non_human,1.0
815721910,human,0.51,non_human,1.0
815721911,human,0.765,human,0.0
815721912,non_human,0.682,non_human,0.0
815721913,human,0.964,human,0.0
815721914,human,0.839,human,0.0
815721915,human,0.607,human,0.0
815721916,human,0.946,human,0.0
815721917,human,0.699,human,0.0
815721918,human,0.919,non_human,1.0
815721919,human,0.646,non_human,1.0
815721920,human,0.72,human,0.0
815721921,human,0.556,human,0.0
815721922,human,0.595,non_human,1.0
815721923,non_human,0.681,non_human,0.0
815721924,human,0.819,human,0.0
815721925,human,0.977,human,0.0
815721926,human,0.932,human,0.0
815721927,human,0.881,human,0.0
815721928,non_human,0.668,non_human,0.0
815721929,human,0.993,human,0.0
815721931,human,0.534,non_human,1.0
815721932,human,0.501,non_human,1.0
815721933,human,0.941,human,0.0
815721934,human,0.915,human,0.0
815721935,human,0.924,human,0.0
815721937,non_human,0.529,non_human,0.0
815721938,non_human,0.595,human,1.0
815721939,human,0.995,human,0.0
815721940,human,0.979,human,0.0
815721941,human,0.945,human,0.0
815721942,human,0.761,human,0.0
815721944,human,0.85,human,0.0
815721946,human,0.99,human,0.0
815721947,human,0.591,human,0.0
815721948,human,0.931,human,0.0
815721949,human,0.617,human,0.0
815721950,human,0.827,human,0.0
815721951,human,0.691,non_human,1.0
815721952,human,0.862,human,0.0
815721953,human,0.729,human,0.0
815721954,human,0.78,human,0.0
815721955,human,0.764,non_human,1.0
815721956,human,0.819,non_human,1.0
815721957,non_human,0.712,non_human,0.0
815721958,human,0.795,human,0.0
815721959,human,0.98,human,0.0
815721960,human,0.791,human,0.0
815721961,human,0.954,human,0.0
815721962,human,0.924,human,0.0
815721963,non_human,0.558,human,1.0
815721964,human,0.981,human,0.0
815721965,human,0.972,human,0.0
815721966,human,0.756,human,0.0
815721967,human,0.815,non_human,1.0
815721968,human,0.978,human,0.0
815721969,human,0.945,human,0.0
815721970,human,0.768,human,0.0
815721971,human,0.505,human,0.0
815721972,human,0.826,non_human,1.0
815721973,human,0.773,non_human,1.0
815721974,human,0.935,human,0.0
815721975,human,0.929,human,0.0
815721976,human,0.959,human,0.0
815721977,human,0.882,human,0.0
815721978,human,0.571,non_human,1.0
815721979,human,0.832,non_human,1.0
815721980,human,0.776,human,0.0
815721981,human,0.8,human,0.0
815721984,human,0.917,human,0.0
815721985,human,0.875,human,0.0
815721986,human,0.881,human,0.0
815721987,human,0.81,human,0.0
815721988,human,0.94,human,0.0
815721989,human,0.93,human,0.0
815721990,non_human,0.609,non_human,0.0
815721991,human,0.922,non_human,1.0
815721992,human,0.74,human,0.0
815721993,human,0.755,human,0.0
815721994,human,0.713,human,0.0
815721995,human,0.952,human,0.0
815721996,human,0.752,human,0.0
815721997,human,0.9,human,0.0
815721998,human,0.96,human,0.0
815721999,human,0.971,human,0.0
815722000,human,0.937,human,0.0
815722001,human,0.748,human,0.0
815722002,human,0.767,human,0.0
815722003,human,0.845,human,0.0
815722004,human,0.683,human,0.0
815722005,human,0.782,human,0.0
815722006,human,0.993,human,0.0
815722007,human,0.628,human,0.0
815722008,non_human,0.523,human,1.0
815722009,human,0.719,human,0.0
815722010,human,0.977,human,0.0
815722012,non_human,0.848,human,1.0
815722014,human,0.951,human,0.0
815722015,human,0.859,non_human,1.0
815722016,non_human,0.614,human,1.0
815722017,human,0.992,human,0.0
815722018,human,0.975,human,0.0
815722019,non_human,0.601,human,1.0
815722020,human,0.827,human,0.0
815722021,human,0.933,human,0.0
815722022,human,0.855,non_human,1.0
815722023,non_human,0.551,non_human,0.0
815722024,human,0.773,human,0.0
815722025,human,0.554,non_human,1.0
815722026,human,0.817,non_human,1.0
815722027,non_human,0.575,human,1.0
815722028,human,0.887,human,0.0
815722029,human,0.904,human,0.0
815722030,human,0.902,non_human,1.0
815722031,non_human,0.648,human,1.0
815722032,human,0.854,human,0.0
815722033,human,0.681,human,0.0
815722034,human,0.99,human,0.0
815722036,human,0.849,human,0.0
815722037,human,0.842,human,0.0
815722038,human,0.97,human,0.0
815722039,human,0.828,non_human,1.0
815722040,non_human,0.586,human,1.0
815722041,human,0.746,non_human,1.0
815722042,human,0.966,human,0.0
815722043,human,0.747,non_human,1.0
815722044,human,0.932,human,0.0
815722046,human,0.732,human,0.0
815722047,human,0.669,non_human,1.0
815722048,human,0.976,human,0.0
815722049,human,0.943,human,0.0
815722050,human,0.688,human,0.0
815722051,human,0.641,human,0.0
815722052,human,0.787,human,0.0
815722053,human,0.98,human,0.0
815722054,non_human,0.652,human,1.0
815722055,human,0.843,human,0.0
815722056,human,0.611,non_human,1.0
815722057,human,0.97,human,0.0
815722058,non_human,0.737,non_human,0.0
815722060,human,0.963,human,0.0
815722061,human,0.95,human,0.0
815722062,human,0.776,non_human,1.0
815722063,human,0.928,human,0.0
815722064,non_human,0.522,human,1.0
815722065,human,0.89,human,0.0
815722067,human,0.992,human,0.0
815722068,human,0.757,human,0.0
815722069,non_human,0.568,non_human,0.0
815722070,human,0.984,human,0.0
815722071,human,0.993,human,0.0
815722072,human,0.714,human,0.0
815722073,human,0.917,human,0.0
815722074,non_human,0.528,human,1.0
815722075,human,0.97,human,0.0
815722076,human,0.827,human,0.0
815722077,human,0.911,human,0.0
815722078,human,0.931,non_human,1.0
815722079,human,0.949,human,0.0
815722080,human,0.792,human,0.0
815722081,human,0.973,human,0.0
815722082,human,0.976,human,0.0
815722083,human,0.865,human,0.0
815722084,human,0.913,human,0.0
815722085,human,0.655,human,0.0
815722086,human,0.972,human,0.0
815722087,human,0.72,human,0.0
815722088,human,0.899,human,0.0
815722089,human,0.873,human,0.0
815722090,human,0.912,human,0.0
815722091,human,0.657,human,0.0
815722092,human,0.704,human,0.0
815722093,human,0.83,non_human,1.0
815722094,non_human,0.552,non_human,0.0
815722095,human,0.973,human,0.0
815722096,human,0.983,human,0.0
815722097,non_human,0.858,non_human,0.0
815722098,human,0.981,human,0.0
815722099,human,0.814,human,0.0
815722101,human,0.616,non_human,1.0
815722102,human,0.961,human,0.0
815722103,non_human,0.599,human,1.0
815722104,non_human,0.566,human,1.0
815722105,human,0.937,human,0.0
815722106,non_human,0.853,human,1.0
815722107,human,0.959,human,0.0
815722110,human,0.956,human,0.0
815722111,human,0.994,human,0.0
815722112,human,0.552,non_human,1.0
815722113,human,0.879,human,0.0
815722114,non_human,0.561,human,1.0
815722115,human,0.979,human,0.0
815722116,human,0.959,human,0.0
815722117,human,0.893,human,0.0
815722118,human,0.914,non_human,1.0
815722119,human,0.923,human,0.0
815722120,human,0.926,human,0.0
815722121,human,0.983,human,0.0
815722122,human,0.796,human,0.0
815722123,human,0.882,human,0.0
815722124,human,0.976,human,0.0
815722125,human,0.977,human,0.0
815722126,human,0.859,human,0.0
815722127,non_human,0.563,human,1.0
815722128,human,0.682,human,0.0
815722129,human,0.897,human,0.0
815722130,human,0.821,human,0.0
815722131,non_human,0.689,non_human,0.0
815722132,human,0.691,human,0.0
815722133,human,0.745,non_human,1.0
815722134,human,0.919,non_human,1.0
815722136,human,0.512,human,0.0
815722137,human,0.962,non_human,1.0
815722138,human,0.638,human,0.0
815722139,human,0.991,human,0.0
815722140,human,0.816,human,0.0
815722141,human,0.984,human,0.0
815722142,human,0.748,human,0.0
815722143,human,0.918,human,0.0
815722146,human,0.961,human,0.0
815722147,human,0.833,human,0.0
815722148,human,0.904,human,0.0
815722149,human,0.911,human,0.0
815722150,human,0.883,human,0.0
815722151,non_human,0.863,non_human,0.0
815722152,human,0.874,non_human,1.0
815722153,human,0.689,human,0.0
815722154,human,0.995,human,0.0
815722155,human,0.604,human,0.0
815722156,human,0.986,human,0.0
815722157,human,0.841,human,0.0
815722158,non_human,0.544,non_human,0.0
815722159,human,0.631,human,0.0
815722160,human,0.965,non_human,1.0
815722161,human,0.969,human,0.0
815722163,human,0.565,non_human,1.0
815722164,human,0.889,non_human,1.0
815722166,human,0.865,human,0.0
815722169,human,0.829,human,0.0
815722170,non_human,0.528,non_human,0.0
815722171,human,0.93,human,0.0
815722172,non_human,0.551,human,1.0
815722173,human,0.825,human,0.0
815722174,human,0.947,human,0.0
815722175,human,0.738,human,0.0
815722176,human,0.865,human,0.0
815722177,non_human,0.741,non_human,0.0
815722178,human,0.817,human,0.0
815722179,human,0.969,human,0.0
815722181,human,0.851,human,0.0
815722182,human,0.763,human,0.0
815722183,non_human,0.676,non_human,0.0
815722184,non_human,0.643,human,1.0
815722185,human,0.866,human,0.0
815722186,human,0.936,non_human,1.0
815722187,non_human,0.926,non_human,0.0
815722188,human,0.788,human,0.0
815722189,human,0.876,human,0.0
815722190,human,0.858,human,0.0
815722191,human,0.652,non_human,1.0
815722192,human,0.691,human,0.0
815722193,human,0.87,human,0.0
815722195,human,0.581,human,0.0
815722196,human,0.565,non_human,1.0
815722197,human,0.951,human,0.0
815722198,human,0.955,human,0.0
815722199,non_human,0.799,non_human,0.0
815722200,human,0.978,human,0.0
815722201,human,0.987,human,0.0
815722202,human,0.617,non_human,1.0
815722203,non_human,0.513,non_human,0.0
815722204,human,0.561,human,0.0
815722205,human,0.878,human,0.0
815722206,human,0.831,human,0.0
815722207,human,0.793,non_human,1.0
815722209,human,0.878,human,0.0
815722210,non_human,0.553,non_human,0.0
815722211,human,0.964,human,0.0
815722212,human,0.828,non_human,1.0
815722213,human,0.98,human,0.0
815722214,human,0.985,human,0.0
815722215,human,0.807,human,0.0
815722216,human,0.84,human,0.0
815722217,human,0.997,human,0.0
815722218,human,0.643,human,0.0
815722220,human,0.782,human,0.0
815722221,human,0.984,human,0.0
815722222,human,0.907,non_human,1.0
815722223,human,0.54,non_human,1.0
815722224,human,0.929,human,0.0
815722225,human,0.974,human,0.0
815722226,human,0.81,human,0.0
815722227,human,0.972,human,0.0
815722228,human,0.802,human,0.0
815722229,human,0.933,human,0.0
815722230,non_human,0.81,non_human,0.0
815722231,human,0.623,human,0.0
815722233,human,0.982,human,0.0
815722235,non_human,0.532,non_human,0.0
815722236,human,0.525,non_human,1.0
815722237,human,0.708,human,0.0
815722238,human,0.784,human,0.0
815722239,human,0.699,human,0.0
815722240,human,0.93,human,0.0
815722241,human,0.98,human,0.0
815722242,human,0.987,human,0.0
815722243,human,0.991,human,0.0
815722244,human,0.841,human,0.0
815722245,human,0.8,human,0.0
815722246,human,0.509,human,0.0
815722248,human,0.93,human,0.0
815722250,human,0.742,human,0.0
815722251,non_human,0.76,human,1.0
815722252,human,0.946,human,0.0
815722253,human,0.995,human,0.0
815722254,human,0.698,non_human,1.0
815722255,human,0.661,human,0.0
815722256,human,0.958,human,0.0
815722257,human,0.915,human,0.0
815722259,human,0.988,human,0.0
815722260,human,0.861,human,0.0
815722261,human,0.953,human,0.0
815722262,human,0.708,human,0.0
815722264,human,0.965,human,0.0
815722265,human,0.971,human,0.0
815722266,human,0.967,human,0.0
815722267,human,0.865,human,0.0
815722268,human,0.94,human,0.0
815722269,human,0.959,human,0.0
815722271,human,0.96,human,0.0
815722272,non_human,0.56,non_human,0.0
815722273,human,0.913,human,0.0
815722274,human,0.897,human,0.0
815722276,human,0.657,human,0.0
815722277,human,0.92,human,0.0
815722278,human,0.839,human,0.0
815722279,human,0.993,human,0.0
815722280,human,0.776,human,0.0
815722281,human,0.775,human,0.0
815722282,human,0.803,human,0.0
815722283,human,0.966,human,0.0
815722285,human,0.968,human,0.0
815722286,non_human,0.635,human,1.0
815722287,human,0.811,human,0.0
815722289,human,0.969,human,0.0
815722290,human,0.976,human,0.0
815722291,non_human,0.541,human,1.0
815722293,human,0.949,human,0.0
815722294,human,0.905,human,0.0
815722295,human,0.993,human,0.0
815722296,non_human,0.649,non_human,0.0
815722297,human,0.812,human,0.0
815722298,human,0.923,human,0.0
815722300,human,0.712,non_human,1.0
815722301,non_human,0.514,non_human,0.0
815722302,human,0.889,human,0.0
815722303,human,0.964,human,0.0
815722305,human,0.841,human,0.0
815722307,human,0.97,human,0.0
815722308,human,0.915,human,0.0
815722309,human,0.653,human,0.0
815722310,human,0.831,human,0.0
815722311,human,0.755,human,0.0
815722312,human,0.938,human,0.0
815722313,human,0.948,human,0.0
815722314,human,0.901,human,0.0
815722315,human,0.975,human,0.0
815722316,human,0.975,human,0.0
815722317,human,0.984,human,0.0
815722318,human,0.946,human,0.0
815722319,human,0.876,non_human,1.0
815722320,human,0.932,human,0.0
815722321,non_human,0.566,human,1.0
815722322,human,0.908,human,0.0
815722324,human,0.663,human,0.0
815722325,human,0.865,human,0.0
815722326,non_human,0.563,non_human,0.0
815722327,human,0.857,non_human,1.0
815722328,human,0.867,human,0.0
815722329,human,0.956,human,0.0
815722330,human,0.986,human,0.0
815722331,human,0.76,human,0.0
815722332,non_human,0.506,human,1.0
815722333,human,0.948,human,0.0
815722334,human,0.978,human,0.0
815722335,human,0.94,human,0.0
815722337,human,0.705,human,0.0
815722338,non_human,0.661,non_human,0.0
815722340,human,0.939,human,0.0
815722342,human,0.963,human,0.0
815722343,non_human,0.55,non_human,0.0
815722345,human,0.728,human,0.0
815722346,non_human,0.778,non_human,0.0
815722347,human,0.621,human,0.0
815722348,human,0.795,non_human,1.0
815722351,human,0.554,human,0.0
815722352,non_human,0.641,non_human,0.0
815722354,non_human,0.738,non_human,0.0
815722357,human,0.95,human,0.0
815722358,non_human,0.509,human,1.0
815722359,non_human,0.554,non_human,0.0
815722360,human,0.99,human,0.0
815722361,human,0.791,human,0.0
815722362,human,0.953,non_human,1.0
815722363,non_human,0.522,human,1.0
815722364,non_human,0.807,non_human,0.0
815722365,human,0.985,human,0.0
815722366,human,0.759,non_human,1.0
815722367,human,0.799,human,0.0
815722368,human,0.867,human,0.0
815722369,human,0.861,human,0.0
815722370,human,0.847,human,0.0
815722371,human,0.591,human,0.0
815722372,human,0.697,human,0.0
815722373,human,0.976,human,0.0
815722374,non_human,0.83,non_human,0.0
815722375,human,0.962,human,0.0
815722376,human,0.642,non_human,1.0
815722377,human,0.8,non_human,1.0
815722378,non_human,0.77,non_human,0.0
815722379,human,0.836,human,0.0
815722381,human,0.99,human,0.0
815722382,human,0.993,human,0.0
815722383,human,0.885,human,0.0
815722384,human,0.75,human,0.0
815722385,human,0.962,human,0.0
815722386,non_human,0.664,non_human,0.0
815722387,human,0.991,human,0.0
815722388,non_human,0.553,non_human,0.0
815722389,human,0.828,human,0.0
815722390,non_human,0.543,non_human,0.0
815722392,human,0.978,human,0.0
815722393,human,0.993,human,0.0
815722394,human,0.858,human,0.0
815722395,human,0.971,human,0.0
815722396,human,0.917,human,0.0
815722397,human,0.826,human,0.0
815722398,human,0.599,non_human,1.0
815722399,human,0.791,non_human,1.0
815722400,human,0.835,human,0.0
815722401,human,0.675,non_human,1.0
815722402,human,0.859,human,0.0
815722403,human,0.859,human,0.0
815722404,human,0.655,human,0.0
815722406,human,0.984,human,0.0
815722407,human,0.589,non_human,1.0
815722408,human,0.544,human,0.0
815722409,human,0.79,human,0.0
815722410,human,0.905,non_human,1.0
815722413,human,0.75,human,0.0
815722414,human,0.732,non_human,1.0
815722415,human,0.523,human,0.0
815722417,human,0.769,human,0.0
815722418,human,0.527,human,0.0
815722419,human,0.834,non_human,1.0
815722420,human,0.902,human,0.0
815722421,human,0.734,human,0.0
815722422,non_human,0.928,non_human,0.0
815722423,human,0.943,human,0.0
815722424,human,0.917,human,0.0
815722425,human,0.931,human,0.0
815722426,human,0.954,human,0.0
815722427,human,0.682,human,0.0
815722428,human,0.953,human,0.0
815722429,human,0.947,human,0.0
815722430,human,0.927,non_human,1.0
815722431,human,0.674,non_human,1.0
815722432,human,0.701,human,0.0
815722433,human,0.889,human,0.0
815722434,non_human,0.743,non_human,0.0
815722435,human,0.84,human,0.0
815722436,non_human,0.515,non_human,0.0
815722437,human,0.952,human,0.0
815722438,human,0.9,human,0.0
815722439,non_human,0.679,human,1.0
815722440,human,0.934,human,0.0
815722441,non_human,0.508,human,1.0
815722442,human,0.921,human,0.0
815722443,human,0.922,human,0.0
815722444,human,0.922,human,0.0
815722445,human,0.948,human,0.0
815722446,human,0.974,human,0.0
815722447,non_human,0.55,human,1.0
815722448,human,0.907,human,0.0
815722449,human,0.586,human,0.0
815722452,human,0.868,human,0.0
815722453,non_human,0.616,non_human,0.0
815722454,human,0.929,human,0.0
815722455,human,0.981,human,0.0
815722456,human,0.835,human,0.0
815722457,human,0.962,human,0.0
815722458,human,0.917,human,0.0
815722459,human,0.853,human,0.0
815722460,human,0.947,human,0.0
815722461,human,0.861,non_human,1.0
815722462,human,0.689,non_human,1.0
815722463,human,0.987,human,0.0
815722464,human,0.806,human,0.0
815722465,human,0.943,human,0.0
815722466,human,0.962,human,0.0
815722467,human,0.945,human,0.0
815722468,human,0.869,human,0.0
815722469,human,0.809,human,0.0
815722470,human,0.937,human,0.0
815722471,human,0.963,human,0.0
815722472,human,0.843,human,0.0
815722473,human,0.591,non_human,1.0
815722474,non_human,0.564,non_human,0.0
815722475,human,0.95,human,0.0
815722476,human,0.936,human,0.0
815722477,human,0.978,human,0.0
815722478,human,0.899,human,0.0
815722479,human,0.975,human,0.0
815722480,human,0.836,human,0.0
815722481,human,0.834,human,0.0
815722482,human,0.507,non_human,1.0
815722483,non_human,0.516,human,1.0
815722486,human,0.945,human,0.0
815722487,human,0.756,human,0.0
815722488,human,0.615,non_human,1.0
815722489,human,0.836,human,0.0
815722491,human,0.848,human,0.0
815722492,human,0.895,human,0.0
815722493,human,0.946,human,0.0
815722494,human,0.972,human,0.0
815722495,human,0.793,human,0.0
815722496,human,0.924,human,0.0
815722497,non_human,0.647,human,1.0
815722498,human,0.987,human,0.0
815722499,human,0.971,human,0.0
815722500,human,0.853,human,0.0
815722501,human,0.945,human,0.0
815722502,human,0.798,human,0.0
815722503,human,0.957,human,0.0
815722504,human,0.926,human,0.0
815722505,human,0.957,human,0.0
815722506,human,0.875,non_human,1.0
815722507,human,0.849,human,0.0
815722508,human,0.95,human,0.0
815722509,human,0.895,human,0.0
815722510,human,0.698,non_human,1.0
815722511,human,0.717,human,0.0
815722512,human,0.773,human,0.0
815722513,human,0.585,human,0.0
815722515,non_human,0.585,human,1.0
815722516,non_human,0.622,non_human,0.0
815722517,human,0.913,non_human,1.0
815722518,non_human,0.52,non_human,0.0
815722519,human,0.929,human,0.0
815722520,human,0.812,human,0.0
815722521,human,0.971,human,0.0
815722522,human,0.743,non_human,1.0
815722523,human,0.642,human,0.0
815722524,human,0.798,human,0.0
815722525,human,0.812,human,0.0
815722526,human,0.86,human,0.0
815722527,human,0.689,human,0.0
815722528,human,0.787,human,0.0
815722529,human,0.876,non_human,1.0
815722530,non_human,0.698,non_human,0.0
815722531,human,0.774,human,0.0
815722532,human,0.973,human,0.0
815722533,human,0.988,human,0.0
815722534,human,0.884,human,0.0
815722535,human,0.841,human,0.0
815722536,human,0.969,human,0.0
815722537,non_human,0.814,non_human,0.0
815722538,non_human,0.913,non_human,0.0
815722539,human,0.691,non_human,1.0
815722540,human,0.785,human,0.0
815722541,human,0.985,human,0.0
815722542,human,0.966,human,0.0
815722543,human,0.858,non_human,1.0
815722544,non_human,0.717,non_human,0.0
815722545,human,0.737,human,0.0
815722546,human,0.89,human,0.0
815722547,human,0.968,human,0.0
815722548,human,0.836,human,0.0
815722549,non_human,0.644,non_human,0.0
815722550,human,0.779,human,0.0
815722551,non_human,0.58,non_human,0.0
815722553,human,0.951,human,0.0
815722554,human,0.568,human,0.0
815722555,human,0.979,human,0.0
815722556,human,0.993,human,0.0
815722557,human,0.565,non_human,1.0
815722558,human,0.928,human,0.0
815722560,human,0.953,human,0.0
815722561,human,0.967,human,0.0
815722562,human,0.929,human,0.0
815722563,human,0.999,human,0.0
815722564,human,0.798,human,0.0
815722565,non_human,0.681,human,1.0
815722566,human,0.97,human,0.0
815722567,non_human,0.662,human,1.0
815722568,human,0.882,human,0.0
815722569,non_human,0.855,human,1.0
815722570,human,0.751,human,0.0
815722571,human,0.783,human,0.0
815722572,human,0.788,human,0.0
815722573,human,0.776,human,0.0
815722574,human,0.913,human,0.0
815722575,human,0.95,human,0.0
815722576,human,0.952,human,0.0
815722577,human,0.92,human,0.0
815722578,non_human,0.719,non_human,0.0
815722579,human,0.79,non_human,1.0
815722580,human,0.839,human,0.0
815722581,human,0.908,human,0.0
815722583,non_human,0.679,non_human,0.0
815722584,human,0.952,human,0.0
815722585,human,0.882,human,0.0
815722586,human,0.709,non_human,1.0
815722587,human,0.955,human,0.0
815722588,human,0.955,human,0.0
815722590,human,0.951,human,0.0
815722591,human,0.91,human,0.0
815722592,human,0.915,human,0.0
815722593,non_human,0.613,non_human,0.0
815722594,human,0.959,human,0.0
815722596,human,0.993,human,0.0
815722597,human,0.965,human,0.0
815722598,human,0.683,human,0.0
815722599,human,0.967,human,0.0
815722600,non_human,0.553,non_human,0.0
815722601,human,0.883,human,0.0
815722602,human,0.728,non_human,1.0
815722603,human,0.978,human,0.0
815722604,human,0.879,human,0.0
815722605,human,0.981,human,0.0
815722606,human,0.805,non_human,1.0
815722607,human,0.923,human,0.0
815722608,human,0.513,non_human,1.0
815722609,human,0.956,human,0.0
815722611,human,0.963,human,0.0
815722612,human,0.612,human,0.0
815722613,human,0.972,human,0.0
815722614,human,0.918,human,0.0
815722615,non_human,0.809,human,1.0
815722616,human,0.983,human,0.0
815722617,human,0.526,human,0.0
815722618,human,0.942,human,0.0
815722619,human,0.528,human,0.0
815722621,human,0.912,human,0.0
815722622,human,0.93,human,0.0
815722623,human,0.938,human,0.0
815722624,human,0.873,human,0.0
815722625,human,0.959,human,0.0
815722626,human,0.919,human,0.0
815722627,human,0.939,human,0.0
815722628,human,0.988,human,0.0
815722629,human,0.98,human,0.0
815722630,human,0.956,human,0.0
815722631,human,0.868,human,0.0
815722632,human,0.935,human,0.0
815722635,human,0.74,human,0.0
815722637,human,0.716,human,0.0
815722638,human,0.68,non_human,1.0
815722639,human,0.859,human,0.0
815722640,human,0.622,non_human,1.0
815722641,human,0.635,human,0.0
815722642,human,0.564,human,0.0
815722645,non_human,0.549,human,1.0
815722646,human,0.622,human,0.0
815722647,human,0.839,human,0.0
815722648,human,0.815,human,0.0
815722649,human,0.707,human,0.0
815722650,human,0.633,human,0.0
815722651,human,0.88,human,0.0
815722652,human,0.757,human,0.0
815722653,human,0.528,human,0.0
815722654,human,0.611,human,0.0
815722655,non_human,0.643,non_human,0.0
815722656,human,0.716,human,0.0
815722657,human,0.876,human,0.0
815722658,human,0.681,human,0.0
815722659,human,0.78,human,0.0
815722660,human,0.946,human,0.0
815722662,human,0.873,human,0.0
815722664,human,0.898,human,0.0
815722665,human,0.994,human,0.0
815722666,human,0.927,human,0.0
815722667,non_human,0.811,human,1.0
815722668,human,0.695,human,0.0
815722669,non_human,0.528,human,1.0
815722670,human,0.97,human,0.0
815722671,human,0.905,human,0.0
815722672,human,0.648,human,0.0
815722673,human,0.897,human,0.0
815722674,non_human,0.663,non_human,0.0
815722675,human,0.995,human,0.0
815722676,human,0.996,human,0.0
815722680,human,0.812,human,0.0
815722681,human,0.979,human,0.0
815722682,human,0.943,human,0.0
815722684,non_human,0.882,non_human,0.0
815722685,human,0.617,human,0.0
815722687,human,0.864,human,0.0
815722689,human,0.919,human,0.0
815722690,human,0.606,human,0.0
815722691,non_human,0.727,human,1.0
815722692,human,0.866,human,0.0
815722693,human,0.676,human,0.0
815722694,human,0.813,non_human,1.0
815722695,human,0.675,human,0.0
815722696,human,0.961,human,0.0
815722697,non_human,0.509,non_human,0.0
815722698,human,0.898,human,0.0
815722699,human,0.861,human,0.0
815722700,human,0.557,human,0.0
815722701,human,0.919,human,0.0
815722702,human,0.901,human,0.0
815722703,human,0.881,human,0.0
815722704,non_human,0.784,human,1.0
815722705,human,0.628,human,0.0
815722706,human,0.573,non_human,1.0
815722707,human,0.567,human,0.0
815722708,human,0.953,human,0.0
815722709,human,0.903,human,0.0
815722710,human,0.987,human,0.0
815722711,human,0.89,human,0.0
815722712,human,0.688,non_human,1.0
815722713,human,0.796,non_human,1.0
815722714,human,0.505,non_human,1.0
815722715,human,0.66,non_human,1.0
815722716,non_human,0.562,human,1.0
815722717,non_human,0.544,non_human,0.0
815722718,non_human,0.549,human,1.0
815722719,human,0.932,human,0.0
815722721,non_human,0.582,non_human,0.0
815722724,human,0.561,non_human,1.0
815722725,human,0.916,human,0.0
815722726,human,0.886,human,0.0
815722729,human,0.571,human,0.0
815722730,human,0.982,non_human,1.0
815722731,human,0.942,human,0.0
815722732,human,0.947,human,0.0
815722733,human,0.536,non_human,1.0
815722734,human,0.774,non_human,1.0
815722735,human,0.87,human,0.0
815722736,human,0.879,human,0.0
815722737,human,0.787,human,0.0
815722738,human,0.822,human,0.0
815722739,human,0.763,non_human,1.0
815722740,human,0.939,human,0.0
815722741,human,0.58,human,0.0
815722742,human,0.959,human,0.0
815722743,human,0.738,non_human,1.0
815722744,non_human,0.588,non_human,0.0
815722745,human,0.921,human,0.0
815722746,human,0.952,human,0.0
815722747,human,0.885,human,0.0
815722748,human,0.582,human,0.0
815722749,human,0.525,human,0.0
815722750,human,0.996,human,0.0
815722751,human,0.598,human,0.0
815722752,human,0.6,human,0.0
815722753,human,0.691,human,0.0
815722754,non_human,0.824,non_human,0.0
815722755,human,0.962,human,0.0
815722756,non_human,0.735,non_human,0.0
815722757,human,0.565,human,0.0
815722758,human,0.919,non_human,1.0
815722759,human,0.932,human,0.0
815722760,human,0.948,human,0.0
815722762,human,0.892,human,0.0
815722763,human,0.97,human,0.0
815722764,human,0.876,human,0.0
815722766,human,0.738,human,0.0
815722767,human,0.995,human,0.0
815722768,human,0.904,human,0.0
815722769,human,0.874,human,0.0
815722770,human,0.77,human,0.0
815722771,human,0.774,human,0.0
815722772,human,0.964,human,0.0
815722773,human,0.627,human,0.0
815722774,non_human,0.618,non_human,0.0
815722775,human,0.931,human,0.0
815722777,human,0.745,human,0.0
815722778,human,0.934,human,0.0
815722780,human,0.952,human,0.0
815722783,non_human,0.561,human,1.0
815722784,human,0.996,human,0.0
815722785,human,0.969,non_human,1.0
815722786,non_human,0.58,non_human,0.0
815722787,non_human,0.532,human,1.0
815722788,human,0.92,human,0.0
815722789,human,0.661,human,0.0
815722790,human,0.977,human,0.0
815722791,human,0.975,human,0.0
815722792,human,0.829,human,0.0
815722794,human,0.867,human,0.0
815722795,human,0.901,human,0.0
815722796,human,0.701,human,0.0
815722797,human,0.662,human,0.0
815722798,non_human,0.531,non_human,0.0
815722799,human,0.768,human,0.0
815722800,non_human,0.509,human,1.0
815722801,human,0.94,human,0.0
815722802,non_human,0.54,non_human,0.0
815722803,non_human,0.524,human,1.0
815722804,human,0.922,human,0.0
815722805,human,0.996,human,0.0
815722806,human,0.629,human,0.0
815722807,non_human,0.922,non_human,0.0
815722808,human,0.989,human,0.0
815722809,non_human,0.669,non_human,0.0
815722810,human,0.801,human,0.0
815722811,human,0.797,human,0.0
815722812,non_human,0.639,non_human,0.0
815722813,human,0.907,human,0.0
815722814,human,0.942,human,0.0
815722815,non_human,0.549,human,1.0
815722816,non_human,0.68,human,1.0
815722817,human,0.683,non_human,1.0
815722818,non_human,0.775,non_human,0.0
815722819,human,0.689,human,0.0
815722820,human,0.973,human,0.0
815722821,human,0.693,human,0.0
815722822,human,0.936,human,0.0
815722823,human,0.985,human,0.0
815722824,human,0.896,human,0.0
815722825,non_human,0.663,non_human,0.0
815722826,non_human,0.832,non_human,0.0
815722827,human,0.938,human,0.0
815722828,human,0.95,non_human,1.0
815722830,human,0.939,human,0.0
815722831,human,0.835,human,0.0
815722832,human,0.822,human,0.0
815722833,human,0.802,non_human,1.0
815722834,non_human,0.502,non_human,0.0
815722835,human,0.579,non_human,1.0
815722836,human,0.757,non_human,1.0
815722837,human,0.862,human,0.0
815722838,human,0.938,non_human,1.0
815722839,human,0.71,human,0.0
815722840,human,0.526,non_human,1.0
815722841,human,0.659,human,0.0
815722842,non_human,0.852,non_human,0.0
815722843,human,0.893,human,0.0
815722844,human,0.809,human,0.0
815722845,human,0.632,human,0.0
815722846,human,0.742,human,0.0
815722847,non_human,0.659,human,1.0
815722848,human,0.994,human,0.0
815722850,human,0.994,human,0.0
815722851,non_human,0.64,non_human,0.0
815722852,human,0.793,human,0.0
815722854,human,0.906,human,0.0
815722855,human,0.649,human,0.0
815722856,human,0.952,human,0.0
815722857,human,0.81,non_human,1.0
815722858,human,0.875,human,0.0
815722860,human,0.516,human,0.0
815722862,human,0.959,human,0.0
815722863,human,0.987,human,0.0
815722864,human,0.896,human,0.0
815722867,human,0.897,human,0.0
815722868,human,0.681,human,0.0
815722869,human,0.973,human,0.0
815722870,human,0.742,human,0.0
815722871,human,0.676,human,0.0
815722873,human,0.735,human,0.0
815722874,human,0.949,human,0.0
815722875,human,0.944,human,0.0
815722876,human,0.905,non_human,1.0
815722877,human,0.974,human,0.0
815722878,human,0.919,human,0.0
815722879,human,0.773,human,0.0
815722880,human,0.785,non_human,1.0
815722881,human,0.94,human,0.0
815722882,human,0.767,human,0.0
815722883,human,0.672,non_human,1.0
815722884,human,0.771,human,0.0
815722885,human,0.933,human,0.0
815722887,human,0.956,human,0.0
815722888,human,0.962,human,0.0
815722889,human,0.908,human,0.0
815722890,human,0.938,human,0.0
815722891,human,0.687,human,0.0
815722892,human,0.793,human,0.0
815722893,human,0.88,human,0.0
815722894,human,0.796,human,0.0
815722895,human,0.752,non_human,1.0
815722896,human,0.935,human,0.0
815722898,human,0.905,human,0.0
815722902,human,0.924,human,0.0
815722903,human,0.897,human,0.0
815722905,human,0.896,non_human,1.0
815722908,human,0.867,human,0.0
815722912,human,0.952,human,0.0
815722916,human,0.824,human,0.0
815722917,human,0.674,human,0.0
815722918,human,0.963,human,0.0
815722921,human,0.861,human,0.0
815722922,human,0.75,human,0.0
815722923,human,0.545,non_human,1.0
815722927,human,0.956,human,0.0
815722928,non_human,0.629,non_human,0.0
815722929,human,0.95,non_human,1.0
815722930,human,0.79,human,0.0
815722931,non_human,0.705,human,1.0
815722932,human,0.929,human,0.0
815722933,human,0.803,human,0.0
815722934,human,0.857,human,0.0
815722935,human,0.702,non_human,1.0
815722936,human,0.979,human,0.0
815722937,human,0.839,human,0.0
815722938,human,0.96,human,0.0
815722939,human,0.567,human,0.0
815722940,human,0.986,human,0.0
815722941,human,0.964,human,0.0
815722942,human,0.759,human,0.0
815722943,human,0.879,human,0.0
815722944,human,0.997,human,0.0
815722945,human,0.952,human,0.0
815722946,human,0.525,non_human,1.0
815722947,human,0.976,human,0.0
815722948,human,0.521,non_human,1.0
815722949,human,0.927,human,0.0
815722950,non_human,0.716,human,1.0
815722951,human,0.825,human,0.0
815722952,human,0.924,human,0.0
815722955,human,0.776,human,0.0
815722956,human,0.765,human,0.0
815722957,human,0.708,non_human,1.0
815722958,human,0.864,human,0.0
815722959,human,0.941,human,0.0
815722960,human,0.982,human,0.0
815722961,non_human,0.818,non_human,0.0
815722962,human,0.587,non_human,1.0
815722963,human,0.973,human,0.0
815722964,human,0.918,human,0.0
815722965,human,0.819,human,0.0
815722966,human,0.962,human,0.0
815722967,non_human,0.56,non_human,0.0
815722968,human,0.755,human,0.0
815722969,human,0.984,human,0.0
815722970,human,0.823,non_human,1.0
815722971,human,0.872,non_human,1.0
815722972,human,0.916,human,0.0
815722973,human,0.955,human,0.0
815722974,human,0.88,non_human,1.0
815722975,human,0.741,non_human,1.0
815722976,human,0.901,non_human,1.0
815722977,human,0.763,non_human,1.0
815722978,human,0.881,human,0.0
815722979,human,0.947,human,0.0
815722981,human,0.651,human,0.0
815722982,human,0.633,human,0.0
815722983,human,0.716,human,0.0
815722984,human,0.92,human,0.0
815722985,human,0.986,human,0.0
815722986,human,0.986,human,0.0
815722987,non_human,0.568,human,1.0
815722989,human,0.675,human,0.0
815722990,non_human,0.884,non_human,0.0
815722991,human,0.863,human,0.0
815722992,human,0.97,human,0.0
815722993,human,0.962,human,0.0
815722995,human,0.823,non_human,1.0
815722998,non_human,0.513,human,1.0
815722999,human,0.931,human,0.0
815723000,human,0.616,human,0.0
815723001,human,0.566,non_human,1.0
815723003,human,0.924,human,0.0
815723004,human,0.793,human,0.0
815723005,human,0.507,human,0.0
815723006,human,0.993,human,0.0
815723008,human,0.663,human,0.0
815723009,human,0.672,human,0.0
815723010,human,0.731,human,0.0
815723011,human,0.87,human,0.0
815723012,human,0.848,human,0.0
815723013,non_human,0.552,human,1.0
815723014,human,0.942,human,0.0
815723015,non_human,0.554,human,1.0
815723016,human,0.871,human,0.0
815723017,human,0.983,human,0.0
815723018,human,0.607,human,0.0
815723020,human,0.87,human,0.0
815723021,human,0.671,non_human,1.0
815723022,human,0.61,human,0.0
815723023,human,0.723,human,0.0
815723024,human,0.923,human,0.0
815723025,non_human,0.603,non_human,0.0
815723026,human,0.95,human,0.0
815723027,human,0.789,human,0.0
815723028,human,0.955,non_human,1.0
815723029,human,0.785,human,0.0
815723030,human,0.833,human,0.0
815723031,non_human,0.524,human,1.0
815723032,human,0.606,non_human,1.0
815723033,human,0.998,human,0.0
815723034,human,0.595,non_human,1.0
815723035,human,0.684,human,0.0
815723037,human,0.833,non_human,1.0
815723038,human,0.825,human,0.0
815723039,human,0.596,human,0.0
815723040,human,0.941,human,0.0
815723041,human,0.963,human,0.0
815723042,human,0.96,human,0.0
815723043,human,0.819,human,0.0
815723045,non_human,0.749,non_human,0.0
815723046,human,0.688,human,0.0
815723047,human,0.864,human,0.0
815723048,human,0.936,human,0.0
815723049,human,0.946,human,0.0
815723051,human,0.915,human,0.0
815723052,human,0.592,non_human,1.0
815723053,non_human,0.698,non_human,0.0
815723054,human,0.819,non_human,1.0
815723056,human,0.969,non_human,1.0
815723057,human,0.635,human,0.0
815723058,human,0.931,human,0.0
815723059,non_human,0.777,human,1.0
815723060,non_human,0.572,human,1.0
815723061,non_human,0.683,non_human,0.0
815723062,human,0.766,human,0.0
815723063,human,0.834,human,0.0
815723064,human,0.998,human,0.0
815723065,human,0.918,human,0.0
815723066,human,0.722,non_human,1.0
815723067,human,0.913,human,0.0
815723068,human,0.981,human,0.0
815723069,human,0.99,human,0.0
815723070,human,0.817,human,0.0
815723071,human,0.945,human,0.0
815723072,human,0.875,human,0.0
815723073,human,0.791,human,0.0
815723075,non_human,0.866,non_human,0.0
815723076,human,0.917,human,0.0
815723077,human,0.806,human,0.0
815723078,human,0.949,human,0.0
815723079,human,0.993,human,0.0
815723080,human,0.94,human,0.0
815723081,non_human,0.771,non_human,0.0
815723082,human,0.951,human,0.0
815723083,human,0.628,non_human,1.0
815723084,human,0.561,human,0.0
815723085,human,0.658,human,0.0
815723086,human,0.681,human,0.0
815723087,human,0.891,human,0.0
815723089,human,0.828,human,0.0
815723090,non_human,0.756,human,1.0
815723091,human,0.746,non_human,1.0
815723092,human,0.915,human,0.0
815723093,human,0.957,human,0.0
815723094,human,0.987,human,0.0
815723095,non_human,0.531,non_human,0.0
815723096,human,0.979,human,0.0
815723097,human,0.943,human,0.0
815723098,human,0.928,human,0.0
815723099,human,0.833,human,0.0
815723100,human,0.935,human,0.0
815723101,human,0.933,human,0.0
815723102,human,0.598,non_human,1.0
815723103,human,0.909,human,0.0
815723104,human,0.855,human,0.0
815723105,human,0.552,non_human,1.0
815723106,human,0.743,non_human,1.0
815723107,human,0.99,human,0.0
815723108,non_human,0.746,non_human,0.0
815723109,human,0.834,human,0.0
815723110,human,0.924,human,0.0
815723111,human,0.897,human,0.0
815723112,human,0.989,human,0.0
815723113,human,0.983,human,0.0
815723114,human,0.717,human,0.0
815723115,non_human,0.731,non_human,0.0
815723116,human,0.928,human,0.0
815723117,human,0.742,non_human,1.0
815723119,human,0.963,human,0.0
815723120,human,0.913,human,0.0
815723121,human,0.814,human,0.0
815723122,human,0.939,human,0.0
815723123,non_human,0.557,non_human,0.0
815723124,human,0.972,human,0.0
815723125,human,0.729,human,0.0
815723127,human,0.886,human,0.0
815723128,human,0.974,human,0.0
815723129,non_human,0.646,human,1.0
815723130,non_human,0.676,non_human,0.0
815723131,human,0.928,human,0.0
815723132,non_human,0.766,human,1.0
815723134,human,0.787,human,0.0
815723135,human,0.787,non_human,1.0
815723136,human,0.955,human,0.0
815723137,human,0.801,non_human,1.0
815723139,human,0.722,human,0.0
815723140,non_human,0.561,non_human,0.0
815723141,human,0.744,human,0.0
815723142,human,0.523,human,0.0
815723143,human,0.664,human,0.0
815723144,non_human,0.903,non_human,0.0
815723146,human,0.95,human,0.0
815723147,human,0.971,human,0.0
815723148,human,0.988,human,0.0
815723149,human,0.963,human,0.0
815723150,human,0.948,human,0.0
815723151,human,0.632,human,0.0
815723152,human,0.834,human,0.0
815723154,human,0.913,human,0.0
815723155,non_human,0.716,human,1.0
815723156,human,0.954,human,0.0
815723157,human,0.829,human,0.0
815723158,human,0.871,human,0.0
815723159,human,0.95,human,0.0
815723160,human,0.953,human,0.0
815723163,non_human,0.73,non_human,0.0
815723164,non_human,0.697,non_human,0.0
815723165,human,0.958,human,0.0
815723166,non_human,0.511,non_human,0.0
815723167,human,0.937,human,0.0
815723168,human,0.931,human,0.0
815723169,human,0.774,non_human,1.0
815723170,human,0.815,human,0.0
815723171,human,0.703,non_human,1.0
815723172,human,0.58,human,0.0
815723173,human,0.945,human,0.0
815723174,non_human,0.543,human,1.0
815723175,human,0.716,human,0.0
815723176,human,0.645,non_human,1.0
815723177,human,0.89,human,0.0
815723179,human,0.501,human,0.0
815723181,human,0.926,human,0.0
815723183,human,0.758,non_human,1.0
815723184,human,0.884,human,0.0
815723186,human,0.898,human,0.0
815723187,human,0.578,non_human,1.0
815723188,non_human,0.751,non_human,0.0
815723189,human,0.956,human,0.0
815723191,non_human,0.604,human,1.0
815723192,human,0.958,human,0.0
815723193,non_human,0.536,non_human,0.0
815723195,human,0.988,human,0.0
815723196,human,0.623,non_human,1.0
815723197,human,0.867,human,0.0
815723198,human,0.715,human,0.0
815723199,human,0.59,human,0.0
815723200,human,0.967,human,0.0
815723202,human,0.847,human,0.0
815723203,human,0.586,human,0.0
815723204,human,0.991,human,0.0
815723205,human,0.746,non_human,1.0
815723206,human,0.966,non_human,1.0
815723207,human,0.515,human,0.0
815723208,human,0.862,human,0.0
815723209,human,0.797,human,0.0
815723210,human,0.884,human,0.0
815723212,non_human,0.732,non_human,0.0
815723213,human,0.64,non_human,1.0
815723215,human,0.783,human,0.0
815723216,human,0.69,human,0.0
815723217,human,0.501,human,0.0
815723218,human,0.709,human,0.0
815723219,human,0.548,non_human,1.0
815723220,human,0.79,human,0.0
815723221,human,0.819,non_human,1.0
815723222,human,0.917,human,0.0
815723223,human,0.885,human,0.0
815723224,human,0.957,human,0.0
815723225,human,0.959,human,0.0
815723226,human,0.597,human,0.0
815723227,human,0.627,human,0.0
815723228,human,0.861,human,0.0
815723229,human,0.912,human,0.0
815723230,non_human,0.661,non_human,0.0
815723231,human,0.681,non_human,1.0
815723232,human,0.981,human,0.0
815723233,non_human,0.707,non_human,0.0
815723234,non_human,0.665,non_human,0.0
815723235,human,0.968,non_human,1.0
815723236,human,0.586,human,0.0
815723237,human,0.781,human,0.0
815723240,human,0.966,human,0.0
815723241,human,0.983,human,0.0
815723242,non_human,0.757,non_human,0.0
815723243,human,0.631,human,0.0
815723244,human,0.679,human,0.0
815723246,human,0.543,human,0.0
815723247,human,0.818,non_human,1.0
815723250,human,0.547,human,0.0
815723251,human,0.951,human,0.0
815723252,human,0.929,human,0.0
815723253,human,0.882,human,0.0
815723254,human,0.752,human,0.0
815723255,human,0.802,human,0.0
815723256,human,0.782,human,0.0
815723257,human,0.925,human,0.0
815723258,human,0.792,human,0.0
815723259,non_human,0.644,non_human,0.0
815723260,non_human,0.55,non_human,0.0
815723261,human,0.869,human,0.0
815723262,human,0.954,human,0.0
815723263,human,0.698,non_human,1.0
815723264,human,0.949,human,0.0
815723265,human,0.861,non_human,1.0
815723266,human,0.571,non_human,1.0
815723267,human,0.517,non_human,1.0
815723268,human,0.663,human,0.0
815723269,human,0.918,human,0.0
815723270,human,0.826,human,0.0
815723271,human,0.937,human,0.0
815723272,human,0.924,human,0.0
815723273,human,0.976,human,0.0
815723274,non_human,0.508,human,1.0
815723275,non_human,0.554,human,1.0
815723276,non_human,0.636,human,1.0
815723278,human,0.963,human,0.0
815723279,human,0.927,human,0.0
815723280,non_human,0.816,non_human,0.0
815723281,non_human,0.561,human,1.0
815723282,human,0.596,human,0.0
815723283,human,0.783,human,0.0
815723284,human,0.898,human,0.0
815723285,human,0.815,non_human,1.0
815723286,human,0.679,human,0.0
815723287,non_human,0.505,non_human,0.0
815723288,human,0.813,non_human,1.0
815723289,human,0.656,human,0.0
815723290,non_human,0.855,non_human,0.0
815723291,human,0.835,human,0.0
815723293,human,0.636,human,0.0
815723294,human,0.919,human,0.0
815723295,non_human,0.698,non_human,0.0
815723296,non_human,0.605,non_human,0.0
815723298,human,0.563,human,0.0
815723299,human,0.697,human,0.0
815723301,human,0.882,human,0.0
815723302,human,0.68,human,0.0
815723303,non_human,0.645,non_human,0.0
815723304,human,0.976,human,0.0
815723305,human,0.79,human,0.0
815723307,human,0.537,human,0.0
815723308,human,0.763,human,0.0
815723309,human,0.886,human,0.0
815723310,human,0.948,human,0.0
815723311,non_human,0.679,non_human,0.0
815723312,human,0.987,human,0.0
815723313,human,0.643,human,0.0
815723314,human,0.957,human,0.0
815723315,non_human,0.885,non_human,0.0
815723316,human,0.979,human,0.0
815723317,human,0.901,non_human,1.0
815723318,non_human,0.71,non_human,0.0
815723319,human,0.765,non_human,1.0
815723320,non_human,0.604,non_human,0.0
815723321,non_human,0.501,human,1.0
815723322,human,0.523,human,0.0
815723323,human,0.981,human,0.0
815723324,human,0.94,non_human,1.0
815723325,non_human,0.685,human,1.0
815723326,human,0.886,human,0.0
815723327,human,0.876,human,0.0
815723328,human,0.783,human,0.0
815723329,human,0.978,non_human,1.0
815723330,non_human,0.742,human,1.0
815723331,human,0.984,human,0.0
815723332,human,0.884,human,0.0
815723334,human,0.845,human,0.0
815723335,human,0.765,non_human,1.0
815723336,human,0.713,human,0.0
815723337,human,0.954,human,0.0
815723338,human,0.523,human,0.0
815723339,human,0.957,human,0.0
815723340,non_human,0.715,non_human,0.0
815723341,human,0.794,human,0.0
815723342,human,0.915,human,0.0
815723343,human,0.923,human,0.0
815723344,human,0.726,human,0.0
815723345,human,0.932,human,0.0
815723347,human,0.76,human,0.0
815723348,human,0.847,human,0.0
815723350,human,0.981,human,0.0
815723351,non_human,0.639,non_human,0.0
815723352,human,0.734,non_human,1.0
815723353,human,0.681,human,0.0
815723354,human,0.872,human,0.0
815723355,non_human,0.679,non_human,0.0
815723356,non_human,0.523,non_human,0.0
815723357,human,0.505,non_human,1.0
815723358,human,0.988,human,0.0
815723359,human,0.818,human,0.0
815723360,human,0.908,human,0.0
815723361,human,0.996,human,0.0
815723362,human,0.615,human,0.0
815723363,human,0.805,non_human,1.0
815723364,human,0.821,human,0.0
815723365,non_human,0.667,non_human,0.0
815723366,human,0.661,human,0.0
815723367,non_human,0.616,human,1.0
815723368,non_human,0.753,human,1.0
815723369,human,0.807,human,0.0
815723371,non_human,0.82,non_human,0.0
815723372,human,0.712,non_human,1.0
815723373,human,0.972,human,0.0
815723374,human,0.759,human,0.0
815723375,human,0.7,non_human,1.0
815723376,human,0.534,human,0.0
815723377,non_human,0.759,non_human,0.0
815723378,human,0.628,human,0.0
815723379,non_human,0.711,non_human,0.0
815723380,human,0.77,non_human,1.0
815723381,human,0.83,human,0.0
815723382,human,0.939,non_human,1.0
815723383,human,0.656,human,0.0
815723384,human,0.824,human,0.0
815723385,human,0.59,human,0.0
815723387,human,0.588,human,0.0
815723388,human,0.537,human,0.0
815723389,non_human,0.836,non_human,0.0
815723390,human,0.74,human,0.0
815723391,human,0.699,non_human,1.0
815723392,non_human,0.733,non_human,0.0
815723393,human,0.889,human,0.0
815723395,human,0.901,human,0.0
815723396,human,0.888,human,0.0
815723397,human,0.819,human,0.0
815723399,non_human,0.602,non_human,0.0
815723400,non_human,0.538,human,1.0
815723401,human,0.511,non_human,1.0
815723402,human,0.899,human,0.0
815723403,human,0.948,human,0.0
815723404,non_human,0.714,non_human,0.0
815723405,human,0.678,non_human,1.0
815723406,human,0.656,human,0.0
815723407,non_human,0.726,non_human,0.0
815723408,non_human,0.682,non_human,0.0
815723409,non_human,0.715,non_human,0.0
815723410,non_human,0.771,non_human,0.0
815723411,non_human,0.848,non_human,0.0
815723412,human,0.864,human,0.0
815723413,non_human,0.725,human,1.0
815723414,non_human,0.638,human,1.0
815723415,non_human,0.822,human,1.0
815723416,human,0.81,human,0.0
815723417,human,0.725,human,0.0
815723418,non_human,0.573,human,1.0
815723419,human,0.988,human,0.0
815723420,human,0.896,human,0.0
815723421,human,0.848,human,0.0
815723422,human,0.963,human,0.0
815723423,non_human,0.55,human,1.0
815723424,human,0.88,human,0.0
815723425,non_human,0.576,human,1.0
815723426,human,0.687,non_human,1.0
815723428,non_human,0.532,non_human,0.0
815723429,human,0.852,human,0.0
815723430,human,0.757,non_human,1.0
815723431,human,0.705,non_human,1.0
815723432,non_human,0.729,human,1.0
815723433,human,0.878,human,0.0
815723434,human,0.977,human,0.0
815723435,non_human,0.661,non_human,0.0
815723436,human,0.812,human,0.0
815723437,human,0.843,human,0.0
815723438,human,0.988,human,0.0
815723439,non_human,0.713,non_human,0.0
815723440,human,0.538,non_human,1.0
815723441,human,0.595,human,0.0
815723442,human,0.993,human,0.0
815723444,non_human,0.664,human,1.0
815723445,human,0.861,human,0.0
815723446,non_human,0.608,non_human,0.0
815723447,human,0.712,human,0.0
815723449,human,0.862,human,0.0
815723450,human,0.636,non_human,1.0
815723452,human,0.859,human,0.0
815723453,human,0.996,human,0.0
815723454,human,0.997,human,0.0
815723455,human,0.983,human,0.0
815723457,human,0.944,human,0.0
815723458,human,0.99,human,0.0
815723459,human,0.897,human,0.0
815723460,non_human,0.541,human,1.0
815723461,human,0.869,non_human,1.0
815723462,human,0.93,human,0.0
815723464,human,0.971,human,0.0
815723465,human,0.878,non_human,1.0
815723466,human,0.858,human,0.0
815723467,human,0.967,human,0.0
815723468,human,0.994,human,0.0
815723469,human,0.794,human,0.0
815723470,human,0.814,human,0.0
815723471,human,0.726,human,0.0
815723473,human,0.967,human,0.0
815723474,human,0.802,non_human,1.0
815723475,human,0.688,human,0.0
815723476,human,0.763,human,0.0
815723477,human,0.966,human,0.0
815723479,non_human,0.732,non_human,0.0
815723480,human,0.898,human,0.0
815723481,human,0.88,human,0.0
815723483,human,0.798,human,0.0
815723485,human,0.918,human,0.0
815723487,human,0.912,human,0.0
815723488,human,0.978,human,0.0
815723489,human,0.579,non_human,1.0
815723490,non_human,0.744,non_human,0.0
815723491,human,0.752,human,0.0
815723492,human,0.719,non_human,1.0
815723493,human,0.828,human,0.0
815723494,human,0.97,human,0.0
815723495,non_human,0.724,non_human,0.0
815723496,human,0.732,human,0.0
815723497,human,0.871,non_human,1.0
815723498,human,0.92,human,0.0
815723499,human,0.969,human,0.0
815723500,human,0.937,human,0.0
815723501,human,0.842,human,0.0
815723502,human,0.866,human,0.0
815723503,human,0.993,human,0.0
815723504,human,0.685,non_human,1.0
815723505,non_human,0.685,human,1.0
815723506,human,0.972,human,0.0
815723508,human,0.812,human,0.0
815723509,non_human,0.876,non_human,0.0
815723510,human,0.504,human,0.0
815723511,non_human,0.799,human,1.0
815723512,non_human,0.515,human,1.0
815723513,human,0.746,human,0.0
815723514,human,0.626,human,0.0
815723515,human,0.83,human,0.0
815723516,human,0.945,human,0.0
815723517,human,0.833,human,0.0
815723518,human,0.953,human,0.0
815723519,human,0.757,human,0.0
815723520,human,0.922,human,0.0
815723522,human,0.904,human,0.0
815723523,human,0.971,human,0.0
815723524,human,0.837,human,0.0
815723525,human,0.735,non_human,1.0
815723527,human,0.71,human,0.0
815723528,non_human,0.525,human,1.0
815723529,human,0.956,human,0.0
815723530,human,0.909,human,0.0
815723531,non_human,0.764,human,1.0
815723532,human,0.664,human,0.0
815723533,human,0.714,human,0.0
815723534,non_human,0.534,non_human,0.0
815723535,human,0.764,non_human,1.0
815723536,human,0.92,human,0.0
815723537,human,0.801,non_human,1.0
815723538,non_human,0.819,non_human,0.0
815723539,human,0.793,human,0.0
815723540,human,0.962,human,0.0
815723541,non_human,0.632,non_human,0.0
815723542,non_human,0.516,human,1.0
815723543,human,0.673,non_human,1.0
815723545,human,0.993,human,0.0
815723546,human,0.972,human,0.0
815723547,human,0.913,human,0.0
815723548,human,0.654,human,0.0
815723549,human,0.576,human,0.0
815723550,human,0.912,non_human,1.0
815723551,human,0.964,human,0.0
815723552,human,0.552,non_human,1.0
815723553,human,0.974,human,0.0
815723554,human,0.917,human,0.0
815723555,human,0.524,human,0.0
815723556,non_human,0.752,human,1.0
815723557,human,0.85,human,0.0
815723559,human,0.882,human,0.0
815723560,human,0.608,human,0.0
815723562,human,0.979,human,0.0
815723563,non_human,0.985,non_human,0.0
815723564,human,0.887,human,0.0
815723566,human,0.685,non_human,1.0
815723567,human,0.693,human,0.0
815723568,human,0.715,human,0.0
815723569,non_human,0.633,non_human,0.0
815723570,human,0.78,human,0.0
815723571,non_human,0.894,non_human,0.0
815723573,human,0.83,human,0.0
815723574,human,0.667,non_human,1.0
815723575,non_human,0.674,non_human,0.0
815723576,human,0.605,human,0.0
815723577,human,0.865,human,0.0
815723578,human,0.897,human,0.0
815723579,human,0.908,human,0.0
815723580,human,0.855,human,0.0
815723581,human,0.954,non_human,1.0
815723582,human,0.995,human,0.0
815723585,human,0.614,non_human,1.0
815723586,human,0.975,human,0.0
815723587,human,0.909,human,0.0
815723588,human,0.564,non_human,1.0
815723589,non_human,0.627,non_human,0.0
815723590,human,0.678,non_human,1.0
815723591,human,0.968,human,0.0
815723592,human,0.689,non_human,1.0
815723593,human,0.889,non_human,1.0
815723594,human,0.928,non_human,1.0
815723596,human,0.934,human,0.0
815723598,human,0.968,human,0.0
815723600,human,0.941,non_human,1.0
815723601,human,0.79,human,0.0
815723602,human,0.613,human,0.0
815723603,human,0.693,human,0.0
815723604,non_human,0.647,non_human,0.0
815723605,human,0.977,human,0.0
815723608,human,0.829,human,0.0
815723609,human,0.942,human,0.0
815723610,human,0.793,non_human,1.0
815723611,human,0.959,non_human,1.0
815723612,human,0.953,human,0.0
815723614,human,0.958,human,0.0
815723615,human,0.851,human,0.0
815723616,human,0.713,non_human,1.0
815723617,human,0.853,human,0.0
815723618,non_human,0.601,human,1.0
815723619,human,0.726,human,0.0
815723620,human,0.987,human,0.0
815723621,non_human,0.621,non_human,0.0
815723622,human,0.732,non_human,1.0
815723623,human,0.502,non_human,1.0
815723624,human,0.879,human,0.0
815723625,human,0.971,human,0.0
815723626,human,0.598,human,0.0
815723629,human,0.955,human,0.0
815723630,human,0.814,human,0.0
815723631,human,0.69,human,0.0
815723633,human,0.992,human,0.0
815723634,human,0.898,human,0.0
815723635,human,0.931,human,0.0
815723636,human,0.939,human,0.0
815723637,human,0.693,non_human,1.0
815723638,human,0.954,human,0.0
815723639,human,0.987,human,0.0
815723640,human,0.879,human,0.0
815723641,human,0.886,human,0.0
815723642,non_human,0.565,human,1.0
815723643,human,0.535,human,0.0
815723644,human,0.539,non_human,1.0
815723645,non_human,0.595,non_human,0.0
815723646,human,0.972,human,0.0
815723647,human,0.907,human,0.0
815723648,human,0.783,non_human,1.0
815723649,human,0.696,human,0.0
815723651,human,0.884,human,0.0
815723652,human,0.974,human,0.0
815723653,human,0.897,human,0.0
815723654,non_human,0.984,non_human,0.0
815723655,human,0.995,human,0.0
815723657,non_human,0.983,non_human,0.0
815723658,human,0.819,human,0.0
815723659,non_human,0.576,human,1.0
815723660,human,0.828,non_human,1.0
815723661,non_human,0.619,non_human,0.0
815723662,human,0.889,human,0.0
815723663,non_human,0.727,non_human,0.0
815723664,human,0.8,human,0.0
815723665,human,0.667,human,0.0
815723666,human,0.995,human,0.0
815723667,human,0.933,human,0.0
815723669,human,0.583,human,0.0
815723670,human,0.902,human,0.0
815723671,human,0.661,non_human,1.0
815723672,human,0.73,human,0.0
815723673,human,0.835,non_human,1.0
815723674,non_human,0.58,non_human,0.0
815723675,human,0.596,human,0.0
815723676,human,0.884,human,0.0
815723677,non_human,0.82,non_human,0.0
815723678,human,0.602,human,0.0
815723679,non_human,0.506,human,1.0
815723680,human,0.676,non_human,1.0
815723681,human,0.94,human,0.0
815723683,human,0.832,human,0.0
815723684,non_human,0.683,non_human,0.0
815723685,human,0.847,human,0.0
815723686,human,0.826,human,0.0
815723687,non_human,0.683,human,1.0
815723688,non_human,0.791,human,1.0
815723689,human,0.661,human,0.0
815723690,human,0.733,human,0.0
815723691,non_human,0.612,non_human,0.0
815723692,human,0.524,human,0.0
815723693,non_human,0.67,non_human,0.0
815723694,human,0.544,non_human,1.0
815723695,human,0.545,non_human,1.0
815723696,non_human,0.502,human,1.0
815723697,human,0.803,human,0.0
815723698,human,0.982,human,0.0
815723699,human,0.609,non_human,1.0
815723702,human,0.811,non_human,1.0
815723703,human,0.589,human,0.0
815723704,human,0.949,human,0.0
815723705,human,0.946,human,0.0
815723706,non_human,0.978,non_human,0.0
815723707,non_human,0.55,human,1.0
815723708,human,0.807,human,0.0
815723709,non_human,0.518,non_human,0.0
815723710,human,0.977,human,0.0
815723711,non_human,0.93,human,1.0
815723712,human,0.524,non_human,1.0
815723713,non_human,0.506,non_human,0.0
815723714,human,0.538,non_human,1.0
815723715,human,0.746,human,0.0
815723717,human,0.911,human,0.0
815723718,human,0.98,human,0.0
815723719,human,0.696,human,0.0
815723720,human,0.982,human,0.0
815723721,human,0.929,human,0.0
815723722,human,0.844,non_human,1.0
815723723,human,0.81,human,0.0
815723724,human,0.994,human,0.0
815723725,human,0.871,human,0.0
815723727,human,0.971,human,0.0
815723728,non_human,0.747,non_human,0.0
815723729,human,0.889,human,0.0
815723730,non_human,0.782,human,1.0
815723731,human,0.84,human,0.0
815723732,non_human,0.551,human,1.0
815723733,human,0.543,human,0.0
815723734,human,0.936,human,0.0
815723735,human,0.878,human,0.0
815723736,human,0.556,human,0.0
815723737,non_human,0.984,non_human,0.0
815723738,human,0.883,human,0.0
815723739,human,0.607,human,0.0
815723740,human,0.866,human,0.0
815723741,human,0.97,human,0.0
815723742,human,0.957,human,0.0
815723743,human,0.967,human,0.0
815723745,human,0.558,non_human,1.0
815723746,human,0.908,human,0.0
815723747,human,0.994,human,0.0
815723748,non_human,0.821,non_human,0.0
815723749,human,0.889,human,0.0
815723750,non_human,0.747,human,1.0
815723752,human,0.991,human,0.0
815723753,non_human,0.546,non_human,0.0
815723754,human,0.857,human,0.0
815723755,non_human,0.649,human,1.0
815723756,human,0.995,human,0.0
815723757,human,0.869,human,0.0
815723758,human,0.821,human,0.0
815723759,human,0.959,human,0.0
815723760,human,0.93,human,0.0
815723761,human,0.984,human,0.0
815723762,human,0.715,non_human,1.0
815723763,human,0.889,human,0.0
815723765,human,0.958,human,0.0
815723767,human,0.549,non_human,1.0
815723768,non_human,0.728,non_human,0.0
815723769,human,0.6,non_human,1.0
815723771,human,0.825,human,0.0
815723772,human,0.75,non_human,1.0
815723774,human,0.726,human,0.0
815723776,human,0.619,human,0.0
815723777,human,0.964,human,0.0
815723778,human,0.811,human,0.0
815723779,non_human,0.85,non_human,0.0
815723780,human,0.931,human,0.0
815723781,human,0.923,human,0.0
815723782,non_human,0.985,non_human,0.0
815723784,human,0.909,human,0.0
815723785,human,0.914,human,0.0
815723786,human,0.913,human,0.0
815723787,non_human,0.983,non_human,0.0
815723789,non_human,0.982,non_human,0.0
815723790,human,0.688,human,0.0
815723791,human,0.921,human,0.0
815723792,human,0.994,human,0.0
815723793,human,0.791,human,0.0
815723794,human,0.667,non_human,1.0
815723795,human,0.768,human,0.0
815723796,human,0.906,human,0.0
815723797,human,0.686,non_human,1.0
815723798,non_human,0.559,non_human,0.0
815723799,non_human,0.733,human,1.0
815723800,human,0.816,human,0.0
815723802,human,0.884,human,0.0
815723804,human,0.897,human,0.0
815723805,non_human,0.52,non_human,0.0
815723806,human,0.51,human,0.0
815723807,human,0.517,non_human,1.0
815723808,human,0.814,human,0.0
815723809,human,0.97,human,0.0
815723810,human,0.927,human,0.0
815723811,human,0.876,human,0.0
815723812,human,0.84,non_human,1.0
815723813,human,0.628,human,0.0
815723814,human,0.715,human,0.0
815723815,non_human,0.678,non_human,0.0
815723816,non_human,0.829,non_human,0.0
815723817,non_human,0.98,non_human,0.0
815723818,human,0.807,non_human,1.0
815723819,human,0.759,human,0.0
815723820,human,0.536,human,0.0
815723821,non_human,0.771,human,1.0
815723822,human,0.948,human,0.0
815723824,human,0.923,human,0.0
815723825,human,0.915,non_human,1.0
815723826,human,0.98,human,0.0
815723827,human,0.757,non_human,1.0
815723828,human,0.972,human,0.0
815723829,human,0.945,human,0.0
815723830,human,0.985,human,0.0
815723832,human,0.898,non_human,1.0
815723833,human,0.908,human,0.0
815723834,non_human,0.994,non_human,0.0
815723836,human,0.714,human,0.0
815723837,human,0.873,human,0.0
815723839,human,0.87,human,0.0
815723840,non_human,0.922,non_human,0.0
815723841,non_human,0.775,human,1.0
815723842,human,0.915,human,0.0
815723844,non_human,0.806,human,1.0
815723845,human,0.661,non_human,1.0
815723846,non_human,0.751,human,1.0
815723847,human,0.985,human,0.0
815723848,human,0.683,human,0.0
815723849,non_human,0.981,non_human,0.0
815723850,human,0.984,human,0.0
815723851,human,0.933,human,0.0
815723852,non_human,0.738,non_human,0.0
815723853,human,0.744,human,0.0
815723854,human,0.887,non_human,1.0
815723855,human,0.531,non_human,1.0
815723856,human,0.878,human,0.0
815723857,human,0.958,human,0.0
815723858,human,0.946,human,0.0
815723859,non_human,0.541,human,1.0
815723860,human,0.707,non_human,1.0
815723861,human,0.961,human,0.0
815723862,human,0.91,human,0.0
815723864,human,0.687,non_human,1.0
815723865,non_human,0.994,non_human,0.0
815723866,non_human,0.545,human,1.0
815723868,human,0.953,human,0.0
815723869,human,0.904,human,0.0
815723870,human,0.982,human,0.0
815723871,human,0.943,non_human,1.0
815723872,human,0.566,human,0.0
815723873,human,0.925,human,0.0
815723874,human,0.85,human,0.0
815723875,non_human,0.903,non_human,0.0
815723876,human,0.663,human,0.0
815723877,human,0.541,non_human,1.0
815723878,human,0.857,human,0.0
815723880,human,0.853,non_human,1.0
815723882,human,0.927,human,0.0
815723883,human,0.86,human,0.0
815723884,human,0.829,human,0.0
815723885,human,0.591,non_human,1.0
815723886,human,0.973,human,0.0
815723887,non_human,0.987,non_human,0.0
815723888,human,0.851,non_human,1.0
815723889,human,0.914,human,0.0
815723890,non_human,0.516,human,1.0
815723891,human,0.951,human,0.0
815723893,human,0.952,human,0.0
815723894,human,0.802,human,0.0
815723895,human,0.964,human,0.0
815723896,human,0.623,human,0.0
815723897,human,0.965,human,0.0
815723898,human,0.915,human,0.0
815723900,human,0.871,human,0.0
815723901,human,0.892,human,0.0
815723902,human,0.849,human,0.0
815723903,human,0.643,human,0.0
815723904,human,0.603,human,0.0
815723905,human,0.968,human,0.0
815723906,non_human,0.976,non_human,0.0
815723907,human,0.944,human,0.0
815723908,human,0.753,human,0.0
815723910,non_human,0.55,human,1.0
815723912,human,0.688,non_human,1.0
815723913,non_human,0.98,non_human,0.0
815723914,non_human,0.782,human,1.0
815723915,human,0.523,human,0.0
815723916,human,0.823,human,0.0
815723917,non_human,0.557,non_human,0.0
815723918,human,0.916,non_human,1.0
815723919,human,0.888,human,0.0
815723920,non_human,0.821,non_human,0.0
815723921,human,0.874,human,0.0
815723922,human,0.658,human,0.0
815723923,human,0.794,human,0.0
815723924,non_human,0.577,non_human,0.0
815723925,non_human,0.98,non_human,0.0
815723926,non_human,0.545,non_human,0.0
815723927,human,0.923,human,0.0
815723928,non_human,0.85,non_human,0.0
815723929,human,0.834,non_human,1.0
815723931,human,0.599,non_human,1.0
815723932,human,0.835,human,0.0
815723933,non_human,0.524,non_human,0.0
815723934,non_human,0.657,non_human,0.0
815723935,human,0.635,non_human,1.0
815723936,non_human,0.971,non_human,0.0
815723937,human,0.757,human,0.0
815723938,human,0.916,human,0.0
815723939,non_human,0.98,non_human,0.0
815723940,human,0.906,human,0.0
815723941,human,0.883,human,0.0
815723942,non_human,0.717,non_human,0.0
815723944,non_human,0.967,non_human,0.0
815723945,human,0.875,human,0.0
815723946,human,0.895,human,0.0
815723947,human,0.649,non_human,1.0
815723948,human,0.708,human,0.0
815723949,non_human,0.721,non_human,0.0
815723950,human,0.636,human,0.0
815723951,non_human,0.983,non_human,0.0
815723952,human,0.775,non_human,1.0
815723953,human,0.931,human,0.0
815723954,human,0.992,human,0.0
815723955,non_human,0.593,non_human,0.0
815723956,human,0.949,human,0.0
815723957,human,0.91,human,0.0
815723959,human,0.825,non_human,1.0
815723960,non_human,0.863,non_human,0.0
815723961,human,0.976,human,0.0
815723963,non_human,0.995,non_human,0.0
815723964,human,0.814,human,0.0
815723965,human,0.991,human,0.0
815723966,human,0.705,human,0.0
815723967,non_human,0.994,non_human,0.0
815723968,human,0.523,non_human,1.0
815723970,non_human,0.762,non_human,0.0
815723971,non_human,0.717,non_human,0.0
815723972,human,0.941,human,0.0
815723973,human,0.997,human,0.0
815723974,human,0.816,human,0.0
815723975,human,0.892,human,0.0
815723976,non_human,0.728,non_human,0.0
815723977,non_human,0.789,non_human,0.0
815723978,human,0.74,non_human,1.0
815723979,human,0.814,human,0.0
815723980,human,0.555,non_human,1.0
815723984,human,0.527,human,0.0
815723985,human,0.817,human,0.0
815723986,human,0.998,human,0.0
815723987,non_human,0.718,non_human,0.0
815723988,human,0.632,non_human,1.0
815723989,non_human,0.518,non_human,0.0
815723990,human,0.919,human,0.0
815723991,human,0.908,human,0.0
815723992,human,0.904,human,0.0
815723993,human,0.787,human,0.0
815723994,human,0.731,human,0.0
815723995,human,0.978,human,0.0
815723997,human,0.508,human,0.0
815723998,non_human,0.58,human,1.0
815723999,non_human,0.98,non_human,0.0
815724000,human,0.936,human,0.0
815724001,human,0.957,human,0.0
815724003,human,0.965,human,0.0
815724004,human,0.993,human,0.0
815724005,non_human,0.683,human,1.0
815724006,non_human,0.994,non_human,0.0
815724007,human,0.751,human,0.0
815724008,non_human,0.574,non_human,0.0
815724009,human,0.942,human,0.0
815724010,human,0.749,human,0.0
815724011,non_human,0.954,non_human,0.0
815724012,non_human,0.698,non_human,0.0
815724013,non_human,0.793,non_human,0.0
815724014,non_human,0.984,non_human,0.0
815724015,human,0.853,human,0.0
815724016,non_human,0.704,human,1.0
815724017,human,0.842,human,0.0
815724018,non_human,0.98,non_human,0.0
815724019,human,0.926,human,0.0
815724020,non_human,0.683,non_human,0.0
815724021,human,0.992,human,0.0
815724022,non_human,0.716,non_human,0.0
815724023,non_human,0.541,non_human,0.0
815724024,human,0.528,human,0.0
815724025,non_human,0.706,non_human,0.0
815724026,human,0.88,human,0.0
815724027,human,0.585,human,0.0
815724028,human,0.961,human,0.0
815724030,human,0.779,non_human,1.0
815724031,non_human,0.958,non_human,0.0
815724032,non_human,0.994,non_human,0.0
815724033,human,0.701,non_human,1.0
815724034,human,0.9,human,0.0
815724035,non_human,0.72,human,1.0
815724036,human,0.611,human,0.0
815724037,human,0.949,human,0.0
815724038,non_human,0.68,non_human,0.0
815724039,human,0.74,non_human,1.0
815724041,human,0.704,human,0.0
815724042,human,0.858,human,0.0
815724043,non_human,0.588,human,1.0
815724044,human,0.935,human,0.0
815724045,non_human,0.762,non_human,0.0
815724047,human,0.681,human,0.0
815724048,human,0.964,human,0.0
815724049,human,0.975,human,0.0
815724050,human,0.952,human,0.0
815724051,human,0.924,non_human,1.0
815724053,human,0.899,human,0.0
815724054,human,0.881,human,0.0
815724055,human,0.984,human,0.0
815724056,human,0.838,human,0.0
815724057,human,0.524,non_human,1.0
815724058,human,0.9,human,0.0
815724059,human,0.658,human,0.0
815724060,human,0.967,human,0.0
815724061,non_human,0.567,non_human,0.0
815724062,human,0.867,human,0.0
815724063,human,0.98,human,0.0
815724064,human,0.857,human,0.0
815724066,non_human,0.98,non_human,0.0
815724067,non_human,0.965,non_human,0.0
815724068,human,0.937,human,0.0
815724069,human,0.929,human,0.0
815724070,human,0.992,human,0.0
815724071,human,0.677,human,0.0
815724072,non_human,0.839,non_human,0.0
815724073,human,0.503,human,0.0
815724074,human,0.899,human,0.0
815724075,non_human,0.504,non_human,0.0
815724076,human,0.933,human,0.0
815724077,human,0.522,non_human,1.0
815724078,human,0.634,human,0.0
815724080,human,0.862,human,0.0
815724081,human,0.759,human,0.0
815724082,human,0.624,human,0.0
815724083,non_human,0.833,non_human,0.0
815724084,non_human,0.984,non_human,0.0
815724085,human,0.971,human,0.0
815724087,human,0.922,human,0.0
815724088,non_human,0.986,non_human,0.0
815724089,human,0.806,human,0.0
815724090,non_human,0.78,human,1.0
815724091,non_human,0.692,non_human,0.0
815724092,human,0.892,non_human,1.0
815724093,human,0.96,human,0.0
815724094,human,0.849,human,0.0
815724095,human,0.92,human,0.0
815724096,human,0.711,human,0.0
815724097,human,0.748,human,0.0
815724098,human,0.731,human,0.0
815724099,human,0.68,human,0.0
815724100,human,0.945,human,0.0
815724101,human,0.744,non_human,1.0
815724102,human,0.955,human,0.0
815724106,human,0.76,non_human,1.0
815724107,human,0.916,non_human,1.0
815724108,human,0.673,human,0.0
815724109,human,0.95,human,0.0
815724110,human,0.886,non_human,1.0
815724112,human,0.764,human,0.0
815724113,human,0.792,human,0.0
815724115,non_human,0.542,human,1.0
815724117,human,0.92,human,0.0
815724118,non_human,0.981,non_human,0.0
815724119,human,0.755,human,0.0
815724120,non_human,0.519,non_human,0.0
815724121,non_human,0.837,non_human,0.0
815724122,human,0.787,human,0.0
815724123,human,0.911,human,0.0
815724124,non_human,0.658,non_human,0.0
815724125,human,0.74,human,0.0
815724127,human,0.954,human,0.0
815724128,human,0.867,human,0.0
815724129,non_human,0.949,non_human,0.0
815724130,non_human,0.593,human,1.0
815724131,human,0.835,human,0.0
815724132,human,0.954,human,0.0
815724133,human,0.615,human,0.0
815724134,human,0.94,non_human,1.0
815724136,human,0.972,human,0.0
815724137,human,0.516,human,0.0
815724138,human,0.989,human,0.0
815724140,non_human,0.984,non_human,0.0
815724141,human,0.678,non_human,1.0
815724142,non_human,0.975,non_human,0.0
815724143,human,0.806,human,0.0
815724144,human,0.852,non_human,1.0
815724145,human,0.974,human,0.0
815724146,non_human,0.734,non_human,0.0
815724147,non_human,0.638,non_human,0.0
815724148,human,0.942,human,0.0
815724149,human,0.904,human,0.0
815724150,human,0.726,human,0.0
815724151,human,0.949,human,0.0
815724152,human,0.95,human,0.0
815724153,human,0.539,non_human,1.0
815724154,non_human,0.995,non_human,0.0
815724155,non_human,0.878,non_human,0.0
815724156,human,0.896,human,0.0
815724158,human,0.973,human,0.0
815724159,human,0.918,human,0.0
815724160,human,0.933,human,0.0
815724161,human,0.835,non_human,1.0
815724162,human,0.73,human,0.0
815724163,non_human,0.966,non_human,0.0
815724164,human,0.906,human,0.0
815724165,non_human,0.503,non_human,0.0
815724166,non_human,0.98,non_human,0.0
815724167,human,0.531,non_human,1.0
815724168,human,0.839,non_human,1.0
815724169,human,0.929,human,0.0
815724170,human,0.848,human,0.0
815724171,human,0.944,human,0.0
815724172,non_human,0.994,non_human,0.0
815724173,non_human,0.535,non_human,0.0
815724174,human,0.825,human,0.0
815724175,human,0.973,human,0.0
815724176,human,0.702,human,0.0
815724177,non_human,0.975,non_human,0.0
815724178,non_human,0.79,non_human,0.0
815724179,human,0.978,human,0.0
815724180,human,0.853,human,0.0
815724181,non_human,0.538,non_human,0.0
815724183,human,0.919,human,0.0
815724184,non_human,0.599,non_human,0.0
815724185,non_human,0.514,human,1.0
815724186,human,0.837,non_human,1.0
815724187,non_human,0.805,non_human,0.0
815724189,non_human,0.882,non_human,0.0
815724190,non_human,0.984,non_human,0.0
815724191,human,0.923,human,0.0
815724192,non_human,0.985,non_human,0.0
815724193,human,0.681,human,0.0
815724194,non_human,0.823,human,1.0
815724195,human,0.771,human,0.0
815724196,human,0.923,human,0.0
815724197,human,0.981,human,0.0
815724198,human,0.918,human,0.0
815724199,non_human,0.98,non_human,0.0
815724200,human,0.715,human,0.0
815724201,human,0.741,non_human,1.0
815724202,non_human,0.964,non_human,0.0
815724203,human,0.983,human,0.0
815724204,human,0.852,human,0.0
815724205,non_human,0.983,non_human,0.0
815724206,human,0.726,human,0.0
815724207,human,0.563,non_human,1.0
815724208,human,0.894,human,0.0
815724209,non_human,0.585,non_human,0.0
815724210,human,0.79,human,0.0
815724211,non_human,0.995,non_human,0.0
815724213,human,0.83,non_human,1.0
815724214,human,0.938,human,0.0
815724216,human,0.927,human,0.0
815724217,human,0.96,human,0.0
815724218,human,0.749,human,0.0
815724219,human,0.713,human,0.0
815724220,human,0.766,human,0.0
815724222,human,0.993,human,0.0
815724223,non_human,0.778,human,1.0
815724224,human,0.989,human,0.0
815724226,human,0.638,human,0.0
815724228,human,0.582,non_human,1.0
815724229,non_human,0.979,non_human,0.0
815724231,human,0.85,human,0.0
815724232,human,0.953,human,0.0
815724233,non_human,0.592,non_human,0.0
815724234,human,0.922,human,0.0
815724235,non_human,0.811,human,1.0
815724237,human,0.893,non_human,1.0
815724238,human,0.807,human,0.0
815724239,non_human,0.958,non_human,0.0
815724240,non_human,0.754,human,1.0
815724241,human,0.701,non_human,1.0
815724242,non_human,0.983,non_human,0.0
815724243,non_human,0.986,non_human,0.0
815724244,human,0.59,human,0.0
815724245,human,0.614,non_human,1.0
815724246,human,0.776,non_human,1.0
815724247,non_human,0.754,non_human,0.0
815724250,non_human,0.819,human,1.0
815724251,human,0.933,non_human,1.0
815724252,non_human,0.985,non_human,0.0
815724253,human,0.953,human,0.0
815724255,human,0.692,non_human,1.0
815724256,human,0.967,human,0.0
815724257,human,0.612,human,0.0
815724258,human,0.959,human,0.0
815724259,human,0.767,non_human,1.0
815724260,human,0.867,human,0.0
815724261,human,0.907,human,0.0
815724262,human,0.95,human,0.0
815724263,non_human,0.984,non_human,0.0
815724264,non_human,0.982,non_human,0.0
815724265,human,0.922,human,0.0
815724266,human,0.948,human,0.0
815724267,human,0.911,human,0.0
815724268,human,0.523,human,0.0
815724269,non_human,0.856,human,1.0
815724271,non_human,0.969,non_human,0.0
815724272,human,0.953,human,0.0
815724273,human,0.894,human,0.0
815724274,human,0.944,human,0.0
815724275,non_human,0.975,non_human,0.0
815724276,human,0.702,human,0.0
815724277,human,0.982,human,0.0
815724278,non_human,0.963,non_human,0.0
815724279,human,0.644,human,0.0
815724280,non_human,0.987,non_human,0.0
815724281,non_human,0.983,non_human,0.0
815724282,human,0.933,human,0.0
815724283,non_human,0.714,non_human,0.0
815724285,non_human,0.76,non_human,0.0
815724286,human,0.923,human,0.0
815724288,human,0.752,human,0.0
815724290,human,0.877,human,0.0
815724291,human,0.561,non_human,1.0
815724292,human,0.712,human,0.0
815724293,human,0.936,human,0.0
815724294,human,0.993,human,0.0
815724295,non_human,0.747,non_human,0.0
815724296,human,0.897,human,0.0
815724297,non_human,0.579,human,1.0
815724298,human,0.559,non_human,1.0
815724299,human,0.817,non_human,1.0
815724300,non_human,0.727,non_human,0.0
815724301,non_human,0.773,non_human,0.0
815724302,human,0.625,non_human,1.0
815724303,non_human,0.994,non_human,0.0
815724304,human,0.945,human,0.0
815724305,non_human,0.983,non_human,0.0
815724306,human,0.996,human,0.0
815724307,human,0.968,human,0.0
815724308,human,0.841,human,0.0
815724310,human,0.548,human,0.0
815724311,non_human,0.986,non_human,0.0
815724312,human,0.771,human,0.0
815724313,human,0.958,human,0.0
815724314,non_human,0.976,non_human,0.0
815724315,human,0.59,non_human,1.0
815724316,non_human,0.984,non_human,0.0
815724317,human,0.917,non_human,1.0
815724318,human,0.975,human,0.0
815724319,non_human,0.518,human,1.0
815724320,human,0.832,human,0.0
815724321,human,0.824,non_human,1.0
815724322,human,0.607,non_human,1.0
815724323,human,0.981,human,0.0
815724324,human,0.745,human,0.0
815724325,non_human,0.976,non_human,0.0
815724326,non_human,0.596,non_human,0.0
815724327,human,0.88,human,0.0
815724328,human,0.931,human,0.0
815724329,human,0.93,human,0.0
815724331,human,0.876,non_human,1.0
815724332,non_human,0.638,non_human,0.0
815724334,human,0.977,human,0.0
815724335,human,0.854,human,0.0
815724336,non_human,0.584,human,1.0
815724337,human,0.697,human,0.0
815724338,non_human,0.982,non_human,0.0
815724339,human,0.784,non_human,1.0
815724340,human,0.641,human,0.0
815724341,non_human,0.995,non_human,0.0
815724342,human,0.981,human,0.0
815724343,human,0.94,human,0.0
815724344,human,0.856,human,0.0
815724345,human,0.979,human,0.0
815724346,human,0.799,human,0.0
815724347,human,0.876,human,0.0
815724348,non_human,0.515,non_human,0.0
815724349,human,0.953,human,0.0
815724351,human,0.749,human,0.0
815724352,non_human,0.709,non_human,0.0
815724353,human,0.94,human,0.0
815724354,human,0.64,non_human,1.0
815724355,human,0.836,human,0.0
815724357,human,0.923,human,0.0
815724358,human,0.938,non_human,1.0
815724359,human,0.614,human,0.0
815724361,non_human,0.671,human,1.0
815724362,human,0.848,human,0.0
815724363,human,0.936,human,0.0
815724364,non_human,0.507,non_human,0.0
815724365,human,0.987,human,0.0
815724366,human,0.98,human,0.0
815724367,non_human,0.561,non_human,0.0
815724368,human,0.919,human,0.0
815724369,non_human,0.971,non_human,0.0
815724370,human,0.77,human,0.0
815724371,human,0.6,human,0.0
815724372,human,0.926,human,0.0
815724374,human,0.937,human,0.0
815724375,non_human,0.985,non_human,0.0
815724376,human,0.879,human,0.0
815724377,non_human,0.983,non_human,0.0
815724378,non_human,0.98,non_human,0.0
815724380,non_human,0.995,non_human,0.0
815724381,non_human,0.977,non_human,0.0
815724382,human,0.667,human,0.0
815724383,non_human,0.973,non_human,0.0
815724384,human,0.901,human,0.0
815724385,human,0.959,non_human,1.0
815724386,human,0.787,human,0.0
815724387,non_human,0.988,non_human,0.0
815724389,non_human,0.964,non_human,0.0
815724390,human,0.928,non_human,1.0
815724391,non_human,0.794,non_human,0.0
815724392,human,0.813,human,0.0
815724393,human,0.956,human,0.0
815724394,non_human,0.611,non_human,0.0
815724395,non_human,0.59,non_human,0.0
815724396,human,0.573,non_human,1.0
815724397,non_human,0.98,non_human,0.0
815724398,non_human,0.984,non_human,0.0
815724400,human,0.891,human,0.0
815724401,human,0.589,non_human,1.0
815724402,human,0.659,non_human,1.0
815724404,non_human,0.982,non_human,0.0
815724405,human,0.644,human,0.0
815724407,human,0.931,human,0.0
815724408,non_human,0.749,non_human,0.0
815724409,non_human,0.569,human,1.0
815724410,human,0.979,human,0.0
815724411,human,0.894,human,0.0
815724412,non_human,0.982,non_human,0.0
815724413,non_human,0.657,non_human,0.0
815724414,human,0.878,non_human,1.0
815724415,non_human,0.873,non_human,0.0
815724416,human,0.776,human,0.0
815724417,human,0.715,human,0.0
815724419,non_human,0.977,non_human,0.0
815724420,human,0.992,human,0.0
815724421,human,0.945,human,0.0
815724422,human,0.909,human,0.0
815724423,human,0.949,human,0.0
815724424,non_human,0.737,human,1.0
815724425,non_human,0.851,non_human,0.0
815724426,human,0.716,non_human,1.0
815724427,human,0.572,non_human,1.0
815724428,non_human,0.976,non_human,0.0
815724430,non_human,0.933,non_human,0.0
815724431,non_human,0.781,non_human,0.0
815724432,human,0.884,human,0.0
815724435,human,0.895,human,0.0
815724436,non_human,0.605,non_human,0.0
815724437,non_human,0.721,non_human,0.0
815724438,human,0.902,non_human,1.0
815724439,human,0.974,human,0.0
815724440,human,0.773,non_human,1.0
815724441,non_human,0.873,non_human,0.0
815724442,human,0.981,human,0.0
815724443,non_human,0.807,human,1.0
815724445,human,0.982,human,0.0
815724447,human,0.96,human,0.0
815724448,human,0.911,human,0.0
815724449,non_human,0.622,non_human,0.0
815724452,human,0.916,non_human,1.0
815724454,human,0.993,human,0.0
815724455,human,0.678,non_human,1.0
815724456,human,0.608,non_human,1.0
815724457,human,0.915,human,0.0
815724459,human,0.96,human,0.0
815724460,human,0.708,non_human,1.0
815724461,non_human,0.882,non_human,0.0
815724462,human,0.962,human,0.0
815724463,non_human,0.972,non_human,0.0
815724464,human,0.796,human,0.0
815724465,non_human,0.686,human,1.0
815724466,non_human,0.569,human,1.0
815724468,human,0.651,human,0.0
815724469,human,0.896,human,0.0
815724470,human,0.941,human,0.0
815724471,non_human,0.582,human,1.0
815724473,human,0.586,non_human,1.0
815724474,human,0.949,human,0.0
815724475,human,0.846,human,0.0
815724476,human,0.968,human,0.0
815724477,non_human,0.982,non_human,0.0
815724478,non_human,0.547,human,1.0
815724479,human,0.973,human,0.0
815724481,human,0.991,human,0.0
815724482,human,0.572,non_human,1.0
815724483,human,0.942,human,0.0
815724484,human,0.732,human,0.0
815724485,human,0.954,human,0.0
815724486,non_human,0.627,non_human,0.0
815724487,human,0.737,human,0.0
815724488,non_human,0.995,non_human,0.0
815724489,human,0.644,human,0.0
815724490,non_human,0.604,non_human,0.0
815724491,non_human,0.976,non_human,0.0
815724492,non_human,0.98,non_human,0.0
815724493,human,0.991,human,0.0
815724494,human,0.706,human,0.0
815724496,human,0.594,non_human,1.0
815724497,human,0.927,human,0.0
815724498,non_human,0.977,non_human,0.0
815724500,non_human,0.985,non_human,0.0
815724501,human,0.606,human,0.0
815724502,human,0.842,human,0.0
815724503,human,0.971,human,0.0
815724504,human,0.54,human,0.0
815724505,non_human,0.798,non_human,0.0
815724507,human,0.811,human,0.0
815724508,non_human,0.657,human,1.0
815724509,non_human,0.983,non_human,0.0
815724510,non_human,0.994,non_human,0.0
815724511,human,0.619,human,0.0
815724512,human,0.509,human,0.0
815724513,human,0.86,human,0.0
815724514,non_human,0.565,human,1.0
815724515,human,0.823,human,0.0
815724516,human,0.747,human,0.0
815724517,human,0.944,human,0.0
815724518,human,0.864,non_human,1.0
815724519,human,0.899,human,0.0
815724520,non_human,0.986,non_human,0.0
815724522,non_human,0.984,non_human,0.0
815724523,non_human,0.983,non_human,0.0
815724524,non_human,0.994,non_human,0.0
815724525,human,0.828,human,0.0
815724526,non_human,0.987,non_human,0.0
815724527,human,0.764,non_human,1.0
815724529,human,0.748,non_human,1.0
815724530,non_human,0.662,non_human,0.0
815724531,non_human,0.978,non_human,0.0
815724532,non_human,0.982,non_human,0.0
815724533,human,0.925,human,0.0
815724534,human,0.973,human,0.0
815724535,human,0.883,human,0.0
815724536,human,0.97,human,0.0
815724537,non_human,0.985,non_human,0.0
815724538,non_human,0.995,non_human,0.0
815724539,human,0.959,non_human,1.0
815724540,human,0.577,human,0.0
815724541,human,0.926,human,0.0
815724542,human,0.892,human,0.0
815724544,non_human,0.995,non_human,0.0
815724545,human,0.996,human,0.0
815724546,human,0.847,human,0.0
815724547,human,0.859,human,0.0
815724548,human,0.916,human,0.0
815724549,non_human,0.985,non_human,0.0
815724550,non_human,0.758,human,1.0
815724552,human,0.907,human,0.0
815724554,non_human,0.985,non_human,0.0
815724555,human,0.942,human,0.0
815724556,human,0.972,human,0.0
815724557,human,0.679,human,0.0
815724558,human,0.972,human,0.0
815724559,human,0.92,human,0.0
815724560,non_human,0.83,non_human,0.0
815724561,non_human,0.984,non_human,0.0
815724562,human,0.518,non_human,1.0
815724563,non_human,0.926,non_human,0.0
815724564,non_human,0.964,non_human,0.0
815724565,non_human,0.962,non_human,0.0
815724566,non_human,0.985,non_human,0.0
815724567,non_human,0.994,non_human,0.0
815724568,non_human,0.986,non_human,0.0
815724569,human,0.673,human,0.0
815724570,human,0.968,human,0.0
815724571,human,0.885,human,0.0
815724572,human,0.655,human,0.0
815724573,human,0.984,human,0.0
815724574,human,0.733,human,0.0
815724575,human,0.814,human,0.0
815724576,non_human,0.612,non_human,0.0
815724577,human,0.986,human,0.0
815724578,non_human,0.984,non_human,0.0
815724579,non_human,0.982,non_human,0.0
815724580,human,0.617,non_human,1.0
815724581,human,0.805,human,0.0
815724582,non_human,0.976,non_human,0.0
815724583,human,0.742,human,0.0
815724584,non_human,0.983,non_human,0.0
815724585,non_human,0.994,non_human,0.0
815724587,non_human,0.606,non_human,0.0
815724588,non_human,0.995,non_human,0.0
815724589,human,0.849,human,0.0
815724590,human,0.991,human,0.0
815724591,non_human,0.984,non_human,0.0
815724592,human,0.916,human,0.0
815724593,human,0.777,human,0.0
815724594,non_human,0.716,non_human,0.0
815724595,human,0.905,human,0.0
815724597,non_human,0.514,human,1.0
815724598,human,0.712,non_human,1.0
815724599,human,0.918,non_human,1.0
815724600,human,0.961,human,0.0
815724602,human,0.936,human,0.0
815724603,non_human,0.994,non_human,0.0
815724604,human,0.928,human,0.0
815724605,human,0.771,human,0.0
815724606,human,0.583,human,0.0
815724607,human,0.796,human,0.0
815724608,human,0.962,human,0.0
815724609,non_human,0.651,human,1.0
815724610,non_human,0.987,non_human,0.0
815724611,human,0.605,non_human,1.0
815724612,human,0.842,human,0.0
815724613,human,0.927,human,0.0
815724614,human,0.642,human,0.0
815724615,non_human,0.978,non_human,0.0
815724616,human,0.974,human,0.0
815724617,non_human,0.995,non_human,0.0
815724618,human,0.955,human,0.0
815724620,non_human,0.994,non_human,0.0
815724621,human,0.94,human,0.0
815724622,non_human,0.563,non_human,0.0
815724623,non_human,0.975,non_human,0.0
815724624,human,0.774,human,0.0
815724625,human,0.928,human,0.0
815724626,human,0.979,human,0.0
815724627,non_human,0.675,human,1.0
815724628,non_human,0.975,non_human,0.0
815724629,non_human,0.973,non_human,0.0
815724630,non_human,0.504,non_human,0.0
815724631,human,0.925,human,0.0
815724632,human,0.658,human,0.0
815724633,human,0.848,human,0.0
815724634,non_human,0.791,human,1.0
815724635,non_human,0.983,non_human,0.0
815724636,human,0.919,human,0.0
815724637,human,0.87,human,0.0
815724638,non_human,0.985,non_human,0.0
815724639,human,0.829,human,0.0
815724640,human,0.936,human,0.0
815724641,human,0.739,non_human,1.0
815724642,non_human,0.995,non_human,0.0
815724643,human,0.889,human,0.0
815724644,human,0.796,human,0.0
815724645,human,0.979,human,0.0
815724646,human,0.779,human,0.0
815724647,human,0.987,human,0.0
815724648,non_human,0.988,non_human,0.0
815724649,human,0.895,human,0.0
815724650,non_human,0.516,human,1.0
815724651,non_human,0.97,non_human,0.0
815724652,non_human,0.934,non_human,0.0
815724653,human,0.949,human,0.0
815724654,human,0.858,human,0.0
815724655,non_human,0.523,non_human,0.0
815724656,human,0.833,human,0.0
815724657,non_human,0.532,non_human,0.0
815724659,non_human,0.583,human,1.0
815724660,non_human,0.678,human,1.0
815724661,non_human,0.783,non_human,0.0
815724662,non_human,0.753,non_human,0.0
815724663,human,0.679,human,0.0
815724664,human,0.907,human,0.0
815724666,non_human,0.984,non_human,0.0
815724667,non_human,0.548,non_human,0.0
815724668,non_human,0.681,non_human,0.0
815724669,human,0.802,human,0.0
815724670,human,0.775,human,0.0
815724671,non_human,0.985,non_human,0.0
815724672,non_human,0.981,non_human,0.0
815724673,human,0.801,human,0.0
815724674,human,0.985,human,0.0
815724675,non_human,0.584,human,1.0
815724676,human,0.568,non_human,1.0
815724677,human,0.669,human,0.0
815724679,human,0.726,human,0.0
815724680,non_human,0.822,non_human,0.0
815724681,human,0.755,human,0.0
815724683,human,0.705,human,0.0
815724684,human,0.927,human,0.0
815724685,human,0.813,human,0.0
815724686,non_human,0.959,non_human,0.0
815724687,human,0.937,human,0.0
815724688,human,0.736,human,0.0
815724690,non_human,0.977,non_human,0.0
815724691,human,0.584,non_human,1.0
815724692,human,0.947,non_human,1.0
815724693,human,0.994,human,0.0
815724694,non_human,0.984,non_human,0.0
815724695,human,0.988,human,0.0
815724696,human,0.963,human,0.0
815724697,human,0.996,human,0.0
815724698,human,0.79,non_human,1.0
815724699,human,0.883,human,0.0
815724700,non_human,0.985,non_human,0.0
815724701,human,0.822,non_human,1.0
815724702,non_human,0.976,non_human,0.0
815724703,human,0.963,human,0.0
815724704,human,0.705,human,0.0
815724705,non_human,0.972,non_human,0.0
815724706,human,0.945,human,0.0
815724708,human,0.849,human,0.0
815724709,non_human,0.978,non_human,0.0
815724710,human,0.656,human,0.0
815724711,non_human,0.97,non_human,0.0
815724712,human,0.904,human,0.0
815724713,non_human,0.983,non_human,0.0
815724714,non_human,0.809,non_human,0.0
815724715,non_human,0.984,non_human,0.0
815724716,human,0.601,non_human,1.0
815724717,non_human,0.509,human,1.0
815724718,human,0.656,non_human,1.0
815724719,non_human,0.976,non_human,0.0
815724720,non_human,0.982,non_human,0.0
815724721,human,0.704,non_human,1.0
815724722,non_human,0.994,non_human,0.0
815724723,human,0.983,human,0.0
815724724,human,0.511,human,0.0
815724726,non_human,0.982,non_human,0.0
815724727,non_human,0.789,non_human,0.0
815724730,human,0.952,human,0.0
815724731,human,0.756,human,0.0
815724732,human,0.671,human,0.0
815724733,human,0.882,human,0.0
815724734,human,0.933,human,0.0
815724735,human,0.934,human,0.0
815724736,human,0.929,human,0.0
815724737,human,0.934,human,0.0
815724738,non_human,0.931,non_human,0.0
815724739,human,0.886,human,0.0
815724741,human,0.974,non_human,1.0
815724742,human,0.634,human,0.0
815724743,human,0.914,human,0.0
815724744,non_human,0.601,non_human,0.0
815724745,human,0.831,non_human,1.0
815724746,human,0.827,human,0.0
815724747,human,0.969,human,0.0
815724748,non_human,0.995,non_human,0.0
815724749,human,0.988,human,0.0
815724750,human,0.954,human,0.0
815724751,non_human,0.982,non_human,0.0
815724752,non_human,0.81,non_human,0.0
815724753,human,0.893,human,0.0
815724755,non_human,0.513,human,1.0
815724757,non_human,0.628,human,1.0
815724758,human,0.98,human,0.0
815724759,human,0.975,human,0.0
815724760,human,0.926,non_human,1.0
815724761,human,0.956,non_human,1.0
815724762,human,0.566,non_human,1.0
815724763,human,0.96,human,0.0
815724764,human,0.961,human,0.0
815724765,non_human,0.982,non_human,0.0
815724766,non_human,0.982,non_human,0.0
815724767,human,0.84,human,0.0
815724768,human,0.795,human,0.0
815724769,human,0.983,human,0.0
815724770,human,0.923,non_human,1.0
815724771,human,0.984,human,0.0
815724772,human,0.923,human,0.0
815724773,human,0.818,human,0.0
815724774,non_human,0.531,non_human,0.0
815724775,human,0.991,human,0.0
815724776,human,0.781,human,0.0
815724777,human,0.885,non_human,1.0
815724778,non_human,0.957,non_human,0.0
815724779,human,0.85,human,0.0
815724780,human,0.774,human,0.0
815724781,human,0.865,human,0.0
815724782,non_human,0.985,non_human,0.0
815724783,human,0.934,human,0.0
815724784,non_human,0.765,non_human,0.0
815724785,non_human,0.995,non_human,0.0
815724786,human,0.893,human,0.0
815724788,human,0.907,human,0.0
815724789,non_human,0.742,human,1.0
815724790,non_human,0.995,non_human,0.0
815724791,human,0.973,human,0.0
815724792,non_human,0.97,non_human,0.0
815724794,human,0.73,human,0.0
815724795,human,0.848,human,0.0
815724796,human,0.939,human,0.0
815724797,human,0.989,human,0.0
815724798,human,0.884,non_human,1.0
815724799,non_human,0.983,non_human,0.0
815724800,human,0.626,non_human,1.0
815724801,human,0.901,human,0.0
815724803,human,0.852,human,0.0
815724804,non_human,0.981,non_human,0.0
815724805,non_human,0.969,non_human,0.0
815724806,human,0.589,human,0.0
815724807,human,0.906,human,0.0
815724809,human,0.759,human,0.0
815724810,non_human,0.985,non_human,0.0
815724812,non_human,0.994,non_human,0.0
815724813,non_human,0.984,non_human,0.0
815724814,human,0.846,human,0.0
815724815,human,0.81,non_human,1.0
815724816,non_human,0.994,non_human,0.0
815724817,human,0.867,human,0.0
815724818,non_human,0.984,non_human,0.0
815724819,human,0.963,non_human,1.0
815724820,human,0.921,human,0.0
815724821,non_human,0.801,non_human,0.0
815724822,human,0.537,human,0.0
815724823,non_human,0.984,non_human,0.0
815724824,human,0.704,non_human,1.0
815724825,non_human,0.684,human,1.0
815724828,non_human,0.743,non_human,0.0
815724829,non_human,0.923,non_human,0.0
815724830,human,0.744,human,0.0
815724831,non_human,0.583,human,1.0
815724832,non_human,0.995,non_human,0.0
815724833,human,0.851,human,0.0
815724834,human,0.824,non_human,1.0
815724835,non_human,0.994,non_human,0.0
815724836,human,0.84,human,0.0
815724837,non_human,0.982,non_human,0.0
815724838,non_human,0.908,non_human,0.0
815724839,human,0.912,human,0.0
815724840,human,0.554,human,0.0
815724841,non_human,0.982,non_human,0.0
815724842,non_human,0.532,non_human,0.0
815724843,non_human,0.995,non_human,0.0
815724844,human,0.684,non_human,1.0
815724845,non_human,0.931,non_human,0.0
815724846,human,0.77,non_human,1.0
815724847,non_human,0.585,non_human,0.0
815724848,human,0.971,human,0.0
815724849,non_human,0.978,non_human,0.0
815724850,human,0.781,human,0.0
815724851,non_human,0.942,non_human,0.0
815724853,non_human,0.975,human,1.0
815724854,human,0.941,human,0.0
815724855,human,0.972,human,0.0
815724856,non_human,0.719,non_human,0.0
815724857,human,0.813,non_human,1.0
815724858,non_human,0.536,human,1.0
815724859,human,0.952,human,0.0
815724860,non_human,0.995,non_human,0.0
815724861,non_human,0.784,non_human,0.0
815724863,non_human,0.967,non_human,0.0
815724864,human,0.962,human,0.0
815724865,non_human,0.768,non_human,0.0
815724866,non_human,0.985,non_human,0.0
815724867,non_human,0.72,non_human,0.0
815724868,non_human,0.983,non_human,0.0
815724869,human,0.911,human,0.0
815724870,human,0.9,human,0.0
815724871,human,0.919,human,0.0
815724874,non_human,0.723,non_human,0.0
815724875,human,0.73,human,0.0
815724876,non_human,0.98,non_human,0.0
815724877,human,0.905,human,0.0
815724878,non_human,0.594,human,1.0
815724879,non_human,0.616,non_human,0.0
815724880,human,0.982,human,0.0
815724881,human,0.935,human,0.0
815724883,human,0.965,human,0.0
815724884,human,0.679,human,0.0
815724885,human,0.963,human,0.0
815724886,human,0.582,human,0.0
815724887,human,0.941,human,0.0
815724888,human,0.898,human,0.0
815724889,human,0.745,human,0.0
815724891,human,0.697,non_human,1.0
815724892,non_human,0.97,non_human,0.0
815724895,human,0.61,non_human,1.0
815724896,human,0.986,human,0.0
815724897,human,0.572,human,0.0
815724898,human,0.903,non_human,1.0
815724900,non_human,0.994,non_human,0.0
815724901,human,0.955,human,0.0
815724902,non_human,0.987,non_human,0.0
815724903,non_human,0.983,non_human,0.0
815724905,non_human,0.983,non_human,0.0
815724906,human,0.887,human,0.0
815724907,human,0.835,human,0.0
815724908,human,0.903,human,0.0
815724909,non_human,0.97,non_human,0.0
815724910,non_human,0.974,non_human,0.0
815724911,non_human,0.995,non_human,0.0
815724912,human,0.979,human,0.0
815724913,human,0.741,human,0.0
815724914,human,0.872,human,0.0
815724915,non_human,0.592,human,1.0
815724916,human,0.726,human,0.0
815724917,human,0.978,human,0.0
815724918,human,0.931,human,0.0
815724919,human,0.914,human,0.0
815724920,non_human,0.951,non_human,0.0
815724921,non_human,0.961,non_human,0.0
815724922,human,0.723,human,0.0
815724923,non_human,0.994,non_human,0.0
815724924,non_human,0.657,non_human,0.0
815724925,human,0.829,non_human,1.0
815724926,human,0.996,human,0.0
815724927,human,0.766,human,0.0
815724928,non_human,0.973,non_human,0.0
815724929,human,0.961,human,0.0
815724930,non_human,0.987,non_human,0.0
815724931,human,0.863,human,0.0
815724932,non_human,0.983,non_human,0.0
815724933,human,0.829,non_human,1.0
815724934,human,0.706,human,0.0
815724935,human,0.567,non_human,1.0
815724936,non_human,0.982,non_human,0.0
815724937,non_human,0.567,non_human,0.0
815724938,non_human,0.605,non_human,0.0
815724939,human,0.574,human,0.0
815724940,non_human,0.965,non_human,0.0
815724941,human,0.696,non_human,1.0
815724942,non_human,0.971,non_human,0.0
815724943,non_human,0.985,non_human,0.0
815724945,non_human,0.761,non_human,0.0
815724947,human,0.702,non_human,1.0
815724948,human,0.986,human,0.0
815724949,human,0.681,human,0.0
815724950,non_human,0.576,non_human,0.0
815724951,human,0.785,human,0.0
815724952,human,0.944,human,0.0
815724953,human,0.949,human,0.0
815724954,human,0.773,human,0.0
815724955,human,0.716,non_human,1.0
815724956,non_human,0.981,non_human,0.0
815724957,human,0.93,human,0.0
815724958,non_human,0.852,human,1.0
815724960,non_human,0.984,non_human,0.0
815724961,human,0.979,human,0.0
815724962,human,0.743,human,0.0
815724963,human,0.741,human,0.0
815724964,human,0.959,human,0.0
815724965,human,0.966,human,0.0
815724967,non_human,0.983,non_human,0.0
815724968,human,0.854,human,0.0
815724969,non_human,0.977,non_human,0.0
815724970,non_human,0.983,non_human,0.0
815724971,human,0.97,human,0.0
815724972,human,0.748,non_human,1.0
815724973,non_human,0.711,non_human,0.0
815724974,human,0.831,human,0.0
815724975,human,0.861,human,0.0
815724976,human,0.514,human,0.0
815724977,human,0.753,human,0.0
815724978,non_human,0.995,non_human,0.0
815724979,human,0.924,human,0.0
815724980,human,0.819,non_human,1.0
815724981,non_human,0.869,non_human,0.0
815724982,human,0.598,human,0.0
815724983,human,0.817,human,0.0
815724984,human,0.735,non_human,1.0
815724985,non_human,0.994,non_human,0.0
815724986,human,0.982,human,0.0
815724987,human,0.915,human,0.0
815724988,non_human,0.715,non_human,0.0
815724989,non_human,0.995,non_human,0.0
815724990,human,0.978,human,0.0
815724991,non_human,0.851,non_human,0.0
815724992,non_human,0.995,non_human,0.0
815724993,human,0.863,non_human,1.0
815724994,human,0.89,human,0.0
815724995,human,0.51,non_human,1.0
815724996,non_human,0.983,non_human,0.0
815724998,non_human,0.97,non_human,0.0
815725000,human,0.616,non_human,1.0
815725001,human,0.512,non_human,1.0
815725002,non_human,0.982,non_human,0.0
815725003,non_human,0.579,non_human,0.0
815725005,human,0.922,human,0.0
815725006,human,0.855,human,0.0
815725007,non_human,0.977,non_human,0.0
815725008,non_human,0.68,human,1.0
815725010,non_human,0.994,non_human,0.0
815725011,human,0.967,human,0.0
815725012,non_human,0.765,non_human,0.0
815725013,non_human,0.534,human,1.0
815725014,human,0.522,human,0.0
815725015,human,0.804,human,0.0
815725016,non_human,0.8,non_human,0.0
815725018,non_human,0.97,non_human,0.0
815725019,human,0.824,non_human,1.0
815725020,human,0.661,non_human,1.0
815725021,human,0.745,human,0.0
815725022,human,0.857,human,0.0
815725023,non_human,0.529,non_human,0.0
815725024,human,0.943,human,0.0
815725025,non_human,0.687,non_human,0.0
815725026,human,0.924,non_human,1.0
815725027,human,0.958,human,0.0
815725028,human,0.722,human,0.0
815725030,non_human,0.973,non_human,0.0
815725031,human,0.978,human,0.0
815725032,non_human,0.985,non_human,0.0
815725033,non_human,0.983,non_human,0.0
815725034,human,0.952,human,0.0
815725035,non_human,0.985,non_human,0.0
815725036,non_human,0.721,non_human,0.0
815725037,human,0.756,human,0.0
815725038,non_human,0.982,non_human,0.0
815725039,human,0.921,human,0.0
815725040,human,0.724,non_human,1.0
815725041,non_human,0.985,non_human,0.0
815725042,human,0.685,human,0.0
815725043,human,0.774,human,0.0
815725044,human,0.797,non_human,1.0
815725045,non_human,0.554,non_human,0.0
815725046,non_human,0.982,non_human,0.0
815725047,non_human,0.983,non_human,0.0
815725048,human,0.795,human,0.0
815725049,human,0.952,human,0.0
815725050,human,0.907,human,0.0
815725051,human,0.985,human,0.0
815725052,non_human,0.742,human,1.0
815725055,non_human,0.984,non_human,0.0
815725056,non_human,0.985,non_human,0.0
815725058,non_human,0.985,non_human,0.0
815725059,human,0.729,human,0.0
815725060,human,0.969,human,0.0
815725061,non_human,0.995,non_human,0.0
815725062,human,0.659,non_human,1.0
815725063,human,0.786,human,0.0
815725065,human,0.91,human,0.0
815725066,human,0.964,human,0.0
815725067,human,0.786,human,0.0
815725068,human,0.544,human,0.0
815725070,human,0.912,human,0.0
815725071,non_human,0.56,non_human,0.0
815725073,non_human,0.527,human,1.0
815725075,non_human,0.778,non_human,0.0
815725076,non_human,0.511,non_human,0.0
815725078,human,0.671,human,0.0
815725079,human,0.665,non_human,1.0
815725080,non_human,0.98,non_human,0.0
815725081,human,0.554,human,0.0
815725082,non_human,0.971,non_human,0.0
815725083,human,0.509,non_human,1.0
815725084,human,0.744,human,0.0
815725085,human,0.609,non_human,1.0
815725086,non_human,0.982,non_human,0.0
815725087,non_human,0.981,non_human,0.0
815725088,non_human,0.598,non_human,0.0
815725089,non_human,0.983,non_human,0.0
815725090,non_human,0.729,non_human,0.0
815725091,human,0.986,human,0.0
815725092,non_human,0.547,non_human,0.0
815725094,human,0.942,human,0.0
815725095,non_human,0.56,non_human,0.0
815725097,non_human,0.995,non_human,0.0
815725098,non_human,0.982,non_human,0.0
815725099,human,0.748,human,0.0
815725100,human,0.51,human,0.0
815725101,non_human,0.981,non_human,0.0
815725102,non_human,0.995,non_human,0.0
815725103,non_human,0.983,non_human,0.0
815725104,non_human,0.984,non_human,0.0
815725105,human,0.974,human,0.0
815725107,non_human,0.739,non_human,0.0
815725108,human,0.987,human,0.0
815725109,non_human,0.673,human,1.0
815725110,human,0.99,human,0.0
815725111,non_human,0.987,non_human,0.0
815725112,non_human,0.981,non_human,0.0
815725114,human,0.872,human,0.0
815725116,human,0.902,human,0.0
815725117,human,0.931,human,0.0
815725119,non_human,0.635,human,1.0
815725120,human,0.886,human,0.0
815725121,human,0.88,human,0.0
815725122,human,0.933,human,0.0
815725123,non_human,0.981,non_human,0.0
815725124,human,0.869,human,0.0
815725125,non_human,0.591,non_human,0.0
815725126,human,0.877,human,0.0
815725127,non_human,0.983,non_human,0.0
815725128,non_human,0.976,non_human,0.0
815725129,non_human,0.995,non_human,0.0
815725130,human,0.976,human,0.0
815725131,human,0.861,human,0.0
815725132,human,0.536,non_human,1.0
815725133,human,0.856,human,0.0
815725134,human,0.696,human,0.0
815725135,human,0.874,human,0.0
815725139,non_human,0.978,non_human,0.0
815725140,human,0.859,human,0.0
815725141,human,0.717,human,0.0
815725142,human,0.596,non_human,1.0
815725143,human,0.938,human,0.0
815725144,non_human,0.961,non_human,0.0
815725145,non_human,0.983,non_human,0.0
815725146,non_human,0.98,non_human,0.0
815725147,human,0.511,non_human,1.0
815725148,human,0.968,human,0.0
815725149,non_human,0.976,non_human,0.0
815725150,non_human,0.987,non_human,0.0
815725151,human,0.984,human,0.0
815725152,human,0.966,human,0.0
815725153,non_human,0.76,non_human,0.0
815725154,human,0.887,non_human,1.0
815725155,non_human,0.604,non_human,0.0
815725157,non_human,0.685,non_human,0.0
815725158,human,0.886,human,0.0
815725159,non_human,0.795,non_human,0.0
815725160,human,0.957,human,0.0
815725161,non_human,0.973,non_human,0.0
815725162,human,0.795,non_human,1.0
815725163,non_human,0.637,non_human,0.0
815725164,human,0.809,human,0.0
815725165,non_human,0.978,non_human,0.0
815725166,human,0.922,non_human,1.0
815725167,non_human,0.531,human,1.0
815725168,human,0.981,human,0.0
815725169,human,0.933,human,0.0
815725170,non_human,0.977,non_human,0.0
815725171,human,0.618,human,0.0
815725172,non_human,0.681,non_human,0.0
815725173,human,0.776,non_human,1.0
815725175,human,0.947,human,0.0
815725176,human,0.773,human,0.0
815725177,human,0.847,human,0.0
815725178,non_human,0.567,human,1.0
815725179,human,0.831,human,0.0
815725180,human,0.871,human,0.0
815725181,human,0.865,human,0.0
815725182,human,0.975,human,0.0
815725183,non_human,0.982,non_human,0.0
815725184,human,0.905,human,0.0
815725185,non_human,0.743,human,1.0
815725186,human,0.837,human,0.0
815725189,human,0.868,human,0.0
815725190,non_human,0.611,non_human,0.0
815725192,human,0.894,non_human,1.0
815725193,human,0.69,human,0.0
815725194,non_human,0.984,non_human,0.0
815725196,non_human,0.546,human,1.0
815725197,human,0.566,non_human,1.0
815725198,human,0.622,non_human,1.0
815725199,human,0.974,human,0.0
815725200,human,0.673,human,0.0
815725202,non_human,0.622,human,1.0
815725203,human,0.748,human,0.0
815725204,non_human,0.978,non_human,0.0
815725205,non_human,0.978,non_human,0.0
815725206,human,0.709,human,0.0
815725207,non_human,0.983,non_human,0.0
815725210,non_human,0.669,human,1.0
815725211,non_human,0.985,non_human,0.0
815725212,human,0.595,human,0.0
815725213,human,0.924,human,0.0
815725214,human,0.517,human,0.0
815725215,human,0.713,non_human,1.0
815725216,human,0.698,human,0.0
815725217,non_human,0.984,non_human,0.0
815725218,non_human,0.858,non_human,0.0
815725220,non_human,0.577,human,1.0
815725221,human,0.988,human,0.0
815725222,human,0.989,human,0.0
815725223,human,0.748,human,0.0
815725224,non_human,0.984,non_human,0.0
815725225,non_human,0.983,non_human,0.0
815725226,non_human,0.995,non_human,0.0
815725227,non_human,0.984,non_human,0.0
815725228,non_human,0.67,non_human,0.0
815725229,non_human,0.985,non_human,0.0
815725230,non_human,0.982,non_human,0.0
815725231,human,0.979,human,0.0
815725232,non_human,0.987,non_human,0.0
815725233,human,0.949,non_human,1.0
815725234,human,0.736,non_human,1.0
815725235,non_human,0.936,non_human,0.0
815725236,non_human,0.987,non_human,0.0
815725237,non_human,0.65,non_human,0.0
815725238,non_human,0.984,non_human,0.0
815725239,human,0.654,human,0.0
815725240,human,0.843,human,0.0
815725241,human,0.969,human,0.0
815725242,human,0.658,human,0.0
815725243,human,0.898,human,0.0
815725244,non_human,0.719,non_human,0.0
815725245,non_human,0.973,non_human,0.0
815725246,non_human,0.975,non_human,0.0
815725249,human,0.909,human,0.0
815725250,non_human,0.985,non_human,0.0
815725251,non_human,0.984,non_human,0.0
815725253,human,0.858,non_human,1.0
815725254,human,0.956,human,0.0
815725255,human,0.641,non_human,1.0
815725257,non_human,0.972,non_human,0.0
815725259,human,0.99,human,0.0
815725260,human,0.981,human,0.0
815725262,human,0.98,human,0.0
815725263,human,0.739,non_human,1.0
815725264,human,0.893,human,0.0
815725266,non_human,0.984,non_human,0.0
815725267,non_human,0.995,non_human,0.0
815725269,non_human,0.984,non_human,0.0
815725270,non_human,0.708,non_human,0.0
815725271,human,0.828,non_human,1.0
815725272,human,0.926,human,0.0
815725273,human,0.94,human,0.0
815725274,human,0.995,human,0.0
815725275,non_human,0.972,non_human,0.0
815725276,non_human,0.994,non_human,0.0
815725277,non_human,0.81,non_human,0.0
815725278,non_human,0.623,non_human,0.0
815725279,human,0.58,non_human,1.0
815725280,human,0.898,non_human,1.0
815725281,human,0.639,human,0.0
815725282,non_human,0.982,non_human,0.0
815725283,non_human,0.714,non_human,0.0
815725285,human,0.93,human,0.0
815725286,human,0.924,human,0.0
815725287,non_human,0.699,non_human,0.0
815725288,non_human,0.984,non_human,0.0
815725289,non_human,0.9,non_human,0.0
815725290,human,0.935,human,0.0
815725291,human,0.957,human,0.0
815725292,non_human,0.695,human,1.0
815725293,human,0.554,human,0.0
815725294,human,0.803,human,0.0
815725295,human,0.831,non_human,1.0
815725296,human,0.861,human,0.0
815725297,non_human,0.976,non_human,0.0
815725298,non_human,0.983,non_human,0.0
815725299,non_human,0.976,non_human,0.0
815725300,human,0.605,human,0.0
815725302,human,0.525,human,0.0
815725303,human,0.945,human,0.0
815725304,non_human,0.987,non_human,0.0
815725305,human,0.889,human,0.0
815725306,non_human,0.694,non_human,0.0
815725307,human,0.86,human,0.0
815725308,human,0.822,human,0.0
815725309,human,0.974,human,0.0
815725310,human,0.614,non_human,1.0
815725311,human,0.973,human,0.0
815725313,human,0.925,human,0.0
815725314,human,0.912,human,0.0
815725315,non_human,0.984,non_human,0.0
815725316,non_human,0.979,non_human,0.0
815725317,human,0.954,human,0.0
815725318,human,0.772,human,0.0
815725319,non_human,0.602,non_human,0.0
815725320,human,0.975,human,0.0
815725321,human,0.926,human,0.0
815725323,human,0.891,human,0.0
815725324,human,0.713,human,0.0
815725325,human,0.849,human,0.0
815725326,non_human,0.637,non_human,0.0
815725327,human,0.845,human,0.0
815725328,human,0.553,non_human,1.0
815725329,non_human,0.72,non_human,0.0
815725330,non_human,0.505,non_human,0.0
815725332,non_human,0.593,non_human,0.0
815725334,non_human,0.995,non_human,0.0
815725335,non_human,0.959,non_human,0.0
815725337,human,0.915,human,0.0
815725338,human,0.882,human,0.0
815725339,non_human,0.984,non_human,0.0
815725340,non_human,0.922,non_human,0.0
815725341,human,0.7,non_human,1.0
815725342,human,0.597,human,0.0
815725343,non_human,0.987,non_human,0.0
815725344,non_human,0.985,non_human,0.0
815725345,non_human,0.952,non_human,0.0
815725346,non_human,0.977,non_human,0.0
815725347,non_human,0.985,non_human,0.0
815725348,non_human,0.975,non_human,0.0
815725349,non_human,0.97,non_human,0.0
815725350,human,0.883,human,0.0
815725351,human,0.565,human,0.0
815725352,human,0.962,human,0.0
815725353,non_human,0.987,non_human,0.0
815725354,non_human,0.888,non_human,0.0
815725356,non_human,0.971,non_human,0.0
815725357,human,0.834,human,0.0
815725358,non_human,0.976,non_human,0.0
815725359,human,0.824,human,0.0
815725360,non_human,0.983,non_human,0.0
815725361,non_human,0.983,non_human,0.0
815725362,non_human,0.995,non_human,0.0
815725363,human,0.899,human,0.0
815725364,non_human,0.985,non_human,0.0
815725365,human,0.982,human,0.0
815725366,human,0.84,human,0.0
815725367,human,0.935,human,0.0
815725368,human,0.86,human,0.0
815725369,human,0.663,human,0.0
815725370,human,0.751,human,0.0
815725371,non_human,0.978,non_human,0.0
815725373,non_human,0.985,non_human,0.0
815725374,human,0.561,human,0.0
815725376,non_human,0.965,non_human,0.0
815725377,human,0.971,human,0.0
815725378,non_human,0.664,non_human,0.0
815725379,human,0.726,human,0.0
815725380,human,0.917,human,0.0
815725381,non_human,0.626,non_human,0.0
815725382,non_human,0.984,non_human,0.0
815725383,non_human,0.703,non_human,0.0
815725384,human,0.875,human,0.0
815725385,human,0.53,human,0.0
815725386,non_human,0.978,non_human,0.0
815725387,human,0.887,human,0.0
815725388,non_human,0.984,non_human,0.0
815725389,non_human,0.995,non_human,0.0
815725390,human,0.705,human,0.0
815725391,human,0.907,non_human,1.0
815725393,human,0.973,human,0.0
815725395,human,0.821,human,0.0
815725396,human,0.942,human,0.0
815725397,human,0.526,non_human,1.0
815725400,non_human,0.581,non_human,0.0
815725401,non_human,0.963,non_human,0.0
815725402,non_human,0.93,non_human,0.0
815725405,non_human,0.987,non_human,0.0
815725408,non_human,0.508,human,1.0
815725410,human,0.809,human,0.0
815725411,human,0.873,human,0.0
815725412,human,0.873,human,0.0
815725413,human,0.894,human,0.0
815725414,human,0.966,human,0.0
815725416,human,0.841,human,0.0
815725417,human,0.887,human,0.0
815725418,human,0.742,human,0.0
815725419,human,0.942,human,0.0
815725420,human,0.75,human,0.0
815725421,human,0.592,non_human,1.0
815725422,human,0.836,human,0.0
815725423,human,0.875,human,0.0
815725424,non_human,0.515,human,1.0
815725425,non_human,0.592,human,1.0
815725426,human,0.951,human,0.0
815725427,non_human,0.554,human,1.0
815725428,non_human,0.987,non_human,0.0
815725429,human,0.513,non_human,1.0
815725430,human,0.692,human,0.0
815725432,human,0.838,non_human,1.0
815725433,human,0.891,human,0.0
815725434,non_human,0.987,non_human,0.0
815725435,human,0.946,human,0.0
815725436,non_human,0.973,non_human,0.0
815725437,non_human,0.983,non_human,0.0
815725438,human,0.89,human,0.0
815725439,non_human,0.986,non_human,0.0
815725441,human,0.615,human,0.0
815725442,non_human,0.931,non_human,0.0
815725444,human,0.994,human,0.0
815725446,human,0.756,human,0.0
815725447,human,0.835,non_human,1.0
815725448,non_human,0.661,non_human,0.0
815725449,human,0.674,human,0.0
815725450,non_human,0.985,non_human,0.0
815725451,non_human,0.975,non_human,0.0
815725452,non_human,0.995,non_human,0.0
815725453,human,0.962,human,0.0
815725454,non_human,0.985,non_human,0.0
815725455,non_human,0.973,non_human,0.0
815725456,human,0.803,human,0.0
815725457,non_human,0.995,non_human,0.0
815725458,human,0.814,human,0.0
815725459,human,0.928,human,0.0
815725460,human,0.971,human,0.0
815725461,non_human,0.972,non_human,0.0
815725462,human,0.786,human,0.0
815725463,non_human,0.975,non_human,0.0
815725464,human,0.982,human,0.0
815725465,human,0.813,human,0.0
815725466,non_human,0.976,non_human,0.0
815725467,human,0.926,non_human,1.0
815725468,human,0.877,human,0.0
815725470,human,0.683,human,0.0
815725471,non_human,0.995,non_human,0.0
815725472,human,0.952,human,0.0
815725473,human,0.6,human,0.0
815725474,human,0.95,human,0.0
815725475,non_human,0.972,non_human,0.0
815725476,non_human,0.867,non_human,0.0
815725477,non_human,0.995,non_human,0.0
815725478,non_human,0.977,non_human,0.0
815725479,non_human,0.981,non_human,0.0
815725480,human,0.998,human,0.0
815725481,human,0.922,non_human,1.0
815725482,non_human,0.923,non_human,0.0
815725483,non_human,0.987,non_human,0.0
815725484,human,0.511,non_human,1.0
815725485,non_human,0.981,non_human,0.0
815725486,human,0.907,non_human,1.0
815725488,human,0.567,human,0.0
815725489,human,0.852,human,0.0
815725490,human,0.979,human,0.0
815725491,human,0.957,human,0.0
815725492,non_human,0.808,human,1.0
815725494,non_human,0.976,non_human,0.0
815725495,human,0.937,human,0.0
815725496,non_human,0.985,non_human,0.0
815725498,non_human,0.985,non_human,0.0
815725499,human,0.944,human,0.0
815725500,human,0.893,human,0.0
815725501,human,0.909,human,0.0
815725504,non_human,0.847,non_human,0.0
815725505,human,0.737,human,0.0
815725506,non_human,0.741,human,1.0
815725507,non_human,0.541,human,1.0
815725508,non_human,0.995,non_human,0.0
815725509,human,0.517,non_human,1.0
815725511,non_human,0.97,non_human,0.0
815725512,human,0.867,human,0.0
815725513,human,0.589,human,0.0
815725514,non_human,0.722,non_human,0.0
815725515,non_human,0.61,human,1.0
815725516,human,0.831,human,0.0
815725517,human,0.961,human,0.0
815725518,human,0.985,human,0.0
815725519,non_human,0.716,human,1.0
815725520,human,0.85,human,0.0
815725521,human,0.707,human,0.0
815725523,human,0.912,human,0.0
815725524,human,0.796,human,0.0
815725525,non_human,0.836,non_human,0.0
815725526,non_human,0.985,non_human,0.0
815725527,human,0.894,human,0.0
815725528,human,0.89,human,0.0
815725529,non_human,0.984,non_human,0.0
815725532,human,0.504,non_human,1.0
815725534,non_human,0.974,non_human,0.0
815725535,human,0.945,human,0.0
815725536,non_human,0.976,non_human,0.0
815725537,human,0.93,non_human,1.0
815725539,human,0.8,human,0.0
815725540,non_human,0.987,non_human,0.0
815725541,non_human,0.901,non_human,0.0
815725542,non_human,0.603,human,1.0
815725543,non_human,0.983,non_human,0.0
815725544,human,0.977,human,0.0
815725545,human,0.693,human,0.0
815725546,human,0.706,non_human,1.0
815725547,non_human,0.53,human,1.0
815725548,human,0.972,human,0.0
815725549,non_human,0.573,non_human,0.0
815725550,human,0.736,non_human,1.0
815725551,human,0.897,non_human,1.0
815725554,non_human,0.965,non_human,0.0
815725555,non_human,0.807,non_human,0.0
815725556,non_human,0.987,non_human,0.0
815725557,non_human,0.983,non_human,0.0
815725558,non_human,0.539,human,1.0
815725559,human,0.603,non_human,1.0
815725560,human,0.774,human,0.0
815725563,human,0.738,non_human,1.0
815725564,non_human,0.995,non_human,0.0
815725565,non_human,0.987,non_human,0.0
815725568,non_human,0.982,non_human,0.0
815725569,human,0.928,human,0.0
815725570,non_human,0.842,human,1.0
815725571,human,0.709,non_human,1.0
815725572,human,0.681,non_human,1.0
815725573,non_human,0.968,non_human,0.0
815725574,non_human,0.577,human,1.0
815725575,non_human,0.976,non_human,0.0
815725576,human,0.843,human,0.0
815725577,human,0.589,non_human,1.0
815725578,human,0.956,human,0.0
815725579,non_human,0.974,non_human,0.0
815725580,human,0.635,human,0.0
815725581,non_human,0.982,non_human,0.0
815725583,non_human,0.568,non_human,0.0
815725584,non_human,0.987,non_human,0.0
815725585,non_human,0.97,non_human,0.0
815725586,human,0.967,human,0.0
815725587,human,0.819,human,0.0
815725588,non_human,0.97,non_human,0.0
815725589,human,0.741,human,0.0
815725591,human,0.995,human,0.0
815725592,human,0.834,human,0.0
815725593,human,0.936,human,0.0
815725594,non_human,0.995,non_human,0.0
815725595,human,0.685,human,0.0
815725596,human,0.919,human,0.0
815725598,human,0.98,human,0.0
815725599,non_human,0.995,non_human,0.0
815725600,human,0.881,human,0.0
815725601,human,0.989,human,0.0
815725602,non_human,0.978,non_human,0.0
815725603,non_human,0.995,non_human,0.0
815725604,human,0.98,human,0.0
815725605,non_human,0.995,non_human,0.0
815725606,human,0.62,human,0.0
815725607,human,0.625,human,0.0
815725608,human,0.673,non_human,1.0
815725609,human,0.97,human,0.0
815725610,human,0.924,human,0.0
815725612,non_human,0.974,non_human,0.0
815725613,human,0.552,non_human,1.0
815725614,human,0.793,non_human,1.0
815725615,human,0.89,human,0.0
815725617,non_human,0.972,non_human,0.0
815725618,non_human,0.803,non_human,0.0
815725619,human,0.693,non_human,1.0
815725620,human,0.794,human,0.0
815725621,human,0.997,human,0.0
815725622,non_human,0.987,non_human,0.0
815725623,human,0.842,non_human,1.0
815725624,human,0.957,human,0.0
815725625,human,0.995,human,0.0
815725626,human,0.971,human,0.0
815725627,human,0.552,human,0.0
815725628,human,0.628,non_human,1.0
815725629,non_human,0.675,human,1.0
815725630,non_human,0.508,human,1.0
815725631,human,0.578,non_human,1.0
815725632,human,0.592,human,0.0
815725633,non_human,0.973,non_human,0.0
815725634,non_human,0.725,human,1.0
815725635,non_human,0.983,non_human,0.0
815725636,non_human,0.739,human,1.0
815725637,non_human,0.987,non_human,0.0
815725638,non_human,0.985,non_human,0.0
815725639,non_human,0.98,non_human,0.0
815725640,human,0.984,human,0.0
815725641,non_human,0.675,non_human,0.0
815725642,non_human,0.706,non_human,0.0
815725643,human,0.871,human,0.0
815725644,human,0.79,human,0.0
815725645,human,0.849,non_human,1.0
815725646,non_human,0.502,non_human,0.0
815725648,non_human,0.986,non_human,0.0
815725649,non_human,0.995,non_human,0.0
815725650,non_human,0.546,human,1.0
815725651,non_human,0.662,non_human,0.0
815725652,human,0.5,non_human,1.0
815725653,human,0.702,human,0.0
815725655,non_human,0.987,non_human,0.0
815725656,human,0.627,human,0.0
815725657,non_human,0.986,non_human,0.0
815725658,non_human,0.981,non_human,0.0
815725659,non_human,0.988,non_human,0.0
815725661,non_human,0.985,non_human,0.0
815725662,human,0.854,human,0.0
815725663,non_human,0.969,non_human,0.0
815725664,non_human,0.994,non_human,0.0
815725665,non_human,0.984,non_human,0.0
815725666,non_human,0.985,non_human,0.0
815725667,non_human,0.976,non_human,0.0
815725668,non_human,0.983,non_human,0.0
815725669,non_human,0.986,non_human,0.0
815725670,human,0.8,human,0.0
815725671,human,0.939,human,0.0
815725672,non_human,0.73,non_human,0.0
815725674,non_human,0.773,non_human,0.0
815725676,human,0.942,human,0.0
815725677,non_human,0.984,non_human,0.0
815725678,non_human,0.649,non_human,0.0
815725679,human,0.871,human,0.0
815725680,human,0.961,human,0.0
815725681,human,0.946,human,0.0
815725683,non_human,0.931,non_human,0.0
815725684,human,0.504,non_human,1.0
815725685,non_human,0.953,non_human,0.0
815725688,human,0.988,human,0.0
815725689,human,0.964,human,0.0
815725690,non_human,0.977,non_human,0.0
815725691,non_human,0.981,non_human,0.0
815725693,non_human,0.971,non_human,0.0
815725694,non_human,0.987,non_human,0.0
815725695,non_human,0.972,non_human,0.0
815725697,human,0.678,non_human,1.0
815725698,human,0.95,human,0.0
815725699,non_human,0.691,non_human,0.0
815725700,non_human,0.808,human,1.0
815725701,human,0.8,human,0.0
815725703,non_human,0.65,non_human,0.0
815725704,human,0.694,non_human,1.0
815725706,non_human,0.607,non_human,0.0
815725707,human,0.977,human,0.0
815725708,human,0.987,human,0.0
815725709,human,0.596,non_human,1.0
815725710,human,0.986,human,0.0
815725712,non_human,0.744,non_human,0.0
815725713,human,0.829,human,0.0
815725714,human,0.847,human,0.0
815725715,non_human,0.894,non_human,0.0
815725716,human,0.974,human,0.0
815725717,human,0.819,human,0.0
815725718,human,0.545,human,0.0
815725719,human,0.904,human,0.0
815725720,human,0.859,human,0.0
815725721,human,0.758,human,0.0
815725722,human,0.816,human,0.0
815725723,non_human,0.522,human,1.0
815725724,human,0.597,non_human,1.0
815725725,human,0.653,non_human,1.0
815725726,human,0.73,non_human,1.0
815725728,non_human,0.836,non_human,0.0
815725730,human,0.689,human,0.0
815725731,human,0.96,human,0.0
815725732,human,0.768,human,0.0
815725733,human,0.918,human,0.0
815725734,human,0.988,non_human,1.0
815725735,non_human,0.995,non_human,0.0
815725736,non_human,0.982,non_human,0.0
815725737,non_human,0.984,non_human,0.0
815725739,non_human,0.976,non_human,0.0
815725740,human,0.981,human,0.0
815725741,human,0.94,human,0.0
815725742,human,0.996,human,0.0
815725743,non_human,0.978,non_human,0.0
815725745,non_human,0.985,non_human,0.0
815725746,non_human,0.647,human,1.0
815725747,human,0.95,human,0.0
815725748,human,0.562,human,0.0
815725749,non_human,0.735,human,1.0
815725751,non_human,0.995,non_human,0.0
815725752,non_human,0.799,non_human,0.0
815725753,human,0.881,human,0.0
815725754,human,0.898,non_human,1.0
815725756,human,0.925,human,0.0
815725757,human,0.968,human,0.0
815725758,non_human,0.511,human,1.0
815725759,human,0.944,human,0.0
815725760,human,0.987,human,0.0
815725761,non_human,0.75,non_human,0.0
815725762,non_human,0.924,non_human,0.0
815725763,human,0.953,human,0.0
815725764,human,0.947,human,0.0
815725765,human,0.541,human,0.0
815725766,human,0.689,human,0.0
815725767,human,0.866,human,0.0
815725768,human,0.818,human,0.0
815725769,human,0.98,human,0.0
815725770,non_human,0.984,non_human,0.0
815725771,human,0.964,human,0.0
815725773,non_human,0.968,non_human,0.0
815725774,non_human,0.545,non_human,0.0
815725775,human,0.94,human,0.0
815725776,human,0.931,human,0.0
815725777,human,0.99,human,0.0
815725778,non_human,0.984,non_human,0.0
815725779,non_human,0.54,non_human,0.0
815725781,non_human,0.574,human,1.0
815725782,non_human,0.613,non_human,0.0
815725783,non_human,0.742,non_human,0.0
815725784,human,0.981,human,0.0
815725785,non_human,0.803,non_human,0.0
815725786,human,0.512,human,0.0
815725787,non_human,0.986,non_human,0.0
815725788,human,0.574,human,0.0
815725789,non_human,0.975,non_human,0.0
815725790,human,0.668,non_human,1.0
815725791,human,0.666,non_human,1.0
815725792,non_human,0.583,human,1.0
815725794,human,0.884,human,0.0
815725795,human,0.771,human,0.0
815725796,non_human,0.995,human,1.0
815725797,human,0.979,human,0.0
815725798,non_human,0.729,non_human,0.0
815725799,human,0.658,non_human,1.0
815725801,non_human,0.544,human,1.0
815725803,non_human,0.994,non_human,0.0
815725804,human,0.791,non_human,1.0
815725805,human,0.599,human,0.0
815725806,non_human,0.594,human,1.0
815725807,human,0.965,human,0.0
815725808,non_human,0.978,non_human,0.0
815725809,non_human,0.995,non_human,0.0
815725810,non_human,0.994,non_human,0.0
815725811,human,0.51,non_human,1.0
815725813,human,0.802,human,0.0
815725814,human,0.842,human,0.0
815725817,non_human,0.981,non_human,0.0
815725818,human,0.789,human,0.0
815725819,human,0.989,human,0.0
815725820,human,0.95,human,0.0
815725821,human,0.98,human,0.0
815725822,human,0.576,human,0.0
815725823,non_human,0.704,non_human,0.0
815725824,human,0.61,human,0.0
815725825,human,0.924,non_human,1.0
815725826,human,0.972,human,0.0
815725827,human,0.89,human,0.0
815725828,human,0.955,human,0.0
815725829,non_human,0.66,human,1.0
815725830,human,0.965,human,0.0
815725831,non_human,0.974,non_human,0.0
815725832,human,0.581,non_human,1.0
815725833,non_human,0.558,non_human,0.0
815725834,human,0.935,human,0.0
815725835,human,0.927,human,0.0
815725836,human,0.758,human,0.0
815725837,non_human,0.973,non_human,0.0
815725838,human,0.884,human,0.0
815725839,non_human,0.986,non_human,0.0
815725840,human,0.986,human,0.0
815725841,non_human,0.976,non_human,0.0
815725842,non_human,0.995,non_human,0.0
815725843,non_human,0.546,non_human,0.0
815725844,human,0.948,human,0.0
815725845,human,0.666,human,0.0
815725847,non_human,0.835,non_human,0.0
815725848,human,0.825,human,0.0
815725851,non_human,0.619,non_human,0.0
815725852,non_human,0.512,non_human,0.0
815725853,human,0.604,non_human,1.0
815725854,human,0.804,human,0.0
815725855,human,0.943,human,0.0
815725856,human,0.556,human,0.0
815725857,non_human,0.995,non_human,0.0
815725858,non_human,0.58,human,1.0
815725859,non_human,0.987,non_human,0.0
815725860,human,0.737,human,0.0
815725861,non_human,0.984,non_human,0.0
815725862,human,0.986,human,0.0
815725864,human,0.769,human,0.0
815725866,human,0.503,human,0.0
815725867,non_human,0.995,non_human,0.0
815725868,non_human,0.891,human,1.0
815725869,non_human,0.985,non_human,0.0
815725870,human,0.951,human,0.0
815725873,non_human,0.924,non_human,0.0
815725874,human,0.946,human,0.0
815725876,non_human,0.982,non_human,0.0
815725877,human,0.55,non_human,1.0
815725878,non_human,0.614,non_human,0.0
815725879,non_human,0.995,non_human,0.0
815725880,non_human,0.699,human,1.0
815725881,non_human,0.984,non_human,0.0
815725882,human,0.818,non_human,1.0
815725883,non_human,0.607,non_human,0.0
815725884,non_human,0.564,human,1.0
815725885,human,0.77,non_human,1.0
815725887,human,0.985,human,0.0
815725888,non_human,0.721,non_human,0.0
815725889,non_human,0.978,non_human,0.0
815725890,non_human,0.983,non_human,0.0
815725891,human,0.818,non_human,1.0
815725892,non_human,0.995,non_human,0.0
815725893,human,0.934,human,0.0
815725895,human,0.934,non_human,1.0
815725896,human,0.969,human,0.0
815725897,human,0.647,human,0.0
815725898,non_human,0.786,non_human,0.0
815725899,human,0.657,human,0.0
815725900,human,0.815,human,0.0
815725902,human,0.961,human,0.0
815725903,non_human,0.983,non_human,0.0
815725904,human,0.85,human,0.0
815725905,non_human,0.981,non_human,0.0
815725907,human,0.7,human,0.0
815725908,human,0.914,human,0.0
815725909,human,0.993,human,0.0
815725910,non_human,0.546,human,1.0
815725911,non_human,0.995,non_human,0.0
815725914,non_human,0.629,non_human,0.0
815725915,human,0.789,human,0.0
815725916,human,0.974,human,0.0
815725917,human,0.839,human,0.0
815725918,human,0.587,non_human,1.0
815725920,non_human,0.978,non_human,0.0
815725921,human,0.895,non_human,1.0
815725922,non_human,0.968,non_human,0.0
815725923,human,0.708,non_human,1.0
815725924,non_human,0.98,non_human,0.0
815725925,non_human,0.783,non_human,0.0
815725926,non_human,0.709,non_human,0.0
815725928,non_human,0.985,non_human,0.0
815725929,human,0.921,human,0.0
815725930,non_human,0.987,non_human,0.0
815725931,non_human,0.909,non_human,0.0
815725932,non_human,0.537,human,1.0
815725933,non_human,0.813,non_human,0.0
815725934,human,0.905,non_human,1.0
815725935,human,0.777,human,0.0
815725936,non_human,0.974,non_human,0.0
815725937,non_human,0.821,non_human,0.0
815725938,human,0.908,human,0.0
815725939,human,0.996,human,0.0
815725941,human,0.934,human,0.0
815725943,non_human,0.984,non_human,0.0
815725944,non_human,0.986,non_human,0.0
815725945,human,0.919,human,0.0
815725946,human,0.74,human,0.0
815725947,human,0.535,human,0.0
815725948,human,0.985,human,0.0
815725949,human,0.844,human,0.0
815725950,human,0.921,human,0.0
815725951,non_human,0.631,human,1.0
815725953,human,0.765,non_human,1.0
815725954,human,0.647,non_human,1.0
815725955,human,0.895,non_human,1.0
815725956,non_human,0.589,non_human,0.0
815725958,human,0.846,non_human,1.0
815725959,human,0.509,non_human,1.0
815725960,non_human,0.622,human,1.0
815725961,human,0.849,human,0.0
815725962,human,0.921,human,0.0
815725963,non_human,0.702,non_human,0.0
815725965,human,0.9,non_human,1.0
815725966,human,0.61,non_human,1.0
815725967,human,0.928,human,0.0
815725969,human,0.931,human,0.0
815725970,human,0.616,non_human,1.0
815725971,human,0.77,non_human,1.0
815725973,non_human,0.677,non_human,0.0
815725974,non_human,0.605,non_human,0.0
815725975,human,0.762,human,0.0
815725976,human,0.528,human,0.0
815725977,human,0.646,non_human,1.0
815725978,non_human,0.696,human,1.0
815725979,non_human,0.524,non_human,0.0
815725980,human,0.695,non_human,1.0
815725981,human,0.823,human,0.0
815725982,human,0.518,human,0.0
815725983,human,0.951,human,0.0
815725984,non_human,0.766,non_human,0.0
815725985,human,0.605,human,0.0
815725986,human,0.971,non_human,1.0
815725987,human,0.936,human,0.0
815725988,human,0.671,human,0.0
815725990,human,0.593,human,0.0
815725991,non_human,0.542,human,1.0
815725992,non_human,0.635,human,1.0
815725994,human,0.773,human,0.0
815725995,human,0.584,human,0.0
815725996,human,0.995,human,0.0
815725997,human,0.89,human,0.0
815725998,non_human,0.733,non_human,0.0
815725999,human,0.739,non_human,1.0
815726001,non_human,0.985,non_human,0.0
815726002,human,0.693,human,0.0
815726003,non_human,0.984,non_human,0.0
815726004,human,0.889,human,0.0
815726005,human,0.559,non_human,1.0
815726008,non_human,0.983,non_human,0.0
815726009,non_human,0.93,non_human,0.0
815726010,non_human,0.52,non_human,0.0
815726011,human,0.672,human,0.0
815726012,human,0.824,human,0.0
815726016,non_human,0.959,non_human,0.0
815726017,non_human,0.846,human,1.0
815726018,non_human,0.563,human,1.0
815726019,non_human,0.984,non_human,0.0
815726020,non_human,0.978,non_human,0.0
815726021,non_human,0.976,non_human,0.0
815726022,human,0.902,human,0.0
815726023,non_human,0.995,non_human,0.0
815726024,human,0.931,human,0.0
815726026,human,0.604,non_human,1.0
815726027,non_human,0.576,human,1.0
815726028,non_human,0.995,non_human,0.0
815726029,non_human,0.758,non_human,0.0
815726030,non_human,0.984,non_human,0.0
815726035,non_human,0.985,non_human,0.0
815726036,human,0.787,non_human,1.0
815726037,human,0.692,human,0.0
815726038,non_human,0.676,human,1.0
815726039,human,0.81,human,0.0
815726040,human,0.981,human,0.0
815726041,human,0.869,human,0.0
815726043,non_human,0.975,non_human,0.0
815726044,human,0.822,non_human,1.0
815726045,non_human,0.995,non_human,0.0
815726046,human,0.852,human,0.0
815726048,non_human,0.68,human,1.0
815726049,human,0.728,human,0.0
815726050,human,0.945,human,0.0
815726052,non_human,0.995,non_human,0.0
815726053,non_human,0.985,non_human,0.0
815726055,human,0.907,human,0.0
815726056,non_human,0.564,non_human,0.0
815726057,non_human,0.929,non_human,0.0
815726058,non_human,0.867,non_human,0.0
815726059,non_human,0.841,non_human,0.0
815726060,human,0.917,human,0.0
815726062,non_human,0.984,non_human,0.0
815726063,human,0.856,human,0.0
815726064,human,0.987,human,0.0
815726065,human,0.71,human,0.0
815726067,non_human,0.995,non_human,0.0
815726068,human,0.91,human,0.0
815726069,human,0.506,human,0.0
815726070,human,0.584,human,0.0
815726071,human,0.907,non_human,1.0
815726072,non_human,0.957,non_human,0.0
815726073,non_human,0.675,human,1.0
815726075,human,0.545,human,0.0
815726076,human,0.98,human,0.0
815726077,human,0.558,non_human,1.0
815726078,human,0.908,human,0.0
815726079,human,0.92,non_human,1.0
815726080,human,0.736,non_human,1.0
815726081,human,0.794,human,0.0
815726082,human,0.956,human,0.0
815726083,non_human,0.556,non_human,0.0
815726084,human,0.656,non_human,1.0
815726085,human,0.924,human,0.0
815726086,human,0.556,non_human,1.0
815726088,non_human,0.819,non_human,0.0
815726089,human,0.921,human,0.0
815726090,human,0.97,human,0.0
815726091,human,0.737,human,0.0
815726092,human,0.87,human,0.0
815726093,non_human,0.995,non_human,0.0
815726094,human,0.575,human,0.0
815726095,non_human,0.862,non_human,0.0
815726096,human,0.949,human,0.0
815726097,non_human,0.755,non_human,0.0
815726098,non_human,0.653,non_human,0.0
815726099,human,0.73,non_human,1.0
815726100,human,0.925,human,0.0
815726101,non_human,0.985,non_human,0.0
815726102,non_human,0.531,non_human,0.0
815726103,human,0.904,non_human,1.0
815726104,non_human,0.96,non_human,0.0
815726105,human,0.973,human,0.0
815726106,human,0.959,human,0.0
815726108,human,0.753,human,0.0
815726109,non_human,0.984,non_human,0.0
815726110,non_human,0.979,non_human,0.0
815726111,non_human,0.938,non_human,0.0
815726112,non_human,0.995,non_human,0.0
815726113,non_human,0.952,non_human,0.0
815726114,non_human,0.994,non_human,0.0
815726115,human,0.51,human,0.0
815726116,human,0.948,non_human,1.0
815726117,non_human,0.982,non_human,0.0
815726120,non_human,0.985,non_human,0.0
815726121,human,0.977,human,0.0
815726122,human,0.589,non_human,1.0
815726123,human,0.975,human,0.0
815726125,human,0.757,human,0.0
815726126,non_human,0.985,non_human,0.0
815726127,non_human,0.995,non_human,0.0
815726128,non_human,0.995,non_human,0.0
815726129,human,0.954,human,0.0
815726130,non_human,0.982,non_human,0.0
815726131,non_human,0.866,non_human,0.0
815726134,human,0.628,non_human,1.0
815726135,human,0.898,non_human,1.0
815726136,non_human,0.985,non_human,0.0
815726137,non_human,0.978,non_human,0.0
815726138,non_human,0.982,non_human,0.0
815726139,non_human,0.987,non_human,0.0
815726140,non_human,0.645,non_human,0.0
815726141,non_human,0.995,non_human,0.0
815726142,non_human,0.986,non_human,0.0
815726143,non_human,0.994,non_human,0.0
815726145,non_human,0.711,human,1.0
815726146,human,0.752,human,0.0
815726147,non_human,0.645,non_human,0.0
815726148,human,0.964,human,0.0
815726151,human,0.984,human,0.0
815726154,human,0.928,human,0.0
815726155,non_human,0.712,non_human,0.0
815726156,non_human,0.724,non_human,0.0
815726157,human,0.966,human,0.0
815726158,human,0.576,human,0.0
815726160,non_human,0.985,non_human,0.0
815726161,human,0.917,human,0.0
815726162,human,0.616,human,0.0
815726163,non_human,0.612,non_human,0.0
815726164,human,0.827,human,0.0
815726165,non_human,0.896,non_human,0.0
815726166,non_human,0.719,non_human,0.0
815726167,human,0.891,non_human,1.0
815726168,human,0.878,human,0.0
815726169,human,0.57,non_human,1.0
815726170,human,0.864,human,0.0
815726171,non_human,0.79,non_human,0.0
815726172,human,0.927,human,0.0
815726173,human,0.88,human,0.0
815726174,non_human,0.581,non_human,0.0
815726175,human,0.844,human,0.0
815726176,human,0.551,non_human,1.0
815726177,human,0.986,human,0.0
815726179,human,0.57,human,0.0
815726180,non_human,0.666,human,1.0
815726182,human,0.841,human,0.0
815726183,human,0.943,human,0.0
815726184,human,0.936,human,0.0
815726185,non_human,0.962,non_human,0.0
815726187,human,0.658,human,0.0
815726188,human,0.863,human,0.0
815726189,human,0.753,human,0.0
815726190,human,0.532,non_human,1.0
815726191,human,0.616,human,0.0
815726193,human,0.942,human,0.0
815726194,human,0.501,human,0.0
815726195,non_human,0.642,non_human,0.0
815726196,non_human,0.724,human,1.0
815726197,human,0.786,human,0.0
815726198,human,0.71,human,0.0
815726200,non_human,0.908,non_human,0.0
815726201,non_human,0.98,non_human,0.0
815726202,human,0.541,non_human,1.0
815726203,human,0.657,human,0.0
815726204,non_human,0.681,non_human,0.0
815726205,human,0.933,human,0.0
815726206,human,0.617,human,0.0
815726208,human,0.943,human,0.0
815726209,non_human,0.501,non_human,0.0
815726210,human,0.989,human,0.0
815726211,human,0.789,human,0.0
815726212,human,0.675,human,0.0
815726213,human,0.871,human,0.0
815726214,human,0.962,human,0.0
815726215,human,0.93,human,0.0
815726216,human,0.785,non_human,1.0
815726217,human,0.978,human,0.0
815726218,human,0.644,non_human,1.0
815726219,non_human,0.995,non_human,0.0
815726220,human,0.765,human,0.0
815726221,non_human,0.995,non_human,0.0
815726222,human,0.81,human,0.0
815726223,non_human,0.995,non_human,0.0
815726224,non_human,0.978,non_human,0.0
815726226,human,0.907,human,0.0
815726227,non_human,0.983,non_human,0.0
815726228,non_human,0.807,non_human,0.0
815726229,human,0.802,human,0.0
815726230,human,0.911,human,0.0
815726231,non_human,0.77,human,1.0
815726234,human,0.706,non_human,1.0
815726235,human,0.787,human,0.0
815726236,human,0.973,human,0.0
815726237,non_human,0.845,human,1.0
815726238,human,0.837,human,0.0
815726239,human,0.933,human,0.0
815726240,non_human,0.979,non_human,0.0
815726241,human,0.591,non_human,1.0
815726242,non_human,0.512,non_human,0.0
815726243,non_human,0.932,non_human,0.0
815726244,non_human,0.995,non_human,0.0
815726245,human,0.894,human,0.0
815726246,non_human,0.984,non_human,0.0
815726247,human,0.949,human,0.0
815726248,non_human,0.537,non_human,0.0
815726249,non_human,0.976,non_human,0.0
815726250,non_human,0.519,non_human,0.0
815726251,human,0.983,human,0.0
815726253,human,0.84,non_human,1.0
815726254,human,0.981,human,0.0
815726255,human,0.951,human,0.0
815726256,human,0.971,non_human,1.0
815726257,human,0.947,human,0.0
815726259,human,0.983,human,0.0
815726260,non_human,0.995,non_human,0.0
815726261,human,0.618,non_human,1.0
815726262,human,0.668,human,0.0
815726263,non_human,0.703,human,1.0
815726264,non_human,0.693,non_human,0.0
815726265,non_human,0.985,non_human,0.0
815726266,human,0.993,human,0.0
815726267,non_human,0.973,non_human,0.0
815726269,human,0.92,non_human,1.0
815726270,human,0.936,human,0.0
815726272,non_human,0.58,non_human,0.0
815726273,human,0.932,human,0.0
815726275,human,0.754,human,0.0
815726276,human,0.949,human,0.0
815726277,human,0.583,human,0.0
815726278,non_human,0.759,non_human,0.0
815726279,human,0.587,human,0.0
815726280,human,0.512,human,0.0
815726281,non_human,0.516,human,1.0
815726282,human,0.759,human,0.0
815726283,human,0.972,human,0.0
815726285,non_human,0.714,non_human,0.0
815726286,non_human,0.982,non_human,0.0
815726287,human,0.722,non_human,1.0
815726288,non_human,0.583,human,1.0
815726289,human,0.852,non_human,1.0
815726291,non_human,0.532,non_human,0.0
815726292,non_human,0.758,non_human,0.0
815726293,human,0.928,human,0.0
815726294,human,0.685,human,0.0
815726295,non_human,0.994,non_human,0.0
815726296,non_human,0.537,human,1.0
815726297,non_human,0.607,human,1.0
815726298,non_human,0.569,non_human,0.0
815726299,human,0.832,human,0.0
815726301,non_human,0.994,non_human,0.0
815726302,non_human,0.994,non_human,0.0
815726304,human,0.954,human,0.0
815726307,non_human,0.984,non_human,0.0
815726308,non_human,0.985,non_human,0.0
815726309,human,0.979,human,0.0
815726311,non_human,0.578,non_human,0.0
815726313,human,0.583,non_human,1.0
815726314,non_human,0.995,non_human,0.0
815726317,human,0.871,human,0.0
815726318,non_human,0.984,non_human,0.0
815726319,human,0.971,human,0.0
815726320,non_human,0.995,non_human,0.0
815726321,non_human,0.638,non_human,0.0
815726322,human,0.696,human,0.0
815726323,human,0.834,human,0.0
815726324,human,0.988,human,0.0
815726325,human,0.638,human,0.0
815726326,non_human,0.995,non_human,0.0
815726328,non_human,0.983,non_human,0.0
815726331,non_human,0.975,non_human,0.0
815726332,human,0.933,human,0.0
815726333,non_human,0.984,non_human,0.0
815726335,non_human,0.984,non_human,0.0
815726336,non_human,0.985,non_human,0.0
815726337,human,0.529,human,0.0
815726338,non_human,0.987,non_human,0.0
815726339,human,0.969,human,0.0
815726340,human,0.598,human,0.0
815726341,human,0.596,human,0.0
815726342,human,0.978,human,0.0
815726343,non_human,0.818,non_human,0.0
815726345,human,0.744,human,0.0
815726346,human,0.557,human,0.0
815726347,human,0.758,human,0.0
815726348,human,0.798,human,0.0
815726349,human,0.909,human,0.0
815726350,human,0.793,non_human,1.0
815726351,human,0.828,human,0.0
815726352,non_human,0.987,non_human,0.0
815726354,human,0.676,human,0.0
815726356,human,0.724,human,0.0
815726357,non_human,0.984,non_human,0.0
815726360,non_human,0.964,non_human,0.0
815726361,human,0.938,human,0.0
815726362,human,0.793,human,0.0
815726364,non_human,0.853,non_human,0.0
815726365,human,0.653,human,0.0
815726366,human,0.959,human,0.0
815726367,non_human,0.762,human,1.0
815726368,human,0.874,non_human,1.0
815726369,non_human,0.764,non_human,0.0
815726370,human,0.819,non_human,1.0
815726371,human,0.934,human,0.0
815726372,human,0.947,human,0.0
815726373,non_human,0.601,human,1.0
815726374,human,0.776,human,0.0
815726377,non_human,0.621,non_human,0.0
815726378,human,0.676,human,0.0
815726380,human,0.791,non_human,1.0
815726381,non_human,0.529,non_human,0.0
815726382,non_human,0.816,non_human,0.0
815726383,human,0.961,human,0.0
815726384,non_human,0.536,non_human,0.0
815726385,non_human,0.814,non_human,0.0
815726386,non_human,0.987,non_human,0.0
815726388,human,0.684,human,0.0
815726390,non_human,0.995,non_human,0.0
815726391,non_human,0.562,non_human,0.0
815726392,human,0.799,human,0.0
815726393,human,0.837,human,0.0
815726394,non_human,0.995,non_human,0.0
815726395,human,0.558,non_human,1.0
815726397,human,0.951,human,0.0
815726398,human,0.947,human,0.0
815726399,non_human,0.646,non_human,0.0
815726401,human,0.927,human,0.0
815726402,non_human,0.533,human,1.0
815726405,human,0.62,human,0.0
815726406,human,0.898,human,0.0
815726407,human,0.681,human,0.0
815726408,human,0.907,non_human,1.0
815726409,human,0.652,human,0.0
815726410,human,0.85,human,0.0
815726411,non_human,0.799,non_human,0.0
815726412,non_human,0.955,non_human,0.0
815726413,non_human,0.995,non_human,0.0
815726414,human,0.973,human,0.0
815726415,human,0.769,human,0.0
815726416,human,0.77,non_human,1.0
815726417,non_human,0.973,non_human,0.0
815726418,human,0.855,human,0.0
815726419,human,0.966,human,0.0
815726421,human,0.949,human,0.0
815726422,human,0.642,non_human,1.0
815726423,non_human,0.983,non_human,0.0
815726425,human,0.985,human,0.0
815726427,human,0.963,human,0.0
815726428,human,0.821,human,0.0
815726429,non_human,0.983,non_human,0.0
815726430,non_human,0.995,non_human,0.0
815726431,human,0.953,human,0.0
815726432,human,0.982,human,0.0
815726433,non_human,0.987,non_human,0.0
815726434,non_human,0.971,non_human,0.0
815726435,non_human,0.977,non_human,0.0
815726437,human,0.792,human,0.0
815726438,human,0.733,non_human,1.0
815726439,human,0.755,human,0.0
815726440,human,0.979,human,0.0
815726441,non_human,0.911,human,1.0
815726442,human,0.952,human,0.0
815726443,non_human,0.976,non_human,0.0
815726444,non_human,0.823,non_human,0.0
815726445,human,0.749,human,0.0
815726446,human,0.582,non_human,1.0
815726447,human,0.966,human,0.0
815726448,human,0.73,human,0.0
815726449,human,0.964,human,0.0
815726450,non_human,0.982,non_human,0.0
815726451,human,0.575,human,0.0
815726452,human,0.814,human,0.0
815726454,non_human,0.985,non_human,0.0
815726455,human,0.911,human,0.0
815726456,human,0.838,human,0.0
815726457,human,0.963,human,0.0
815726458,human,0.978,human,0.0
815726459,non_human,0.984,non_human,0.0
815726460,non_human,0.984,non_human,0.0
815726461,human,0.541,non_human,1.0
815726462,human,0.894,human,0.0
815726463,human,0.64,human,0.0
815726464,human,0.838,human,0.0
815726465,non_human,0.627,non_human,0.0
815726466,human,0.642,human,0.0
815726467,human,0.731,human,0.0
815726469,non_human,0.645,human,1.0
815726471,human,0.981,human,0.0
815726475,human,0.849,human,0.0
815726476,non_human,0.614,non_human,0.0
815726477,human,0.978,human,0.0
815726478,human,0.596,human,0.0
815726479,human,0.783,human,0.0
815726480,human,0.951,human,0.0
815726481,non_human,0.61,non_human,0.0
815726482,non_human,0.562,non_human,0.0
815726483,human,0.671,human,0.0
815726484,human,0.777,human,0.0
815726485,human,0.626,human,0.0
815726486,human,0.905,human,0.0
815726487,non_human,0.652,non_human,0.0
815726488,non_human,0.718,non_human,0.0
815726489,non_human,0.818,non_human,0.0
815726490,human,0.767,human,0.0
815726491,non_human,0.984,non_human,0.0
815726492,human,0.578,human,0.0
815726493,non_human,0.932,non_human,0.0
815726495,non_human,0.984,non_human,0.0
815726496,human,0.808,human,0.0
815726497,non_human,0.985,non_human,0.0
815726498,human,0.888,non_human,1.0
815726499,non_human,0.985,non_human,0.0
815726500,human,0.527,non_human,1.0
815726501,non_human,0.985,non_human,0.0
815726502,human,0.588,human,0.0
815726503,human,0.871,non_human,1.0
815726504,human,0.745,human,0.0
815726505,non_human,0.961,non_human,0.0
815726506,human,0.671,human,0.0
815726507,human,0.908,human,0.0
815726508,human,0.688,non_human,1.0
815726509,human,0.975,human,0.0
815726510,non_human,0.966,non_human,0.0
815726512,non_human,0.983,non_human,0.0
815726513,human,0.941,human,0.0
815726514,human,0.983,human,0.0
815726515,non_human,0.562,non_human,0.0
815726516,non_human,0.96,non_human,0.0
815726517,human,0.725,non_human,1.0
815726518,human,0.862,human,0.0
815726522,human,0.843,non_human,1.0
815726524,human,0.978,human,0.0
815726526,human,0.645,human,0.0
815726527,non_human,0.742,non_human,0.0
815726528,non_human,0.601,non_human,0.0
815726529,non_human,0.537,human,1.0
815726530,human,0.889,human,0.0
815726532,non_human,0.984,non_human,0.0
815726533,non_human,0.994,non_human,0.0
815726534,human,0.695,non_human,1.0
815726535,human,0.987,human,0.0
815726536,non_human,0.678,human,1.0
815726537,human,0.978,human,0.0
815726538,non_human,0.704,non_human,0.0
815726539,non_human,0.559,non_human,0.0
815726540,human,0.989,human,0.0
815726541,human,0.886,human,0.0
815726542,non_human,0.956,non_human,0.0
815726544,non_human,0.699,non_human,0.0
815726545,non_human,0.858,non_human,0.0
815726546,human,0.926,human,0.0
815726547,non_human,0.979,non_human,0.0
815726549,non_human,0.564,human,1.0
815726550,human,0.987,human,0.0
815726551,human,0.933,human,0.0
815726552,human,0.642,human,0.0
815726553,non_human,0.658,human,1.0
815726554,human,0.946,human,0.0
815726555,human,0.868,non_human,1.0
815726556,human,0.899,human,0.0
815726557,human,0.523,human,0.0
815726559,human,0.558,non_human,1.0
815726561,human,0.989,human,0.0
815726562,human,0.971,human,0.0
815726563,non_human,0.992,non_human,0.0
815726564,non_human,0.986,non_human,0.0
815726565,non_human,0.981,non_human,0.0
815726566,non_human,0.986,non_human,0.0
815726567,human,0.804,non_human,1.0
815726568,human,0.917,human,0.0
815726570,human,0.818,human,0.0
815726571,non_human,0.977,non_human,0.0
815726572,human,0.959,human,0.0
815726573,non_human,0.974,non_human,0.0
815726576,human,0.655,human,0.0
815726578,human,0.919,human,0.0
815726579,human,0.541,non_human,1.0
815726580,non_human,0.974,non_human,0.0
815726581,non_human,0.995,non_human,0.0
815726582,human,0.654,human,0.0
815726583,non_human,0.978,non_human,0.0
815726584,human,0.883,human,0.0
815726585,human,0.973,human,0.0
815726587,non_human,0.813,non_human,0.0
815726588,human,0.871,human,0.0
815726589,non_human,0.544,non_human,0.0
815726590,non_human,0.658,human,1.0
815726591,human,0.925,human,0.0
815726592,non_human,0.983,non_human,0.0
815726594,human,0.887,human,0.0
815726596,non_human,0.995,non_human,0.0
815726597,non_human,0.973,non_human,0.0
815726598,human,0.916,human,0.0
815726599,non_human,0.976,non_human,0.0
815726600,human,0.735,human,0.0
815726601,non_human,0.556,human,1.0
815726602,human,0.995,human,0.0
815726603,non_human,0.662,non_human,0.0
815726604,non_human,0.987,non_human,0.0
815726605,non_human,0.56,non_human,0.0
815726606,human,0.823,human,0.0
815726607,human,0.868,human,0.0
815726610,non_human,0.62,non_human,0.0
815726611,human,0.931,human,0.0
815726612,human,0.958,human,0.0
815726613,non_human,0.72,non_human,0.0
815726614,human,0.753,non_human,1.0
815726615,human,0.832,human,0.0
815726616,human,0.96,non_human,1.0
815726618,human,0.735,human,0.0
815726619,non_human,0.718,non_human,0.0
815726620,human,0.941,human,0.0
815726622,human,0.896,human,0.0
815726623,human,0.872,non_human,1.0
815726624,non_human,0.57,human,1.0
815726625,human,0.935,human,0.0
815726626,human,0.958,human,0.0
815726627,human,0.962,human,0.0
815726628,non_human,0.987,non_human,0.0
815726629,non_human,0.817,non_human,0.0
815726630,human,0.939,human,0.0
815726631,human,0.804,human,0.0
815726632,non_human,0.749,non_human,0.0
815726633,non_human,0.712,non_human,0.0
815726634,human,0.681,human,0.0
815726635,human,0.832,human,0.0
815726636,human,0.818,human,0.0
815726638,human,0.558,non_human,1.0
815726639,non_human,0.585,human,1.0
815726640,human,0.755,non_human,1.0
815726641,human,0.84,human,0.0
815726643,human,0.931,human,0.0
815726644,non_human,0.974,non_human,0.0
815726645,human,0.867,human,0.0
815726646,human,0.849,human,0.0
815726647,human,0.85,human,0.0
815726648,non_human,0.802,non_human,0.0
815726649,non_human,0.977,non_human,0.0
815726650,non_human,0.533,non_human,0.0
815726651,human,0.717,non_human,1.0
815726652,human,0.717,non_human,1.0
815726653,non_human,0.663,human,1.0
815726654,human,0.803,human,0.0
815726655,non_human,0.777,non_human,0.0
815726656,human,0.534,human,0.0
815726657,non_human,0.976,non_human,0.0
815726659,human,0.936,human,0.0
815726661,human,0.978,human,0.0
815726663,non_human,0.984,non_human,0.0
815726664,non_human,0.974,non_human,0.0
815726665,human,0.843,human,0.0
815726666,human,0.961,human,0.0
815726667,human,0.631,human,0.0
815726668,human,0.928,human,0.0
815726669,non_human,0.985,non_human,0.0
815726670,non_human,0.995,non_human,0.0
815726671,non_human,0.958,non_human,0.0
815726673,non_human,0.957,non_human,0.0
815726674,non_human,0.935,non_human,0.0
815726675,non_human,0.962,non_human,0.0
815726676,human,0.564,non_human,1.0
815726677,human,0.97,human,0.0
815726678,human,0.612,non_human,1.0
815726679,human,0.586,non_human,1.0
815726680,non_human,0.615,non_human,0.0
815726681,non_human,0.63,human,1.0
815726682,human,0.926,human,0.0
815726683,human,0.99,human,0.0
815726684,non_human,0.689,non_human,0.0
815726685,human,0.88,human,0.0
815726686,non_human,0.812,non_human,0.0
815726687,non_human,0.98,non_human,0.0
815726688,non_human,0.723,non_human,0.0
815726689,human,0.954,non_human,1.0
815726690,human,0.919,human,0.0
815726691,non_human,0.985,non_human,0.0
815726692,non_human,0.981,non_human,0.0
815726693,non_human,0.979,non_human,0.0
815726694,non_human,0.987,non_human,0.0
815726695,non_human,0.975,non_human,0.0
815726696,non_human,0.835,non_human,0.0
815726697,human,0.978,human,0.0
815726698,non_human,0.976,non_human,0.0
815726699,non_human,0.978,non_human,0.0
815726701,human,0.947,human,0.0
815726703,human,0.925,human,0.0
815726705,human,0.899,human,0.0
815726706,human,0.632,human,0.0
815726707,human,0.927,human,0.0
815726708,human,0.547,non_human,1.0
815726709,human,0.979,human,0.0
815726711,human,0.883,human,0.0
815726712,non_human,0.508,human,1.0
815726713,human,0.878,human,0.0
815726714,non_human,0.725,non_human,0.0
815726715,human,0.582,human,0.0
815726716,human,0.979,human,0.0
815726717,human,0.969,human,0.0
815726718,non_human,0.514,non_human,0.0
815726719,human,0.985,non_human,1.0
815726720,human,0.984,human,0.0
815726721,human,0.924,human,0.0
815726722,non_human,0.882,non_human,0.0
815726723,human,0.957,human,0.0
815726724,human,0.625,non_human,1.0
815726725,non_human,0.77,human,1.0
815726726,human,0.819,human,0.0
815726727,human,0.949,human,0.0
815726728,human,0.779,human,0.0
815726729,human,0.796,human,0.0
815726730,human,0.869,non_human,1.0
815726731,non_human,0.503,human,1.0
815726732,human,0.599,non_human,1.0
815726733,human,0.793,human,0.0
815726734,non_human,0.652,non_human,0.0
815726735,human,0.923,human,0.0
815726736,human,0.811,non_human,1.0
815726737,human,0.788,human,0.0
815726738,human,0.699,non_human,1.0
815726739,non_human,0.968,non_human,0.0
815726740,human,0.944,human,0.0
815726741,human,0.947,human,0.0
815726743,non_human,0.985,non_human,0.0
815726744,human,0.908,human,0.0
815726745,human,0.882,human,0.0
815726746,human,0.6,non_human,1.0
815726747,human,0.557,non_human,1.0
815726748,non_human,0.988,non_human,0.0
815726749,human,0.983,human,0.0
815726751,human,0.963,human,0.0
815726752,non_human,0.725,non_human,0.0
815726753,human,0.665,human,0.0
815726755,human,0.907,human,0.0
815726756,human,0.992,human,0.0
815726757,human,0.765,human,0.0
815726758,human,0.926,human,0.0
815726759,human,0.86,human,0.0
815726760,human,0.569,non_human,1.0
815726761,human,0.882,human,0.0
815726762,human,0.797,human,0.0
815726764,human,0.985,human,0.0
815726765,human,0.78,non_human,1.0
815726766,human,0.86,human,0.0
815726767,non_human,0.702,non_human,0.0
815726768,human,0.802,human,0.0
815726769,human,0.889,human,0.0
815726770,human,0.505,non_human,1.0
815726771,human,0.826,non_human,1.0
815726772,non_human,0.591,non_human,0.0
815726773,non_human,0.995,non_human,0.0
815726774,non_human,0.845,non_human,0.0
815726775,non_human,0.986,non_human,0.0
815726776,non_human,0.604,non_human,0.0
815726777,human,0.524,non_human,1.0
815726778,human,0.648,human,0.0
815726779,human,0.942,human,0.0
815726780,non_human,0.558,human,1.0
815726781,human,0.972,non_human,1.0
815726782,non_human,0.607,non_human,0.0
815726783,human,0.906,human,0.0
815726784,non_human,0.985,non_human,0.0
815726785,human,0.819,non_human,1.0
815726786,human,0.9,human,0.0
815726787,human,0.974,human,0.0
815726788,human,0.99,human,0.0
815726789,human,0.658,human,0.0
815726790,non_human,0.976,non_human,0.0
815726791,human,0.555,human,0.0
815726792,human,0.698,non_human,1.0
815726793,human,0.975,human,0.0
815726794,non_human,0.976,non_human,0.0
815726795,non_human,0.603,human,1.0
815726796,human,0.926,human,0.0
815726797,human,0.972,human,0.0
815726798,non_human,0.58,non_human,0.0
815726799,non_human,0.512,human,1.0
815726800,human,0.898,human,0.0
815726801,human,0.842,human,0.0
815726802,human,0.709,human,0.0
815726804,non_human,0.976,non_human,0.0
815726805,human,0.909,human,0.0
815726806,non_human,0.984,non_human,0.0
815726808,human,0.92,human,0.0
815726809,human,0.861,human,0.0
815726810,non_human,0.986,non_human,0.0
815726812,non_human,0.981,non_human,0.0
815726813,human,0.967,human,0.0
815726814,human,0.505,non_human,1.0
815726815,human,0.91,human,0.0
815726816,human,0.852,non_human,1.0
815726817,human,0.675,non_human,1.0
815726820,human,0.894,human,0.0
815726821,human,0.96,human,0.0
815726823,non_human,0.773,non_human,0.0
815726824,human,0.676,human,0.0
815726825,non_human,0.987,non_human,0.0
815726826,non_human,0.535,human,1.0
815726828,human,0.931,human,0.0
815726829,human,0.926,human,0.0
815726830,non_human,0.985,non_human,0.0
815726831,human,0.889,human,0.0
815726832,human,0.866,human,0.0
815726835,non_human,0.978,non_human,0.0
815726836,human,0.87,human,0.0
815726838,non_human,0.995,non_human,0.0
815726839,human,0.953,human,0.0
815726840,non_human,0.592,human,1.0
815726842,non_human,0.982,non_human,0.0
815726843,human,0.652,human,0.0
815726844,non_human,0.636,non_human,0.0
815726845,human,0.737,non_human,1.0
815726846,human,0.666,human,0.0
815726847,non_human,0.984,non_human,0.0
815726848,human,0.599,human,0.0
815726850,non_human,0.963,non_human,0.0
815726851,non_human,0.995,non_human,0.0
815726852,non_human,0.985,non_human,0.0
815726853,non_human,0.756,non_human,0.0
815726854,non_human,0.907,non_human,0.0
815726855,human,0.691,non_human,1.0
815726856,human,0.983,human,0.0
815726858,non_human,0.984,non_human,0.0
815726859,human,0.783,human,0.0
815726860,non_human,0.982,non_human,0.0
815726861,human,0.954,human,0.0
815726862,non_human,0.995,non_human,0.0
815726863,human,0.789,human,0.0
815726864,human,0.945,human,0.0
815726865,non_human,0.985,non_human,0.0
815726866,human,0.792,non_human,1.0
815726867,human,0.948,human,0.0
815726868,human,0.986,human,0.0
815726869,human,0.724,non_human,1.0
815726870,human,0.874,human,0.0
815726871,non_human,0.645,non_human,0.0
815726873,non_human,0.671,human,1.0
815726874,non_human,0.593,non_human,0.0
815726875,human,0.669,non_human,1.0
815726876,human,0.703,human,0.0
815726877,human,0.659,human,0.0
815726878,non_human,0.64,human,1.0
815726879,human,0.931,human,0.0
815726880,non_human,0.592,non_human,0.0
815726882,human,0.956,human,0.0
815726883,non_human,0.7,non_human,0.0
815726884,non_human,0.986,non_human,0.0
815726886,human,0.89,human,0.0
815726887,human,0.953,human,0.0
815726888,non_human,0.978,non_human,0.0
815726889,human,0.584,non_human,1.0
815726890,human,0.952,human,0.0
815726891,human,0.935,human,0.0
815726892,non_human,0.995,non_human,0.0
815726893,non_human,0.707,non_human,0.0
815726894,non_human,0.739,non_human,0.0
815726895,non_human,0.924,non_human,0.0
815726896,non_human,0.983,non_human,0.0
815726897,non_human,0.986,non_human,0.0
815726899,non_human,0.994,non_human,0.0
815726900,human,0.993,human,0.0
815726901,non_human,0.608,non_human,0.0
815726902,human,0.567,human,0.0
815726903,non_human,0.995,non_human,0.0
815726904,non_human,0.995,non_human,0.0
815726905,human,0.678,human,0.0
815726906,human,0.956,human,0.0
815726907,non_human,0.985,non_human,0.0
815726908,human,0.83,human,0.0
815726911,non_human,0.581,human,1.0
815726912,non_human,0.995,non_human,0.0
815726914,human,0.653,human,0.0
815726915,human,0.735,human,0.0
815726916,non_human,0.987,non_human,0.0
815726917,human,0.668,non_human,1.0
815726918,non_human,0.985,non_human,0.0
815726920,human,0.963,human,0.0
815726921,human,0.858,non_human,1.0
815726922,non_human,0.507,human,1.0
815726925,human,0.96,human,0.0
815726926,human,0.668,human,0.0
815726927,human,0.978,human,0.0
815726928,non_human,0.984,non_human,0.0
815726929,non_human,0.72,non_human,0.0
815726930,human,0.918,non_human,1.0
815726931,human,0.793,human,0.0
815726933,non_human,0.964,non_human,0.0
815726934,non_human,0.985,non_human,0.0
815726935,non_human,0.866,non_human,0.0
815726936,non_human,0.984,non_human,0.0
815726937,non_human,0.811,human,1.0
815726938,human,0.992,human,0.0
815726939,human,0.789,non_human,1.0
815726940,human,0.905,human,0.0
815726941,human,0.72,human,0.0
815726942,non_human,0.985,non_human,0.0
815726943,human,0.984,human,0.0
815726945,human,0.914,human,0.0
815726946,human,0.884,human,0.0
815726948,human,0.787,human,0.0
815726949,non_human,0.74,non_human,0.0
815726950,human,0.95,human,0.0
815726952,human,0.881,human,0.0
815726953,human,0.981,human,0.0
815726954,human,0.501,human,0.0
815726955,non_human,0.981,non_human,0.0
815726956,non_human,0.635,non_human,0.0
815726957,non_human,0.802,non_human,0.0
815726958,human,0.82,human,0.0
815726959,non_human,0.995,non_human,0.0
815726960,non_human,0.978,non_human,0.0
815726961,non_human,0.701,non_human,0.0
815726962,human,0.862,human,0.0
815726963,human,0.933,human,0.0
815726964,human,0.818,human,0.0
815726965,non_human,0.988,non_human,0.0
815726966,human,0.886,human,0.0
815726967,non_human,0.616,human,1.0
815726968,non_human,0.577,non_human,0.0
815726969,non_human,0.986,non_human,0.0
815726970,human,0.657,human,0.0
815726971,human,0.7,human,0.0
815726972,human,0.956,human,0.0
815726973,non_human,0.995,non_human,0.0
815726974,non_human,0.565,non_human,0.0
815726975,non_human,0.666,human,1.0
815726976,human,0.861,non_human,1.0
815726977,non_human,0.524,human,1.0
815726978,non_human,0.599,non_human,0.0
815726980,human,0.948,human,0.0
815726981,human,0.706,non_human,1.0
815726982,human,0.977,human,0.0
815726984,human,0.844,human,0.0
815726985,non_human,0.984,non_human,0.0
815726987,human,0.838,human,0.0
815726988,human,0.88,human,0.0
815726989,human,0.589,non_human,1.0
815726990,human,0.952,human,0.0
815726991,human,0.913,human,0.0
815726992,human,0.546,non_human,1.0
815726993,non_human,0.984,non_human,0.0
815726994,human,0.909,human,0.0
815726995,human,0.762,non_human,1.0
815726996,human,0.985,human,0.0
815726997,non_human,0.572,human,1.0
815726998,human,0.72,non_human,1.0
815727000,human,0.752,human,0.0
815727001,human,0.954,human,0.0
815727002,human,0.887,human,0.0
815727003,human,0.867,human,0.0
815727004,human,0.5,non_human,1.0
815727005,human,0.881,human,0.0
815727006,non_human,0.97,non_human,0.0
815727007,human,0.64,non_human,1.0
815727008,human,0.985,human,0.0
815727010,human,0.543,non_human,1.0
815727011,non_human,0.587,non_human,0.0
815727012,non_human,0.969,non_human,0.0
815727013,non_human,0.682,non_human,0.0
815727014,non_human,0.643,non_human,0.0
815727015,human,0.858,human,0.0
815727016,human,0.974,human,0.0
815727017,non_human,0.527,human,1.0
815727020,human,0.865,human,0.0
815727022,non_human,0.984,non_human,0.0
815727023,human,0.985,human,0.0
815727024,human,0.953,non_human,1.0
815727025,human,0.86,human,0.0
815727026,non_human,0.706,non_human,0.0
815727027,non_human,0.978,non_human,0.0
815727028,non_human,0.983,non_human,0.0
815727029,non_human,0.832,non_human,0.0
815727030,non_human,0.542,human,1.0
815727032,human,0.623,human,0.0
815727033,non_human,0.611,non_human,0.0
815727034,human,0.99,human,0.0
815727035,human,0.759,non_human,1.0
815727037,human,0.751,human,0.0
815727038,human,0.847,human,0.0
815727039,human,0.6,non_human,1.0
815727040,human,0.871,human,0.0
815727041,non_human,0.985,non_human,0.0
815727043,non_human,0.796,non_human,0.0
815727044,non_human,0.985,non_human,0.0
815727046,human,0.812,non_human,1.0
815727047,non_human,0.532,non_human,0.0
815727048,human,0.587,non_human,1.0
815727050,non_human,0.978,non_human,0.0
815727051,human,0.521,human,0.0
815727052,non_human,0.731,non_human,0.0
815727053,non_human,0.524,non_human,0.0
815727054,human,0.513,human,0.0
815727055,human,0.815,non_human,1.0
815727056,human,0.919,human,0.0
815727057,human,0.982,human,0.0
815727058,human,0.72,non_human,1.0
815727059,human,0.978,human,0.0
815727060,human,0.954,human,0.0
815727062,non_human,0.602,human,1.0
815727063,non_human,0.829,human,1.0
815727064,human,0.901,non_human,1.0
815727065,human,0.849,human,0.0
815727066,non_human,0.503,non_human,0.0
815727067,non_human,0.976,non_human,0.0
815727068,non_human,0.653,non_human,0.0
815727070,human,0.905,human,0.0
815727071,human,0.648,non_human,1.0
815727072,human,0.851,human,0.0
815727073,human,0.584,non_human,1.0
815727074,non_human,0.973,non_human,0.0
815727075,non_human,0.995,non_human,0.0
815727076,non_human,0.984,non_human,0.0
815727077,non_human,0.994,non_human,0.0
815727078,non_human,0.962,non_human,0.0
815727079,non_human,0.747,non_human,0.0
815727080,human,0.678,non_human,1.0
815727081,human,0.89,human,0.0
815727082,human,0.8,human,0.0
815727083,non_human,0.988,non_human,0.0
815727084,human,0.833,human,0.0
815727085,human,0.956,human,0.0
815727086,non_human,0.982,non_human,0.0
815727087,human,0.877,human,0.0
815727088,human,0.894,human,0.0
815727089,human,0.785,non_human,1.0
815727090,non_human,0.995,non_human,0.0
815727093,non_human,0.986,non_human,0.0
815727094,non_human,0.984,non_human,0.0
815727095,non_human,0.641,human,1.0
815727096,human,0.928,human,0.0
815727097,non_human,0.728,non_human,0.0
815727098,human,0.923,human,0.0
815727099,human,0.895,human,0.0
815727101,human,0.525,human,0.0
815727102,non_human,0.985,non_human,0.0
815727104,non_human,0.508,non_human,0.0
815727105,non_human,0.81,non_human,0.0
815727106,human,0.545,non_human,1.0
815727107,non_human,0.952,non_human,0.0
815727108,human,0.907,human,0.0
815727109,human,0.979,non_human,1.0
815727110,non_human,0.954,non_human,0.0
815727111,human,0.977,human,0.0
815727112,human,0.842,human,0.0
815727113,human,0.722,human,0.0
815727114,human,0.705,non_human,1.0
815727115,human,0.778,human,0.0
815727116,non_human,0.976,non_human,0.0
815727117,human,0.958,non_human,1.0
815727118,non_human,0.977,non_human,0.0
815727119,non_human,0.995,non_human,0.0
815727122,human,0.523,human,0.0
815727123,human,0.976,human,0.0
815727124,non_human,0.973,non_human,0.0
815727125,non_human,0.986,non_human,0.0
815727126,human,0.928,human,0.0
815727127,non_human,0.984,non_human,0.0
815727128,non_human,0.675,non_human,0.0
815727130,human,0.985,human,0.0
815727131,non_human,0.674,non_human,0.0
815727132,non_human,0.524,non_human,0.0
815727133,human,0.936,non_human,1.0
815727135,human,0.893,human,0.0
815727136,human,0.764,non_human,1.0
815727137,human,0.64,human,0.0
815727139,human,0.91,human,0.0
815727140,human,0.989,human,0.0
815727141,human,0.808,human,0.0
815727142,human,0.895,human,0.0
815727143,non_human,0.524,non_human,0.0
815727144,non_human,0.708,non_human,0.0
815727146,human,0.885,non_human,1.0
815727147,human,0.978,human,0.0
815727148,human,0.652,human,0.0
815727149,non_human,0.949,non_human,0.0
815727151,non_human,0.755,non_human,0.0
815727152,human,0.932,human,0.0
815727153,non_human,0.637,non_human,0.0
815727154,human,0.793,human,0.0
815727155,human,0.749,human,0.0
815727156,non_human,0.977,non_human,0.0
815727157,human,0.87,non_human,1.0
815727158,human,0.989,human,0.0
815727159,non_human,0.985,non_human,0.0
815727160,non_human,0.983,non_human,0.0
815727161,non_human,0.984,non_human,0.0
815727162,human,0.808,non_human,1.0
815727163,non_human,0.794,non_human,0.0
815727165,non_human,0.658,non_human,0.0
815727166,human,0.942,human,0.0
815727167,human,0.707,human,0.0
815727168,human,0.94,human,0.0
815727169,human,0.852,human,0.0
815727170,human,0.994,human,0.0
815727171,human,0.793,human,0.0
815727173,human,0.726,human,0.0
815727174,human,0.967,human,0.0
815727175,human,0.907,human,0.0
815727176,human,0.502,non_human,1.0
815727177,human,0.866,human,0.0
815727178,human,0.75,human,0.0
815727180,non_human,0.765,non_human,0.0
815727181,non_human,0.96,non_human,0.0
815727182,non_human,0.982,non_human,0.0
815727183,non_human,0.976,non_human,0.0
815727184,human,0.918,human,0.0
815727185,non_human,0.606,human,1.0
815727186,human,0.552,human,0.0
815727187,human,0.977,human,0.0
815727188,human,0.927,human,0.0
815727189,human,0.695,human,0.0
815727190,human,0.966,human,0.0
815727192,non_human,0.7,non_human,0.0
815727193,human,0.761,non_human,1.0
815727194,human,0.974,human,0.0
815727195,human,0.98,human,0.0
815727197,human,0.93,human,0.0
815727198,human,0.963,human,0.0
815727199,non_human,0.568,non_human,0.0
815727200,human,0.806,human,0.0
815727201,human,0.837,human,0.0
815727202,human,0.878,non_human,1.0
815727203,non_human,0.704,human,1.0
815727204,human,0.875,human,0.0
815727205,human,0.947,human,0.0
815727206,human,0.805,human,0.0
815727207,non_human,0.513,non_human,0.0
815727208,human,0.903,human,0.0
815727209,human,0.505,non_human,1.0
815727210,human,0.915,non_human,1.0
815727211,non_human,0.657,non_human,0.0
815727212,non_human,0.746,non_human,0.0
815727213,non_human,0.737,human,1.0
815727214,human,0.664,non_human,1.0
815727215,human,0.547,non_human,1.0
815727216,non_human,0.626,human,1.0
815727217,human,0.79,non_human,1.0
815727218,non_human,0.673,non_human,0.0
815727219,non_human,0.69,human,1.0
815727220,non_human,0.663,non_human,0.0
815727221,human,0.9,human,0.0
815727222,human,0.828,non_human,1.0
815727224,human,0.755,human,0.0
815727227,non_human,0.995,non_human,0.0
815727228,human,0.808,human,0.0
815727229,non_human,0.778,non_human,0.0
815727230,non_human,0.707,non_human,0.0
815727231,human,0.892,human,0.0
815727232,human,0.653,non_human,1.0
815727233,human,0.968,human,0.0
815727234,human,0.857,human,0.0
815727237,human,0.585,non_human,1.0
815727238,human,0.814,human,0.0
815727240,human,0.705,non_human,1.0
815727241,human,0.9,human,0.0
815727242,human,0.807,human,0.0
815727243,human,0.681,non_human,1.0
815727244,non_human,0.712,non_human,0.0
815727245,non_human,0.978,non_human,0.0
815727246,non_human,0.984,non_human,0.0
815727248,non_human,0.984,non_human,0.0
815727249,non_human,0.648,human,1.0
815727250,human,0.937,human,0.0
815727251,non_human,0.982,non_human,0.0
815727252,human,0.611,human,0.0
815727253,human,0.989,human,0.0
815727254,non_human,0.985,non_human,0.0
815727255,human,0.802,human,0.0
815727256,human,0.663,non_human,1.0
815727257,human,0.626,human,0.0
815727258,human,0.725,human,0.0
815727259,non_human,0.975,non_human,0.0
815727260,non_human,0.985,non_human,0.0
815727261,human,0.665,non_human,1.0
815727262,non_human,0.984,non_human,0.0
815727263,human,0.939,human,0.0
815727264,non_human,0.988,non_human,0.0
815727265,human,0.838,human,0.0
815727266,human,0.971,human,0.0
815727267,human,0.866,non_human,1.0
815727268,non_human,0.642,human,1.0
815727270,non_human,0.981,non_human,0.0
815727271,non_human,0.982,non_human,0.0
815727272,non_human,0.977,non_human,0.0
815727273,non_human,0.995,non_human,0.0
815727274,human,0.958,human,0.0
815727275,human,0.808,human,0.0
815727276,human,0.742,human,0.0
815727277,human,0.981,human,0.0
815727278,human,0.943,human,0.0
815727279,non_human,0.992,non_human,0.0
815727280,human,0.877,human,0.0
815727281,human,0.71,human,0.0
815727282,human,0.974,human,0.0
815727283,non_human,0.786,human,1.0
815727285,non_human,0.537,non_human,0.0
815727286,human,0.933,non_human,1.0
815727287,human,0.937,human,0.0
815727288,human,0.964,human,0.0
815727289,non_human,0.984,non_human,0.0
815727290,non_human,0.984,non_human,0.0
815727291,human,0.913,non_human,1.0
815727292,human,0.893,human,0.0
815727293,human,0.586,non_human,1.0
815727294,human,0.881,human,0.0
815727295,human,0.952,human,0.0
815727296,non_human,0.921,human,1.0
815727297,human,0.92,human,0.0
815727298,human,0.726,human,0.0
815727299,human,0.903,non_human,1.0
815727300,human,0.98,human,0.0
815727302,human,0.644,non_human,1.0
815727303,human,0.968,human,0.0
815727304,human,0.804,human,0.0
815727305,human,0.956,human,0.0
815727306,human,0.614,non_human,1.0
815727308,human,0.568,human,0.0
815727309,human,0.957,human,0.0
815727310,human,0.917,human,0.0
815727312,human,0.502,human,0.0
815727313,human,0.966,human,0.0
815727314,human,0.619,human,0.0
815727316,human,0.968,human,0.0
815727317,human,0.758,non_human,1.0
815727318,human,0.926,human,0.0
815727319,non_human,0.633,non_human,0.0
815727320,human,0.614,non_human,1.0
815727321,non_human,0.77,non_human,0.0
815727322,human,0.596,non_human,1.0
815727323,non_human,0.985,non_human,0.0
815727324,human,0.86,non_human,1.0
815727325,human,0.84,human,0.0
815727326,human,0.949,human,0.0
815727327,human,0.971,human,0.0
815727328,human,0.814,human,0.0
815727329,human,0.939,human,0.0
815727330,non_human,0.995,non_human,0.0
815727331,non_human,0.976,non_human,0.0
815727332,human,0.928,human,0.0
815727333,human,0.696,human,0.0
815727334,non_human,0.983,non_human,0.0
815727335,human,0.854,human,0.0
815727337,non_human,0.984,non_human,0.0
815727338,non_human,0.988,non_human,0.0
815727339,non_human,0.967,non_human,0.0
815727340,non_human,0.983,non_human,0.0
815727341,human,0.599,human,0.0
815727342,non_human,0.984,non_human,0.0
815727343,non_human,0.976,non_human,0.0
815727345,non_human,0.976,non_human,0.0
815727346,non_human,0.962,non_human,0.0
815727347,non_human,0.988,non_human,0.0
815727348,non_human,0.975,non_human,0.0
815727349,non_human,0.995,non_human,0.0
815727350,human,0.856,human,0.0
815727351,human,0.868,human,0.0
815727352,human,0.996,human,0.0
815727353,human,0.583,non_human,1.0
815727354,human,0.923,human,0.0
815727355,human,0.875,human,0.0
815727356,human,0.689,human,0.0
815727358,human,0.653,human,0.0
815727359,human,0.931,human,0.0
815727360,non_human,0.985,non_human,0.0
815727361,human,0.986,human,0.0
815727363,human,0.947,non_human,1.0
815727364,non_human,0.539,non_human,0.0
815727365,human,0.992,human,0.0
815727366,human,0.976,human,0.0
815727367,human,0.951,human,0.0
815727368,non_human,0.967,non_human,0.0
815727369,non_human,0.995,non_human,0.0
815727370,human,0.739,human,0.0
815727372,non_human,0.977,non_human,0.0
815727373,human,0.869,human,0.0
815727374,human,0.747,human,0.0
815727375,human,0.936,human,0.0
815727376,non_human,0.652,human,1.0
815727377,human,0.739,human,0.0
815727378,non_human,0.621,human,1.0
815727379,human,0.929,human,0.0
815727381,human,0.937,human,0.0
815727382,human,0.983,human,0.0
815727383,non_human,0.549,human,1.0
815727384,human,0.99,human,0.0
815727385,human,0.967,human,0.0
815727386,human,0.866,human,0.0
815727387,human,0.96,human,0.0
815727388,human,0.944,non_human,1.0
815727389,human,0.92,non_human,1.0
815727390,human,0.912,human,0.0
815727391,human,0.998,human,0.0
815727392,human,0.97,human,0.0
815727393,human,0.948,human,0.0
815727394,non_human,0.912,non_human,0.0
815727395,human,0.901,human,0.0
815727396,human,0.962,human,0.0
815727397,human,0.757,human,0.0
815727398,human,0.796,human,0.0
815727399,human,0.746,human,0.0
815727400,human,0.882,human,0.0
815727401,human,0.963,human,0.0
815727402,human,0.64,human,0.0
815727403,non_human,0.761,non_human,0.0
815727404,human,0.841,non_human,1.0
815727405,human,0.907,human,0.0
815727407,human,0.928,human,0.0
815727408,human,0.961,human,0.0
815727409,human,0.934,human,0.0
815727410,human,0.725,non_human,1.0
815727411,non_human,0.615,human,1.0
815727412,non_human,0.624,non_human,0.0
815727413,human,0.854,non_human,1.0
815727414,human,0.529,non_human,1.0
815727415,human,0.968,human,0.0
815727416,human,0.99,human,0.0
815727417,human,0.934,human,0.0
815727418,non_human,0.983,non_human,0.0
815727419,human,0.971,human,0.0
815727420,non_human,0.985,non_human,0.0
815727421,human,0.763,human,0.0
815727422,human,0.784,human,0.0
815727423,human,0.992,human,0.0
815727425,non_human,0.986,non_human,0.0
815727426,human,0.865,human,0.0
815727429,human,0.918,human,0.0
815727430,human,0.894,non_human,1.0
815727431,non_human,0.508,human,1.0
815727433,non_human,0.984,non_human,0.0
815727434,human,0.66,human,0.0
815727435,non_human,0.995,non_human,0.0
815727436,human,0.944,human,0.0
815727437,human,0.636,human,0.0
815727438,non_human,0.975,non_human,0.0
815727440,human,0.94,human,0.0
815727441,non_human,0.985,non_human,0.0
815727442,human,0.953,human,0.0
815727443,non_human,0.995,non_human,0.0
815727444,non_human,0.986,non_human,0.0
815727445,non_human,0.97,non_human,0.0
815727446,human,0.995,human,0.0
815727448,human,0.972,human,0.0
815727449,non_human,0.725,non_human,0.0
815727450,human,0.796,human,0.0
815727451,human,0.85,non_human,1.0
815727452,non_human,0.756,non_human,0.0
815727454,non_human,0.983,non_human,0.0
815727455,human,0.816,human,0.0
815727456,non_human,0.983,non_human,0.0
815727457,non_human,0.973,non_human,0.0
815727458,non_human,0.986,non_human,0.0
815727461,human,0.809,non_human,1.0
815727462,human,0.81,non_human,1.0
815727463,non_human,0.973,non_human,0.0
815727464,non_human,0.983,non_human,0.0
815727465,non_human,0.971,non_human,0.0
815727466,human,0.988,human,0.0
815727467,human,0.953,human,0.0
815727469,non_human,0.981,non_human,0.0
815727470,non_human,0.988,non_human,0.0
815727471,human,0.524,non_human,1.0
815727472,non_human,0.978,non_human,0.0
815727473,human,0.766,non_human,1.0
815727474,human,0.87,human,0.0
815727475,human,0.934,human,0.0
815727478,non_human,0.599,human,1.0
815727479,human,0.877,non_human,1.0
815727480,human,0.87,human,0.0
815727483,human,0.902,human,0.0
815727484,human,0.651,human,0.0
815727485,human,0.922,human,0.0
815727486,human,0.922,human,0.0
815727487,human,0.946,human,0.0
815727489,non_human,0.756,non_human,0.0
815727490,human,0.554,human,0.0
815727491,human,0.921,human,0.0
815727492,human,0.967,human,0.0
815727493,human,0.939,human,0.0
815727494,human,0.987,human,0.0
815727495,human,0.842,human,0.0
815727497,non_human,0.986,non_human,0.0
815727498,human,0.938,human,0.0
815727499,non_human,0.599,non_human,0.0
815727500,non_human,0.982,non_human,0.0
815727501,human,0.767,human,0.0
815727502,human,0.991,human,0.0
815727503,human,0.876,human,0.0
815727504,human,0.746,human,0.0
815727505,human,0.534,non_human,1.0
815727506,human,0.812,human,0.0
815727507,non_human,0.985,non_human,0.0
815727509,human,0.934,non_human,1.0
815727510,non_human,0.978,non_human,0.0
815727511,non_human,0.69,non_human,0.0
815727512,non_human,0.982,non_human,0.0
815727513,human,0.753,human,0.0
815727514,non_human,0.986,non_human,0.0
815727515,non_human,0.976,non_human,0.0
815727516,human,0.863,human,0.0
815727517,non_human,0.994,non_human,0.0
815727518,human,0.551,human,0.0
815727519,human,0.823,human,0.0
815727521,non_human,0.957,non_human,0.0
815727523,human,0.816,human,0.0
815727524,human,0.894,human,0.0
815727526,non_human,0.995,non_human,0.0
815727527,non_human,0.995,non_human,0.0
815727529,non_human,0.983,non_human,0.0
815727530,human,0.911,human,0.0
815727531,non_human,0.977,non_human,0.0
815727532,human,0.986,human,0.0
815727533,human,0.648,human,0.0
815727534,non_human,0.988,non_human,0.0
815727535,human,0.946,non_human,1.0
815727536,human,0.96,human,0.0
815727537,human,0.892,human,0.0
815727538,human,0.79,human,0.0
815727539,human,0.791,non_human,1.0
815727541,human,0.911,human,0.0
815727542,human,0.97,non_human,1.0
815727543,non_human,0.995,non_human,0.0
815727544,human,0.535,non_human,1.0
815727545,human,0.838,human,0.0
815727546,non_human,0.988,non_human,0.0
815727547,human,0.622,human,0.0
815727548,non_human,0.581,human,1.0
815727549,human,0.938,human,0.0
815727551,human,0.649,non_human,1.0
815727552,non_human,0.976,non_human,0.0
815727553,non_human,0.995,non_human,0.0
815727554,human,0.99,human,0.0
815727555,non_human,0.981,non_human,0.0
815727556,human,0.709,human,0.0
815727557,human,0.633,human,0.0
815727558,human,0.524,human,0.0
815727559,human,0.974,human,0.0
815727560,human,0.819,non_human,1.0
815727561,non_human,0.653,non_human,0.0
815727562,human,0.929,human,0.0
815727563,non_human,0.63,non_human,0.0
815727564,non_human,0.762,non_human,0.0
815727566,human,0.736,human,0.0
815727567,human,0.924,human,0.0
815727568,human,0.774,human,0.0
815727569,human,0.872,non_human,1.0
815727570,human,0.949,human,0.0
815727571,human,0.944,human,0.0
815727572,human,0.846,human,0.0
815727573,human,0.939,human,0.0
815727574,human,0.663,human,0.0
815727575,human,0.797,human,0.0
815727576,non_human,0.714,non_human,0.0
815727577,human,0.952,human,0.0
815727578,non_human,0.983,non_human,0.0
815727579,non_human,0.736,non_human,0.0
815727580,human,0.91,human,0.0
815727581,human,0.906,human,0.0
815727582,human,0.961,human,0.0
815727583,human,0.979,human,0.0
815727584,human,0.981,human,0.0
815727585,non_human,0.556,non_human,0.0
815727586,human,0.886,human,0.0
815727587,human,0.948,human,0.0
815727589,human,0.717,human,0.0
815727590,non_human,0.987,non_human,0.0
815727591,human,0.962,human,0.0
815727592,human,0.908,human,0.0
815727595,non_human,0.962,non_human,0.0
815727597,non_human,0.925,non_human,0.0
815727598,non_human,0.995,non_human,0.0
815727600,non_human,0.988,non_human,0.0
815727601,non_human,0.983,non_human,0.0
815727602,non_human,0.988,non_human,0.0
815727603,non_human,0.984,non_human,0.0
815727606,non_human,0.818,non_human,0.0
815727607,non_human,0.984,non_human,0.0
815727608,non_human,0.983,non_human,0.0
815727609,human,0.938,human,0.0
815727610,human,0.55,non_human,1.0
815727611,human,0.62,non_human,1.0
815727612,human,0.669,human,0.0
815727613,non_human,0.984,non_human,0.0
815727614,non_human,0.962,non_human,0.0
815727616,non_human,0.985,non_human,0.0
815727617,non_human,0.976,non_human,0.0
815727618,non_human,0.988,non_human,0.0
815727619,human,0.897,human,0.0
815727621,human,0.929,human,0.0
815727622,human,0.967,human,0.0
815727630,human,0.92,human,0.0
815727631,human,0.918,human,0.0
815727632,human,0.902,non_human,1.0
815727633,human,0.877,human,0.0
815727634,human,0.628,non_human,1.0
815727636,non_human,0.97,non_human,0.0
815727637,non_human,0.836,non_human,0.0
815727638,human,0.976,human,0.0
815727639,non_human,0.521,human,1.0
815727640,human,0.889,human,0.0
815727641,human,0.578,human,0.0
815727642,non_human,0.566,human,1.0
815727643,human,0.907,non_human,1.0
815727644,human,0.912,human,0.0
815727646,human,0.761,human,0.0
815727648,non_human,0.509,non_human,0.0
815727649,human,0.944,human,0.0
815727650,human,0.554,non_human,1.0
815727651,non_human,0.728,human,1.0
815727652,non_human,0.784,human,1.0
815727653,human,0.981,human,0.0
815727654,human,0.678,human,0.0
815727656,human,0.972,human,0.0
815727657,human,0.887,human,0.0
815727658,non_human,0.734,non_human,0.0
815727659,human,0.912,human,0.0
815727660,non_human,0.983,non_human,0.0
815727661,human,0.92,human,0.0
815727663,human,0.686,non_human,1.0
815727664,non_human,0.983,non_human,0.0
815727665,human,0.739,human,0.0
815727666,human,0.547,human,0.0
815727667,human,0.679,human,0.0
815727669,human,0.922,non_human,1.0
815727670,human,0.968,human,0.0
815727671,non_human,0.995,non_human,0.0
815727672,human,0.965,human,0.0
815727673,human,0.734,non_human,1.0
815727674,human,0.99,human,0.0
815727675,human,0.872,human,0.0
815727677,non_human,0.995,non_human,0.0
815727678,non_human,0.985,non_human,0.0
815727681,human,0.804,human,0.0
815727682,human,0.803,non_human,1.0
815727683,human,0.873,human,0.0
815727684,human,0.615,non_human,1.0
815727685,human,0.879,human,0.0
815727687,non_human,0.982,non_human,0.0
815727688,human,0.97,human,0.0
815727689,non_human,0.983,non_human,0.0
815727690,non_human,0.971,non_human,0.0
815727691,non_human,0.985,non_human,0.0
815727692,non_human,0.995,non_human,0.0
815727693,non_human,0.985,non_human,0.0
815727694,non_human,0.95,non_human,0.0
815727695,non_human,0.975,non_human,0.0
815727696,non_human,0.774,non_human,0.0
815727697,non_human,0.983,non_human,0.0
815727698,non_human,0.959,non_human,0.0
815727699,human,0.905,human,0.0
815727701,non_human,0.995,non_human,0.0
815727702,human,0.869,human,0.0
815727703,human,0.897,human,0.0
815727704,non_human,0.974,non_human,0.0
815727707,human,0.905,human,0.0
815727708,human,0.905,human,0.0
815727709,human,0.829,human,0.0
815727710,human,0.629,human,0.0
815727711,human,0.818,human,0.0
815727712,human,0.884,human,0.0
815727713,human,0.987,human,0.0
815727714,human,0.971,human,0.0
815727716,human,0.993,human,0.0
815727718,human,0.978,human,0.0
815727719,human,0.765,human,0.0
815727720,human,0.556,human,0.0
815727721,human,0.97,human,0.0
815727722,human,0.926,human,0.0
815727723,human,0.949,human,0.0
815727724,human,0.96,human,0.0
815727725,human,0.871,non_human,1.0
815727726,non_human,0.665,non_human,0.0
815727727,human,0.813,human,0.0
815727728,human,0.922,human,0.0
815727729,human,0.812,human,0.0
815727730,human,0.884,human,0.0
815727731,human,0.795,non_human,1.0
815727733,human,0.964,human,0.0
815727734,human,0.903,human,0.0
815727735,non_human,0.704,human,1.0
815727736,human,0.64,human,0.0
815727737,human,0.976,human,0.0
815727739,human,0.682,non_human,1.0
815727740,human,0.927,human,0.0
815727741,human,0.653,human,0.0
815727742,human,0.866,human,0.0
815727743,human,0.793,human,0.0
815727744,human,0.954,human,0.0
815727746,human,0.734,human,0.0
815727747,human,0.794,human,0.0
815727749,human,0.717,human,0.0
815727750,human,0.964,human,0.0
815727751,non_human,0.565,non_human,0.0
815727752,human,0.851,human,0.0
815727753,human,0.98,human,0.0
815727754,human,0.676,non_human,1.0
815727755,human,0.652,human,0.0
815727756,human,0.584,human,0.0
815727757,non_human,0.995,non_human,0.0
815727758,human,0.982,human,0.0
815727759,human,0.968,human,0.0
815727760,human,0.941,human,0.0
815727762,human,0.918,human,0.0
815727763,human,0.952,human,0.0
815727764,non_human,0.974,non_human,0.0
815727765,human,0.946,human,0.0
815727766,non_human,0.985,non_human,0.0
815727767,non_human,0.735,human,1.0
815727768,non_human,0.995,non_human,0.0
815727770,non_human,0.98,non_human,0.0
815727772,human,0.944,human,0.0
815727773,non_human,0.983,non_human,0.0
815727774,non_human,0.985,non_human,0.0
815727775,non_human,0.995,non_human,0.0
815727776,non_human,0.995,non_human,0.0
815727777,non_human,0.984,non_human,0.0
815727778,non_human,0.979,non_human,0.0
815727779,non_human,0.981,non_human,0.0
815727780,non_human,0.707,non_human,0.0
815727781,human,0.958,human,0.0
815727782,human,0.899,human,0.0
815727784,non_human,0.744,human,1.0
815727785,non_human,0.977,non_human,0.0
815727786,human,0.975,human,0.0
815727787,non_human,0.985,non_human,0.0
815727788,human,0.815,human,0.0
815727789,non_human,0.965,non_human,0.0
815727790,human,0.944,human,0.0
815727791,non_human,0.985,non_human,0.0
815727792,human,0.845,non_human,1.0
815727794,non_human,0.754,human,1.0
815727795,human,0.885,human,0.0
815727796,human,0.59,non_human,1.0
815727797,non_human,0.631,non_human,0.0
815727799,human,0.968,human,0.0
815727800,human,0.954,human,0.0
815727801,human,0.551,human,0.0
815727802,human,0.617,human,0.0
815727803,human,0.563,human,0.0
815727805,human,0.995,human,0.0
815727806,human,0.72,human,0.0
815727807,human,0.986,human,0.0
815727809,non_human,0.674,human,1.0
815727810,human,0.86,human,0.0
815727811,human,0.874,human,0.0
815727812,human,0.987,human,0.0
815727813,non_human,0.994,non_human,0.0
815727814,human,0.634,human,0.0
815727815,human,0.837,human,0.0
815727816,non_human,0.735,human,1.0
815727817,human,0.919,human,0.0
815727818,human,0.989,human,0.0
815727820,human,0.962,human,0.0
815727821,human,0.834,human,0.0
815727822,non_human,0.526,human,1.0
815727823,non_human,0.551,non_human,0.0
815727824,human,0.891,non_human,1.0
815727825,human,0.546,human,0.0
815727827,human,0.948,human,0.0
815727829,human,0.993,human,0.0
815727830,human,0.706,human,0.0
815727831,non_human,0.729,non_human,0.0
815727832,human,0.767,non_human,1.0
815727833,human,0.5,non_human,1.0
815727834,human,0.961,human,0.0
815727835,non_human,0.988,non_human,0.0
815727836,human,0.936,human,0.0
815727837,non_human,0.551,human,1.0
815727838,non_human,0.995,non_human,0.0
815727839,human,0.777,human,0.0
815727840,non_human,0.983,non_human,0.0
815727841,non_human,0.983,non_human,0.0
815727842,human,0.943,human,0.0
815727844,human,0.923,human,0.0
815727845,non_human,0.982,non_human,0.0
815727846,non_human,0.986,non_human,0.0
815727847,human,0.978,human,0.0
815727848,non_human,0.995,non_human,0.0
815727849,non_human,0.981,non_human,0.0
815727851,non_human,0.984,non_human,0.0
815727852,human,0.709,non_human,1.0
815727854,human,0.993,human,0.0
815727855,non_human,0.535,human,1.0
815727856,non_human,0.995,non_human,0.0
815727857,human,0.982,human,0.0
815727858,non_human,0.977,non_human,0.0
815727859,non_human,0.97,non_human,0.0
815727860,non_human,0.981,non_human,0.0
815727861,human,0.951,human,0.0
815727862,non_human,0.958,non_human,0.0
815727863,non_human,0.971,non_human,0.0
815727864,non_human,0.969,non_human,0.0
815727865,human,0.869,human,0.0
815727866,human,0.944,human,0.0
815727867,non_human,0.536,non_human,0.0
815727868,human,0.976,human,0.0
815727869,non_human,0.567,non_human,0.0
815727870,non_human,0.977,non_human,0.0
815727871,non_human,0.586,non_human,0.0
815727872,non_human,0.974,non_human,0.0
815727873,human,0.586,human,0.0
815727874,non_human,0.995,non_human,0.0
815727875,human,0.997,human,0.0
815727876,non_human,0.76,non_human,0.0
815727879,non_human,0.958,non_human,0.0
815727880,human,0.752,human,0.0
815727882,non_human,0.982,non_human,0.0
815727883,human,0.708,human,0.0
815727884,human,0.978,human,0.0
815727885,human,0.894,human,0.0
815727886,human,0.886,human,0.0
815727887,human,0.906,human,0.0
815727888,human,0.546,non_human,1.0
815727889,human,0.779,human,0.0
815727890,human,0.932,human,0.0
815727891,human,0.649,human,0.0
815727892,human,0.953,human,0.0
815727894,human,0.95,human,0.0
815727895,human,0.885,non_human,1.0
815727897,non_human,0.62,human,1.0
815727898,human,0.754,human,0.0
815727899,human,0.97,human,0.0
815727900,human,0.506,human,0.0
815727901,non_human,0.528,non_human,0.0
815727902,human,0.873,human,0.0
815727903,human,0.544,human,0.0
815727904,human,0.548,human,0.0
815727905,human,0.935,human,0.0
815727906,human,0.622,human,0.0
815727907,human,0.981,human,0.0
815727908,non_human,0.984,non_human,0.0
815727909,non_human,0.696,non_human,0.0
815727910,human,0.95,human,0.0
815727911,human,0.552,non_human,1.0
815727912,human,0.866,human,0.0
815727913,human,0.9,human,0.0
815727914,human,0.94,human,0.0
815727916,non_human,0.546,non_human,0.0
815727917,non_human,0.983,non_human,0.0
815727918,non_human,0.77,non_human,0.0
815727919,human,0.772,human,0.0
815727920,human,0.845,non_human,1.0
815727921,human,0.859,human,0.0
815727922,human,0.838,non_human,1.0
815727923,non_human,0.978,non_human,0.0
815727924,human,0.827,human,0.0
815727925,human,0.743,non_human,1.0
815727926,human,0.952,non_human,1.0
815727927,human,0.696,non_human,1.0
815727928,human,0.977,human,0.0
815727932,human,0.745,non_human,1.0
815727933,non_human,0.984,non_human,0.0
815727934,human,0.747,human,0.0
815727935,human,0.947,human,0.0
815727939,non_human,0.995,non_human,0.0
815727940,human,0.976,human,0.0
815727941,non_human,0.987,non_human,0.0
815727942,human,0.892,human,0.0
815727943,human,0.85,human,0.0
815727944,non_human,0.981,non_human,0.0
815727945,human,0.503,non_human,1.0
815727947,non_human,0.995,non_human,0.0
815727948,non_human,0.983,non_human,0.0
815727949,non_human,0.982,non_human,0.0
815727951,human,0.88,human,0.0
815727952,non_human,0.973,non_human,0.0
815727953,non_human,0.976,non_human,0.0
815727954,human,0.792,human,0.0
815727955,non_human,0.984,non_human,0.0
815727956,human,0.964,human,0.0
815727957,non_human,0.983,non_human,0.0
815727958,non_human,0.985,non_human,0.0
815727960,non_human,0.976,non_human,0.0
815727961,non_human,0.72,non_human,0.0
815727964,non_human,0.962,non_human,0.0
815727965,human,0.939,human,0.0
815727966,human,0.911,human,0.0
815727967,non_human,0.552,human,1.0
815727968,human,0.969,human,0.0
815727969,non_human,0.976,non_human,0.0
815727970,human,0.782,human,0.0
815727971,human,0.944,human,0.0
815727973,non_human,0.992,non_human,0.0
815727974,human,0.924,non_human,1.0
815727975,non_human,0.854,non_human,0.0
815727976,human,0.943,human,0.0
815727977,non_human,0.995,non_human,0.0
815727978,human,0.806,human,0.0
815727979,non_human,0.507,non_human,0.0
815727980,human,0.632,human,0.0
815727981,non_human,0.64,human,1.0
815727982,human,0.791,human,0.0
815727983,human,0.561,non_human,1.0
815727984,human,0.588,human,0.0
815727985,non_human,0.583,human,1.0
815727987,human,0.733,human,0.0
815727988,human,0.937,human,0.0
815727989,human,0.932,human,0.0
815727990,non_human,0.983,non_human,0.0
815727991,non_human,0.577,human,1.0
815727992,human,0.969,human,0.0
815727993,human,0.635,human,0.0
815727994,human,0.857,human,0.0
815727996,human,0.983,human,0.0
815727997,human,0.749,non_human,1.0
815727998,human,0.98,human,0.0
815727999,human,0.836,human,0.0
815728000,human,0.982,human,0.0
815728001,human,0.592,human,0.0
815728002,human,0.972,human,0.0
815728003,non_human,0.986,non_human,0.0
815728004,non_human,0.995,non_human,0.0
815728005,human,0.508,non_human,1.0
815728006,non_human,0.954,non_human,0.0
815728007,non_human,0.995,non_human,0.0
815728008,non_human,0.68,human,1.0
815728009,human,0.897,human,0.0
815728010,non_human,0.982,non_human,0.0
815728011,non_human,0.977,non_human,0.0
815728012,non_human,0.982,non_human,0.0
815728013,human,0.924,human,0.0
815728014,non_human,0.985,non_human,0.0
815728016,non_human,0.986,non_human,0.0
815728017,non_human,0.978,non_human,0.0
815728018,non_human,0.563,human,1.0
815728020,human,0.905,non_human,1.0
815728021,human,0.753,human,0.0
815728022,non_human,0.973,non_human,0.0
815728023,human,0.989,non_human,1.0
815728024,non_human,0.949,non_human,0.0
815728025,human,0.904,human,0.0
815728026,non_human,0.978,non_human,0.0
815728027,human,0.71,non_human,1.0
815728028,human,0.593,human,0.0
815728029,human,0.923,human,0.0
815728030,human,0.612,human,0.0
815728031,human,0.854,human,0.0
815728035,non_human,0.626,human,1.0
815728036,human,0.906,human,0.0
815728037,non_human,0.624,non_human,0.0
815728038,non_human,0.744,non_human,0.0
815728039,human,0.633,human,0.0
815728041,human,0.641,human,0.0
815728042,human,0.956,human,0.0
815728043,human,0.88,human,0.0
815728044,non_human,0.995,non_human,0.0
815728045,human,0.764,non_human,1.0
815728046,human,0.793,human,0.0
815728050,human,0.995,human,0.0
815728051,human,0.851,human,0.0
815728052,human,0.87,non_human,1.0
815728054,human,0.748,human,0.0
815728055,human,0.912,human,0.0
815728056,human,0.778,human,0.0
815728057,human,0.847,non_human,1.0
815728058,non_human,0.967,non_human,0.0
815728059,non_human,0.985,non_human,0.0
815728060,human,0.604,human,0.0
815728061,non_human,0.896,non_human,0.0
815728062,human,0.766,human,0.0
815728063,human,0.945,human,0.0
815728064,non_human,0.544,human,1.0
815728066,non_human,0.987,non_human,0.0
815728067,human,0.724,non_human,1.0
815728068,human,0.927,human,0.0
815728069,human,0.903,human,0.0
815728071,human,0.937,human,0.0
815728072,human,0.848,human,0.0
815728073,human,0.759,human,0.0
815728074,human,0.913,human,0.0
815728075,human,0.77,human,0.0
815728076,human,0.858,human,0.0
815728077,human,0.789,non_human,1.0
815728078,non_human,0.986,non_human,0.0
815728079,non_human,0.974,non_human,0.0
815728080,non_human,0.985,non_human,0.0
815728081,human,0.759,non_human,1.0
815728084,human,0.775,human,0.0
815728085,human,0.927,human,0.0
815728086,human,0.814,human,0.0
815728087,non_human,0.984,non_human,0.0
815728088,human,0.793,human,0.0
815728089,human,0.677,human,0.0
815728090,human,0.754,human,0.0
815728091,non_human,0.932,non_human,0.0
815728092,non_human,0.994,non_human,0.0
815728094,non_human,0.987,non_human,0.0
815728095,non_human,0.985,non_human,0.0
815728096,non_human,0.668,non_human,0.0
815728097,human,0.691,human,0.0
815728098,human,0.958,non_human,1.0
815728100,non_human,0.627,non_human,0.0
815728101,human,0.974,human,0.0
815728103,non_human,0.983,non_human,0.0
815728104,non_human,0.611,non_human,0.0
815728105,non_human,0.543,non_human,0.0
815728106,human,0.871,human,0.0
815728107,non_human,0.984,non_human,0.0
815728108,non_human,0.987,non_human,0.0
815728109,non_human,0.745,human,1.0
815728110,human,0.97,non_human,1.0
815728111,human,0.967,human,0.0
815728113,non_human,0.984,non_human,0.0
815728114,non_human,0.955,non_human,0.0
815728115,human,0.895,human,0.0
815728116,human,0.994,human,0.0
815728117,non_human,0.966,non_human,0.0
815728118,human,0.779,non_human,1.0
815728119,human,0.876,human,0.0
815728121,human,0.991,human,0.0
815728122,human,0.979,human,0.0
815728124,human,0.949,human,0.0
815728125,human,0.959,non_human,1.0
815728127,human,0.803,human,0.0
815728128,human,0.955,human,0.0
815728129,non_human,0.73,non_human,0.0
815728130,human,0.891,human,0.0
815728131,human,0.891,human,0.0
815728132,human,0.903,human,0.0
815728133,human,0.917,human,0.0
815728135,human,0.857,human,0.0
815728136,human,0.889,human,0.0
815728137,non_human,0.562,non_human,0.0
815728138,human,0.958,human,0.0
815728139,non_human,0.61,non_human,0.0
815728140,human,0.859,human,0.0
815728141,human,0.941,human,0.0
815728142,human,0.835,human,0.0
815728143,non_human,0.986,non_human,0.0
815728144,non_human,0.521,human,1.0
815728145,human,0.569,human,0.0
815728146,human,0.705,human,0.0
815728147,human,0.945,human,0.0
815728148,human,0.678,human,0.0
815728150,human,0.837,human,0.0
815728152,human,0.66,human,0.0
815728153,non_human,0.976,non_human,0.0
815728154,non_human,0.984,non_human,0.0
815728155,non_human,0.975,non_human,0.0
815728157,non_human,0.976,non_human,0.0
815728158,human,0.909,human,0.0
815728159,non_human,0.983,non_human,0.0
815728160,non_human,0.973,non_human,0.0
815728161,human,0.816,human,0.0
815728163,human,0.658,human,0.0
815728164,human,0.9,human,0.0
815728165,human,0.943,human,0.0
815728167,non_human,0.519,non_human,0.0
815728168,human,0.942,human,0.0
815728169,human,0.67,non_human,1.0
815728170,non_human,0.985,non_human,0.0
815728171,human,0.849,human,0.0
815728172,human,0.658,non_human,1.0
815728174,non_human,0.978,non_human,0.0
815728175,non_human,0.984,non_human,0.0
815728176,human,0.809,human,0.0
815728177,human,0.71,non_human,1.0
815728178,human,0.804,human,0.0
815728179,non_human,0.986,non_human,0.0
815728180,non_human,0.983,non_human,0.0
815728181,non_human,0.993,non_human,0.0
815728182,non_human,0.976,non_human,0.0
815728183,non_human,0.987,non_human,0.0
815728184,human,0.906,human,0.0
815728185,human,0.98,human,0.0
815728186,human,0.845,human,0.0
815728187,human,0.98,human,0.0
815728188,human,0.729,human,0.0
815728189,human,0.715,human,0.0
815728190,human,0.95,human,0.0
815728192,non_human,0.987,non_human,0.0
815728194,non_human,0.967,non_human,0.0
815728195,non_human,0.995,non_human,0.0
815728196,human,0.786,human,0.0
815728197,human,0.78,human,0.0
815728198,non_human,0.63,human,1.0
815728199,human,0.913,human,0.0
815728200,human,0.901,human,0.0
815728201,human,0.739,human,0.0
815728202,human,0.767,human,0.0
815728203,non_human,0.995,non_human,0.0
815728204,human,0.93,human,0.0
815728205,human,0.678,human,0.0
815728206,non_human,0.962,non_human,0.0
815728207,non_human,0.863,non_human,0.0
815728208,human,0.97,human,0.0
815728209,human,0.924,human,0.0
815728210,human,0.586,non_human,1.0
815728213,non_human,0.981,non_human,0.0
815728214,human,0.937,human,0.0
815728216,human,0.746,human,0.0
815728217,human,0.955,human,0.0
815728218,human,0.947,human,0.0
815728219,non_human,0.617,human,1.0
815728220,human,0.866,human,0.0
815728221,human,0.811,non_human,1.0
815728222,human,0.834,human,0.0
815728223,human,0.926,human,0.0
815728224,human,0.9,human,0.0
815728225,human,0.542,non_human,1.0
815728226,human,0.776,human,0.0
815728228,non_human,0.984,non_human,0.0
815728229,human,0.76,human,0.0
815728230,non_human,0.975,non_human,0.0
815728231,human,0.934,human,0.0
815728232,human,0.917,human,0.0
815728234,human,0.892,human,0.0
815728238,human,0.767,non_human,1.0
815728239,non_human,0.536,non_human,0.0
815728240,non_human,0.995,non_human,0.0
815728241,human,0.981,human,0.0
815728242,human,0.871,human,0.0
815728243,human,0.947,human,0.0
815728244,human,0.846,human,0.0
815728245,non_human,0.995,non_human,0.0
815728246,human,0.937,human,0.0
815728247,human,0.776,human,0.0
815728248,human,0.984,human,0.0
815728249,non_human,0.979,non_human,0.0
815728250,human,0.836,human,0.0
815728251,non_human,0.978,non_human,0.0
815728253,human,0.987,human,0.0
815728256,non_human,0.983,non_human,0.0
815728257,non_human,0.995,non_human,0.0
815728258,non_human,0.986,non_human,0.0
815728259,non_human,0.985,non_human,0.0
815728261,non_human,0.995,non_human,0.0
815728262,human,0.916,human,0.0
815728263,human,0.895,human,0.0
815728264,non_human,0.519,human,1.0
815728265,human,0.603,human,0.0
815728269,non_human,0.608,non_human,0.0
815728270,human,0.99,human,0.0
815728271,human,0.988,human,0.0
815728272,human,0.984,human,0.0
815728273,human,0.505,non_human,1.0
815728274,non_human,0.986,non_human,0.0
815728275,human,0.941,human,0.0
815728276,non_human,0.69,human,1.0
815728277,non_human,0.995,non_human,0.0
815728278,non_human,0.96,non_human,0.0
815728279,non_human,0.985,non_human,0.0
815728280,non_human,0.957,non_human,0.0
815728281,non_human,0.972,non_human,0.0
815728282,human,0.783,non_human,1.0
815728283,human,0.651,human,0.0
815728284,human,0.977,human,0.0
815728285,human,0.736,non_human,1.0
815728286,human,0.782,non_human,1.0
815728287,non_human,0.674,non_human,0.0
815728288,human,0.891,non_human,1.0
815728289,human,0.732,human,0.0
815728290,human,0.848,human,0.0
815728291,human,0.996,human,0.0
815728292,human,0.64,non_human,1.0
815728294,non_human,0.639,non_human,0.0
815728295,human,0.932,non_human,1.0
815728296,human,0.967,human,0.0
815728297,human,0.901,human,0.0
815728298,human,0.872,human,0.0
815728299,human,0.547,human,0.0
815728300,human,0.973,human,0.0
815728301,human,0.831,human,0.0
815728302,human,0.949,human,0.0
815728303,non_human,0.966,non_human,0.0
815728304,human,0.84,human,0.0
815728305,non_human,0.995,non_human,0.0
815728306,non_human,0.982,non_human,0.0
815728307,non_human,0.983,non_human,0.0
815728308,human,0.831,human,0.0
815728309,human,0.913,human,0.0
815728310,human,0.963,human,0.0
815728311,non_human,0.541,non_human,0.0
815728312,non_human,0.985,non_human,0.0
815728313,human,0.94,human,0.0
815728314,human,0.866,human,0.0
815728315,human,0.994,human,0.0
815728317,human,0.917,human,0.0
815728318,non_human,0.817,non_human,0.0
815728319,human,0.894,human,0.0
815728320,human,0.914,human,0.0
815728321,human,0.612,human,0.0
815728322,non_human,0.979,non_human,0.0
815728323,non_human,0.995,non_human,0.0
815728324,non_human,0.986,non_human,0.0
815728325,non_human,0.925,non_human,0.0
815728326,human,0.839,human,0.0
815728327,human,0.983,human,0.0
815728328,non_human,0.977,non_human,0.0
815728329,non_human,0.97,non_human,0.0
815728331,human,0.72,non_human,1.0
815728332,human,0.578,human,0.0
815728333,non_human,0.987,non_human,0.0
815728334,non_human,0.984,non_human,0.0
815728335,human,0.93,human,0.0
815728336,human,0.905,human,0.0
815728337,human,0.807,human,0.0
815728341,human,0.967,human,0.0
815728342,human,0.853,human,0.0
815728343,human,0.828,human,0.0
815728344,non_human,0.646,human,1.0
815728345,human,0.983,human,0.0
815728346,human,0.504,human,0.0
815728347,human,0.887,human,0.0
815728348,non_human,0.588,non_human,0.0
815728349,human,0.987,human,0.0
815728350,non_human,0.658,non_human,0.0
815728351,human,0.636,non_human,1.0
815728352,human,0.979,human,0.0
815728353,human,0.888,human,0.0
815728354,non_human,0.984,human,1.0
815728355,human,0.804,human,0.0
815728356,human,0.775,non_human,1.0
815728357,non_human,0.946,non_human,0.0
815728358,human,0.958,human,0.0
815728359,human,0.652,human,0.0
815728361,human,0.88,human,0.0
815728363,human,0.882,non_human,1.0
815728364,human,0.705,human,0.0
815728365,human,0.661,non_human,1.0
815728366,non_human,0.76,non_human,0.0
815728367,human,0.578,human,0.0
815728368,human,0.984,human,0.0
815728369,human,0.883,human,0.0
815728370,human,0.909,human,0.0
815728371,human,0.954,human,0.0
815728372,human,0.62,non_human,1.0
815728374,human,0.925,human,0.0
815728375,non_human,0.715,human,1.0
815728376,human,0.94,human,0.0
815728377,human,0.826,human,0.0
815728378,human,0.977,human,0.0
815728379,human,0.708,human,0.0
815728380,human,0.966,human,0.0
815728381,non_human,0.599,human,1.0
815728382,non_human,0.505,human,1.0
815728383,human,0.923,human,0.0
815728384,human,0.595,human,0.0
815728385,human,0.992,human,0.0
815728386,human,0.794,human,0.0
815728387,non_human,0.975,non_human,0.0
815728388,human,0.991,human,0.0
815728390,human,0.862,non_human,1.0
815728391,human,0.977,human,0.0
815728392,human,0.658,non_human,1.0
815728393,non_human,0.995,non_human,0.0
815728394,human,0.965,human,0.0
815728395,human,0.953,human,0.0
815728396,human,0.956,human,0.0
815728397,non_human,0.982,non_human,0.0
815728398,human,0.985,human,0.0
815728399,human,0.777,human,0.0
815728400,non_human,0.572,non_human,0.0
815728401,non_human,0.625,non_human,0.0
815728402,human,0.832,human,0.0
815728403,human,0.961,human,0.0
815728405,non_human,0.984,non_human,0.0
815728406,non_human,0.968,non_human,0.0
815728407,non_human,0.923,non_human,0.0
815728408,non_human,0.696,non_human,0.0
815728409,human,0.926,human,0.0
815728410,human,0.564,non_human,1.0
815728411,human,0.784,human,0.0
815728412,non_human,0.629,non_human,0.0
815728413,human,0.606,human,0.0
815728415,non_human,0.977,non_human,0.0
815728417,human,0.775,non_human,1.0
815728418,non_human,0.985,non_human,0.0
815728419,non_human,0.656,human,1.0
815728421,human,0.614,human,0.0
815728422,human,0.766,human,0.0
815728423,human,0.712,human,0.0
815728424,human,0.958,human,0.0
815728425,non_human,0.986,non_human,0.0
815728426,non_human,0.982,non_human,0.0
815728427,human,0.919,human,0.0
815728428,non_human,0.608,human,1.0
815728430,human,0.965,human,0.0
815728432,non_human,0.995,non_human,0.0
815728433,human,0.869,human,0.0
815728434,human,0.888,human,0.0
815728435,non_human,0.988,non_human,0.0
815728436,non_human,0.984,non_human,0.0
815728437,non_human,0.983,non_human,0.0
815728438,human,0.928,human,0.0
815728440,human,0.815,human,0.0
815728442,human,0.947,human,0.0
815728443,human,0.829,human,0.0
815728444,non_human,0.59,non_human,0.0
815728446,non_human,0.571,non_human,0.0
815728447,human,0.956,non_human,1.0
815728448,non_human,0.771,human,1.0
815728449,human,0.694,human,0.0
815728450,human,0.913,human,0.0
815728451,human,0.865,human,0.0
815728452,non_human,0.995,non_human,0.0
815728453,human,0.903,human,0.0
815728454,human,0.982,human,0.0
815728455,human,0.634,human,0.0
815728456,human,0.979,human,0.0
815728457,non_human,0.984,non_human,0.0
815728458,human,0.991,human,0.0
815728459,human,0.842,human,0.0
815728460,non_human,0.984,non_human,0.0
815728461,human,0.894,non_human,1.0
815728462,non_human,0.537,human,1.0
815728463,non_human,0.995,non_human,0.0
815728465,human,0.678,non_human,1.0
815728466,human,0.931,human,0.0
815728467,non_human,0.979,non_human,0.0
815728468,human,0.776,non_human,1.0
815728469,human,0.954,human,0.0
815728470,human,0.879,human,0.0
815728471,human,0.688,human,0.0
815728472,non_human,0.983,non_human,0.0
815728473,non_human,0.995,non_human,0.0
815728474,non_human,0.976,non_human,0.0
815728476,human,0.675,human,0.0
815728477,human,0.983,human,0.0
815728478,non_human,0.982,non_human,0.0
815728479,human,0.709,non_human,1.0
815728481,human,0.604,human,0.0
815728482,human,0.904,human,0.0
815728483,human,0.579,human,0.0
815728485,human,0.913,human,0.0
815728486,non_human,0.986,non_human,0.0
815728487,non_human,0.986,non_human,0.0
815728489,human,0.96,human,0.0
815728490,human,0.969,human,0.0
815728491,non_human,0.992,non_human,0.0
815728492,human,0.62,human,0.0
815728493,human,0.956,human,0.0
815728494,human,0.68,human,0.0
815728495,human,0.697,human,0.0
815728496,non_human,0.985,non_human,0.0
815728497,non_human,0.983,non_human,0.0
815728498,non_human,0.984,non_human,0.0
815728499,non_human,0.984,non_human,0.0
815728500,human,0.986,human,0.0
815728501,non_human,0.995,non_human,0.0
815728502,non_human,0.986,non_human,0.0
815728503,human,0.94,human,0.0
815728504,human,0.872,human,0.0
815728506,human,0.963,human,0.0
815728507,human,0.611,human,0.0
815728508,non_human,0.588,non_human,0.0
815728509,human,0.521,non_human,1.0
815728511,human,0.657,non_human,1.0
815728512,human,0.988,human,0.0
815728513,non_human,0.964,non_human,0.0
815728514,human,0.665,human,0.0
815728516,non_human,0.971,non_human,0.0
815728518,human,0.637,human,0.0
815728520,non_human,0.986,non_human,0.0
815728522,non_human,0.685,non_human,0.0
815728523,human,0.984,human,0.0
815728524,non_human,0.984,non_human,0.0
815728528,human,0.682,human,0.0
815728529,human,0.798,human,0.0
815728530,human,0.991,human,0.0
815728531,human,0.681,human,0.0
815728532,human,0.996,human,0.0
815728533,human,0.627,human,0.0
815728534,human,0.98,human,0.0
815728535,human,0.883,human,0.0
815728536,non_human,0.717,non_human,0.0
815728537,human,0.866,human,0.0
815728538,non_human,0.776,non_human,0.0
815728539,human,0.836,human,0.0
815728541,human,0.731,non_human,1.0
815728543,non_human,0.505,human,1.0
815728545,human,0.917,human,0.0
815728547,human,0.929,human,0.0
815728548,human,0.944,human,0.0
815728549,non_human,0.933,non_human,0.0
815728550,non_human,0.995,non_human,0.0
815728551,non_human,0.974,non_human,0.0
815728552,human,0.677,non_human,1.0
815728553,human,0.685,human,0.0
815728554,non_human,0.523,human,1.0
815728555,human,0.747,human,0.0
815728556,non_human,0.983,non_human,0.0
815728557,human,0.721,human,0.0
815728558,human,0.976,human,0.0
815728559,non_human,0.975,non_human,0.0
815728560,non_human,0.987,non_human,0.0
815728563,non_human,0.994,non_human,0.0
815728564,non_human,0.975,non_human,0.0
815728565,human,0.858,human,0.0
815728568,non_human,0.986,non_human,0.0
815728569,non_human,0.979,non_human,0.0
815728570,non_human,0.968,non_human,0.0
815728571,human,0.796,human,0.0
815728572,human,0.573,human,0.0
815728573,non_human,0.984,non_human,0.0
815728574,non_human,0.706,human,1.0
815728575,human,0.681,non_human,1.0
815728576,human,0.75,non_human,1.0
815728577,human,0.797,human,0.0
815728578,non_human,0.985,non_human,0.0
815728579,non_human,0.84,non_human,0.0
815728580,human,0.93,human,0.0
815728581,human,0.681,human,0.0
815728582,human,0.562,human,0.0
815728583,human,0.687,human,0.0
815728584,non_human,0.984,non_human,0.0
815728585,human,0.899,human,0.0
815728586,human,0.886,human,0.0
815728589,human,0.922,human,0.0
815728590,non_human,0.976,non_human,0.0
815728591,non_human,0.721,non_human,0.0
815728592,human,0.687,human,0.0
815728594,non_human,0.984,non_human,0.0
815728595,human,0.66,human,0.0
815728596,non_human,0.986,non_human,0.0
815728597,human,0.9,human,0.0
815728599,human,0.897,human,0.0
815728600,human,0.645,human,0.0
815728601,human,0.783,human,0.0
815728602,human,0.881,human,0.0
815728603,human,0.924,human,0.0
815728604,human,0.981,human,0.0
815728607,human,0.931,human,0.0
815728608,human,0.911,human,0.0
815728611,human,0.682,non_human,1.0
815728612,human,0.977,human,0.0
815728613,human,0.941,human,0.0
815728614,non_human,0.656,human,1.0
815728615,human,0.795,human,0.0
815728616,human,0.953,human,0.0
815728617,human,0.962,human,0.0
815728618,human,0.94,human,0.0
815728619,human,0.904,human,0.0
815728620,human,0.99,human,0.0
815728621,human,0.987,human,0.0
815728622,non_human,0.955,non_human,0.0
815728623,human,0.984,human,0.0
815728624,non_human,0.537,non_human,0.0
815728626,non_human,0.995,non_human,0.0
815728627,non_human,0.987,non_human,0.0
815728628,non_human,0.995,non_human,0.0
815728629,human,0.879,human,0.0
815728630,non_human,0.976,non_human,0.0
815728632,non_human,0.973,non_human,0.0
815728633,non_human,0.974,non_human,0.0
815728634,non_human,0.574,non_human,0.0
815728635,non_human,0.684,non_human,0.0
815728636,non_human,0.646,human,1.0
815728637,human,0.973,human,0.0
815728639,human,0.922,human,0.0
815728641,non_human,0.985,non_human,0.0
815728642,human,0.531,non_human,1.0
815728645,non_human,0.988,non_human,0.0
815728646,non_human,0.985,non_human,0.0
815728647,human,0.745,non_human,1.0
815728649,non_human,0.976,non_human,0.0
815728650,non_human,0.967,non_human,0.0
815728651,human,0.966,human,0.0
815728652,non_human,0.894,non_human,0.0
815728653,non_human,0.569,human,1.0
815728655,non_human,0.995,non_human,0.0
815728656,non_human,0.995,non_human,0.0
815728658,non_human,0.984,non_human,0.0
815728660,non_human,0.735,human,1.0
815728661,non_human,0.701,human,1.0
815728662,human,0.754,human,0.0
815728664,human,0.926,human,0.0
815728665,non_human,0.665,non_human,0.0
815728666,non_human,0.663,non_human,0.0
815728668,human,0.92,human,0.0
815728670,non_human,0.656,human,1.0
815728672,non_human,0.505,human,1.0
815728673,non_human,0.984,non_human,0.0
815728674,human,0.9,non_human,1.0
815728675,human,0.962,human,0.0
815728676,non_human,0.507,human,1.0
815728677,human,0.85,human,0.0
815728678,human,0.986,human,0.0
815728679,human,0.958,human,0.0
815728680,human,0.916,non_human,1.0
815728681,human,0.86,human,0.0
815728682,human,0.921,human,0.0
815728683,human,0.972,human,0.0
815728684,human,0.969,human,0.0
815728685,human,0.877,human,0.0
815728686,non_human,0.819,non_human,0.0
815728687,human,0.974,human,0.0
815728689,human,0.896,human,0.0
815728690,human,0.838,non_human,1.0
815728691,non_human,0.984,non_human,0.0
815728692,non_human,0.782,non_human,0.0
815728693,human,0.925,human,0.0
815728694,human,0.902,human,0.0
815728695,non_human,0.995,non_human,0.0
815728700,human,0.921,human,0.0
815728701,human,0.865,human,0.0
815728702,human,0.911,human,0.0
815728703,human,0.832,human,0.0
815728704,human,0.826,non_human,1.0
815728705,non_human,0.984,non_human,0.0
815728706,human,0.716,human,0.0
815728707,non_human,0.757,non_human,0.0
815728709,human,0.785,human,0.0
815728710,non_human,0.983,non_human,0.0
815728711,non_human,0.516,human,1.0
815728714,non_human,0.995,non_human,0.0
815728715,human,0.692,human,0.0
815728717,human,0.711,human,0.0
815728718,human,0.882,human,0.0
815728719,human,0.637,human,0.0
815728720,human,0.597,human,0.0
815728721,human,0.686,human,0.0
815728722,human,0.87,human,0.0
815728724,non_human,0.687,human,1.0
815728725,human,0.942,human,0.0
815728726,human,0.775,human,0.0
815728727,human,0.681,non_human,1.0
815728728,non_human,0.934,non_human,0.0
815728729,human,0.901,human,0.0
815728730,human,0.909,human,0.0
815728731,human,0.712,human,0.0
815728732,non_human,0.985,non_human,0.0
815728733,non_human,0.986,non_human,0.0
815728734,human,0.948,non_human,1.0
815728735,non_human,0.984,non_human,0.0
815728736,non_human,0.995,non_human,0.0
815728738,non_human,0.95,non_human,0.0
815728739,human,0.583,non_human,1.0
815728740,human,0.985,human,0.0
815728741,non_human,0.984,non_human,0.0
815728742,non_human,0.625,human,1.0
815728743,human,0.979,human,0.0
815728744,human,0.896,human,0.0
815728747,human,0.518,human,0.0
815728748,non_human,0.977,non_human,0.0
815728749,human,0.719,non_human,1.0
815728751,non_human,0.976,non_human,0.0
815728752,human,0.836,non_human,1.0
815728753,human,0.677,non_human,1.0
815728754,non_human,0.986,non_human,0.0
815728755,non_human,0.986,non_human,0.0
815728759,non_human,0.985,non_human,0.0
815728760,human,0.927,human,0.0
815728761,human,0.927,human,0.0
815728762,human,0.972,human,0.0
815728763,human,0.706,human,0.0
815728764,human,0.583,non_human,1.0
815728765,human,0.532,non_human,1.0
815728766,human,0.91,human,0.0
815728767,human,0.732,human,0.0
815728768,non_human,0.833,human,1.0
815728769,human,0.855,non_human,1.0
815728770,human,0.934,human,0.0
815728771,human,0.912,human,0.0
815728772,human,0.892,human,0.0
815728774,human,0.966,human,0.0
815728775,human,0.959,human,0.0
815728776,human,0.892,human,0.0
815728777,human,0.982,human,0.0
815728779,human,0.931,human,0.0
815728780,non_human,0.985,non_human,0.0
815728782,non_human,0.732,non_human,0.0
815728783,human,0.932,human,0.0
815728784,human,0.767,human,0.0
815728785,non_human,0.658,non_human,0.0
815728787,human,0.886,non_human,1.0
815728788,human,0.871,human,0.0
815728789,human,0.871,human,0.0
815728790,human,0.876,non_human,1.0
815728791,human,0.927,human,0.0
815728792,human,0.939,human,0.0
815728793,human,0.958,human,0.0
815728794,human,0.942,human,0.0
815728796,non_human,0.626,human,1.0
815728798,human,0.949,human,0.0
815728799,human,0.88,human,0.0
815728800,non_human,0.554,non_human,0.0
815728801,human,0.838,human,0.0
815728803,human,0.979,human,0.0
815728804,human,0.886,human,0.0
815728805,human,0.827,human,0.0
815728806,human,0.629,human,0.0
815728807,human,0.948,human,0.0
815728808,human,0.772,human,0.0
815728809,human,0.77,human,0.0
815728810,human,0.7,non_human,1.0
815728811,non_human,0.814,human,1.0
815728812,human,0.979,human,0.0
815728813,non_human,0.995,non_human,0.0
815728814,human,0.518,human,0.0
815728817,human,0.909,human,0.0
815728818,human,0.865,human,0.0
815728819,non_human,0.658,non_human,0.0
815728820,non_human,0.509,non_human,0.0
815728821,human,0.967,human,0.0
815728822,human,0.966,human,0.0
815728823,non_human,0.98,non_human,0.0
815728824,non_human,0.983,non_human,0.0
815728825,human,0.86,human,0.0
815728826,human,0.853,human,0.0
815728827,human,0.971,human,0.0
815728828,human,0.818,human,0.0
815728829,non_human,0.995,non_human,0.0
815728830,human,0.92,human,0.0
815728831,human,0.847,human,0.0
815728832,non_human,0.981,non_human,0.0
815728833,human,0.807,human,0.0
815728834,non_human,0.984,non_human,0.0
815728835,non_human,0.995,non_human,0.0
815728836,human,0.82,human,0.0
815728837,human,0.865,human,0.0
815728838,human,0.927,human,0.0
815728839,non_human,0.995,non_human,0.0
815728840,human,0.887,human,0.0
815728841,human,0.99,human,0.0
815728843,human,0.724,non_human,1.0
815728844,human,0.909,human,0.0
815728845,non_human,0.995,non_human,0.0
815728846,non_human,0.984,non_human,0.0
815728847,human,0.94,human,0.0
815728851,human,0.805,human,0.0
815728852,human,0.91,human,0.0
815728853,human,0.858,human,0.0
815728854,human,0.921,non_human,1.0
815728855,non_human,0.957,non_human,0.0
815728856,non_human,0.973,non_human,0.0
815728858,non_human,0.976,non_human,0.0
815728859,non_human,0.692,human,1.0
815728860,human,0.862,human,0.0
815728861,non_human,0.986,non_human,0.0
815728863,non_human,0.973,non_human,0.0
815728864,human,0.994,human,0.0
815728865,human,0.683,human,0.0
815728867,non_human,0.978,non_human,0.0
815728868,human,0.871,human,0.0
815728869,human,0.966,human,0.0
815728870,non_human,0.988,non_human,0.0
815728872,non_human,0.984,non_human,0.0
815728873,non_human,0.611,human,1.0
815728874,human,0.746,human,0.0
815728875,non_human,0.72,non_human,0.0
815728876,human,0.847,human,0.0
815728877,human,0.96,human,0.0
815728878,human,0.998,human,0.0
815728879,human,0.954,human,0.0
815728880,human,0.747,human,0.0
815728881,human,0.697,non_human,1.0
815728882,non_human,0.929,non_human,0.0
815728883,human,0.752,human,0.0
815728884,human,0.88,human,0.0
815728885,human,0.657,human,0.0
815728888,human,0.956,human,0.0
815728889,human,0.678,human,0.0
815728890,human,0.828,human,0.0
815728891,human,0.815,human,0.0
815728892,human,0.858,human,0.0
815728896,human,0.954,human,0.0
815728897,non_human,0.782,non_human,0.0
815728898,human,0.943,human,0.0
815728899,human,0.978,human,0.0
815728900,non_human,0.654,non_human,0.0
815728901,non_human,0.946,non_human,0.0
815728902,non_human,0.516,non_human,0.0
815728903,human,0.611,human,0.0
815728904,non_human,0.754,non_human,0.0
815728905,human,0.769,human,0.0
815728907,human,0.738,human,0.0
815728908,human,0.989,human,0.0
815728909,non_human,0.834,non_human,0.0
815728911,non_human,0.984,non_human,0.0
815728912,human,0.819,non_human,1.0
815728913,non_human,0.985,non_human,0.0
815728914,human,0.814,human,0.0
815728915,non_human,0.978,non_human,0.0
815728916,non_human,0.976,non_human,0.0
815728917,human,0.768,human,0.0
815728918,non_human,0.988,non_human,0.0
815728920,human,0.8,human,0.0
815728921,human,0.835,human,0.0
815728922,non_human,0.981,non_human,0.0
815728923,human,0.885,non_human,1.0
815728924,human,0.956,non_human,1.0
815728925,non_human,0.958,non_human,0.0
815728926,human,0.703,human,0.0
815728927,human,0.93,human,0.0
815728928,human,0.813,human,0.0
815728929,non_human,0.984,non_human,0.0
815728930,human,0.985,human,0.0
815728931,non_human,0.52,non_human,0.0
815728932,non_human,0.983,non_human,0.0
815728933,non_human,0.995,non_human,0.0
815728936,non_human,0.987,non_human,0.0
815728937,human,0.79,human,0.0
815728938,non_human,0.978,non_human,0.0
815728939,non_human,0.975,non_human,0.0
815728940,human,0.63,non_human,1.0
815728941,human,0.994,human,0.0
815728942,non_human,0.985,non_human,0.0
815728943,non_human,0.985,non_human,0.0
815728944,non_human,0.995,non_human,0.0
815728945,non_human,0.983,non_human,0.0
815728946,human,0.949,human,0.0
815728947,human,0.958,human,0.0
815728948,human,0.9,human,0.0
815728949,human,0.703,non_human,1.0
815728952,non_human,0.89,human,1.0
815728953,human,0.635,human,0.0
815728955,human,0.982,human,0.0
815728956,human,0.964,human,0.0
815728957,human,0.978,human,0.0
815728958,human,0.963,human,0.0
815728959,non_human,0.977,non_human,0.0
815728960,human,0.598,non_human,1.0
815728961,human,0.87,human,0.0
815728964,human,0.631,human,0.0
815728965,human,0.985,human,0.0
815728966,non_human,0.986,non_human,0.0
815728967,human,0.904,human,0.0
815728968,human,0.548,human,0.0
815728969,human,0.855,human,0.0
815728970,human,0.831,human,0.0
815728971,human,0.876,human,0.0
815728973,non_human,0.733,human,1.0
815728974,human,0.965,human,0.0
815728975,human,0.902,human,0.0
815728976,non_human,0.976,non_human,0.0
815728977,human,0.95,human,0.0
815728978,human,0.968,human,0.0
815728979,non_human,0.975,non_human,0.0
815728981,non_human,0.972,non_human,0.0
815728982,non_human,0.613,human,1.0
815728983,non_human,0.962,non_human,0.0
815728985,non_human,0.983,non_human,0.0
815728986,non_human,0.995,non_human,0.0
815728987,non_human,0.982,non_human,0.0
815728988,non_human,0.995,non_human,0.0
815728990,non_human,0.978,non_human,0.0
815728991,human,0.987,human,0.0
815728992,human,0.931,human,0.0
815728993,non_human,0.978,non_human,0.0
815728994,human,0.993,human,0.0
815728995,non_human,0.984,non_human,0.0
815728996,human,0.91,human,0.0
815728997,human,0.788,human,0.0
815728998,human,0.949,human,0.0
815728999,non_human,0.995,non_human,0.0
815729000,human,0.789,human,0.0
815729001,human,0.895,human,0.0
815729002,human,0.52,human,0.0
815729003,human,0.642,non_human,1.0
815729004,human,0.906,human,0.0
815729005,human,0.857,human,0.0
815729006,human,0.88,human,0.0
815729007,non_human,0.617,non_human,0.0
815729008,human,0.945,non_human,1.0
815729009,human,0.845,human,0.0
815729010,human,0.968,human,0.0
815729012,human,0.529,non_human,1.0
815729014,human,0.918,human,0.0
815729015,human,0.879,human,0.0
815729016,human,0.6,human,0.0
815729017,human,0.913,human,0.0
815729018,non_human,0.987,non_human,0.0
815729019,non_human,0.995,non_human,0.0
815729020,human,0.98,human,0.0
815729021,non_human,0.673,human,1.0
815729022,human,0.78,human,0.0
815729023,human,0.963,human,0.0
815729024,human,0.862,non_human,1.0
815729025,human,0.853,human,0.0
815729026,human,0.684,human,0.0
815729027,non_human,0.977,non_human,0.0
815729028,human,0.985,human,0.0
815729029,human,0.997,human,0.0
815729030,human,0.972,human,0.0
815729031,human,0.686,human,0.0
815729032,non_human,0.983,non_human,0.0
815729033,human,0.869,human,0.0
815729034,non_human,0.968,non_human,0.0
815729035,human,0.805,human,0.0
815729036,human,0.912,human,0.0
815729037,non_human,0.978,non_human,0.0
815729039,human,0.602,non_human,1.0
815729040,human,0.807,human,0.0
815729041,human,0.918,human,0.0
815729042,non_human,0.98,non_human,0.0
815729044,human,0.546,human,0.0
815729045,human,0.797,non_human,1.0
815729046,non_human,0.995,non_human,0.0
815729047,human,0.877,human,0.0
815729048,human,0.982,human,0.0
815729051,non_human,0.596,human,1.0
815729055,non_human,0.995,non_human,0.0
815729056,human,0.87,human,0.0
815729057,non_human,0.995,non_human,0.0
815729058,human,0.674,human,0.0
815729059,non_human,0.983,non_human,0.0
815729060,non_human,0.979,non_human,0.0
815729061,non_human,0.995,non_human,0.0
815729062,human,0.769,human,0.0
815729063,human,0.654,human,0.0
815729064,human,0.636,non_human,1.0
815729065,human,0.753,human,0.0
815729066,non_human,0.994,non_human,0.0
815729067,non_human,0.811,human,1.0
815729068,human,0.697,human,0.0
815729069,non_human,0.982,non_human,0.0
815729071,human,0.68,human,0.0
815729072,human,0.617,human,0.0
815729073,human,0.802,human,0.0
815729074,human,0.896,human,0.0
815729075,non_human,0.987,human,1.0
815729076,non_human,0.963,non_human,0.0
815729077,human,0.899,non_human,1.0
815729078,non_human,0.975,non_human,0.0
815729079,non_human,0.985,non_human,0.0
815729080,human,0.848,human,0.0
815729081,non_human,0.982,non_human,0.0
815729082,non_human,0.985,non_human,0.0
815729083,human,0.905,human,0.0
815729084,human,0.717,human,0.0
815729085,non_human,0.984,non_human,0.0
815729086,non_human,0.987,non_human,0.0
815729087,non_human,0.995,non_human,0.0
815729088,non_human,0.982,non_human,0.0
815729089,non_human,0.978,non_human,0.0
815729090,human,0.936,human,0.0
815729091,human,0.76,human,0.0
815729092,human,0.917,non_human,1.0
815729093,non_human,0.802,non_human,0.0
815729094,non_human,0.976,non_human,0.0
815729095,non_human,0.995,non_human,0.0
815729096,human,0.907,human,0.0
815729097,human,0.975,human,0.0
815729098,human,0.657,non_human,1.0
815729100,human,0.789,non_human,1.0
815729101,human,0.729,human,0.0
815729102,human,0.877,human,0.0
815729103,human,0.939,human,0.0
815729104,human,0.75,human,0.0
815729105,non_human,0.561,non_human,0.0
815729106,non_human,0.971,non_human,0.0
815729108,human,0.647,non_human,1.0
815729109,human,0.718,human,0.0
815729110,human,0.77,human,0.0
815729111,non_human,0.98,non_human,0.0
815729112,human,0.977,human,0.0
815729113,human,0.926,human,0.0
815729114,human,0.833,non_human,1.0
815729115,non_human,0.983,non_human,0.0
815729116,human,0.938,human,0.0
815729117,human,0.902,human,0.0
815729119,non_human,0.985,non_human,0.0
815729120,non_human,0.985,non_human,0.0
815729122,human,0.995,human,0.0
815729123,non_human,0.986,non_human,0.0
815729124,non_human,0.627,human,1.0
815729125,human,0.838,human,0.0
815729126,non_human,0.995,non_human,0.0
815729127,human,0.853,human,0.0
815729128,human,0.898,human,0.0
815729129,human,0.998,human,0.0
815729130,human,0.648,human,0.0
815729131,non_human,0.995,non_human,0.0
815729132,non_human,0.675,non_human,0.0
815729133,non_human,0.976,non_human,0.0
815729134,non_human,0.613,non_human,0.0
815729135,human,0.976,human,0.0
815729136,human,0.638,human,0.0
815729137,human,0.979,non_human,1.0
815729139,non_human,0.983,non_human,0.0
815729140,human,0.679,human,0.0
815729142,human,0.707,non_human,1.0
815729143,human,0.971,human,0.0
815729144,human,0.936,human,0.0
815729145,human,0.667,human,0.0
815729146,non_human,0.984,non_human,0.0
815729147,human,0.574,non_human,1.0
815729148,human,0.853,human,0.0
815729149,human,0.58,non_human,1.0
815729150,human,0.873,human,0.0
815729151,human,0.999,human,0.0
815729152,non_human,0.647,non_human,0.0
815729154,non_human,0.995,non_human,0.0
815729157,non_human,0.774,non_human,0.0
815729158,human,0.922,non_human,1.0
815729159,non_human,0.891,non_human,0.0
815729160,non_human,0.864,non_human,0.0
815729162,human,0.889,non_human,1.0
815729163,non_human,0.982,non_human,0.0
815729164,non_human,0.985,non_human,0.0
815729165,non_human,0.978,non_human,0.0
815729166,non_human,0.569,non_human,0.0
815729167,human,0.506,non_human,1.0
815729168,human,0.994,human,0.0
815729169,human,0.947,human,0.0
815729170,human,0.982,human,0.0
815729171,human,0.885,non_human,1.0
815729172,human,0.694,human,0.0
815729173,human,0.989,human,0.0
815729174,human,0.817,human,0.0
815729175,human,0.981,human,0.0
815729176,human,0.949,non_human,1.0
815729177,human,0.809,human,0.0
815729178,non_human,0.983,non_human,0.0
815729179,non_human,0.985,non_human,0.0
815729180,human,0.897,human,0.0
815729181,human,0.94,human,0.0
815729182,human,0.923,human,0.0
815729183,human,0.903,human,0.0
815729184,human,0.883,human,0.0
815729186,human,0.941,human,0.0
815729187,human,0.987,human,0.0
815729188,human,0.981,human,0.0
815729189,human,0.92,human,0.0
815729190,human,0.977,human,0.0
815729191,non_human,0.977,non_human,0.0
815729192,human,0.967,human,0.0
815729193,human,0.862,human,0.0
815729194,human,0.803,human,0.0
815729195,human,0.993,human,0.0
815729196,human,0.988,human,0.0
815729197,human,0.97,human,0.0
815729198,human,0.784,human,0.0
815729199,human,0.895,human,0.0
815729201,human,0.928,non_human,1.0
815729202,human,0.953,human,0.0
815729203,non_human,0.986,non_human,0.0
815729205,human,0.982,human,0.0
815729206,human,0.955,human,0.0
815729207,human,0.948,human,0.0
815729208,non_human,0.985,non_human,0.0
815729209,non_human,0.964,non_human,0.0
815729210,human,0.91,non_human,1.0
815729211,human,0.886,human,0.0
815729212,human,0.946,human,0.0
815729213,human,0.921,non_human,1.0
815729214,non_human,0.654,non_human,0.0
815729215,human,0.932,human,0.0
815729216,human,0.979,human,0.0
815729217,non_human,0.985,non_human,0.0
815729218,human,0.515,human,0.0
815729219,non_human,0.796,non_human,0.0
815729222,non_human,0.983,non_human,0.0
815729223,non_human,0.995,non_human,0.0
815729225,human,0.595,human,0.0
815729226,human,0.96,human,0.0
815729227,human,0.825,human,0.0
815729228,human,0.739,human,0.0
815729229,non_human,0.995,non_human,0.0
815729230,human,0.949,human,0.0
815729231,human,0.889,human,0.0
815729232,non_human,0.987,non_human,0.0
815729233,non_human,0.974,non_human,0.0
815729234,non_human,0.983,non_human,0.0
815729235,human,0.9,human,0.0
815729237,non_human,0.973,non_human,0.0
815729238,non_human,0.995,non_human,0.0
815729239,non_human,0.986,non_human,0.0
815729241,human,0.964,human,0.0
815729242,human,0.97,human,0.0
815729243,human,0.992,human,0.0
815729244,non_human,0.985,non_human,0.0
815729245,human,0.972,human,0.0
815729246,human,0.88,human,0.0
815729247,non_human,0.982,non_human,0.0
815729248,human,0.938,human,0.0
815729250,human,0.695,non_human,1.0
815729251,human,0.903,human,0.0
815729252,human,0.653,human,0.0
815729253,non_human,0.767,human,1.0
815729256,human,0.994,human,0.0
815729258,human,0.731,human,0.0
815729259,non_human,0.515,human,1.0
815729260,human,0.712,human,0.0
815729261,human,0.807,non_human,1.0
815729262,human,0.794,human,0.0
815729263,human,0.795,human,0.0
815729264,non_human,0.982,non_human,0.0
815729265,human,0.733,human,0.0
815729266,human,0.892,human,0.0
815729267,human,0.736,human,0.0
815729269,human,0.957,human,0.0
815729270,non_human,0.979,non_human,0.0
815729271,human,0.665,human,0.0
815729273,human,0.653,non_human,1.0
815729274,non_human,0.987,non_human,0.0
815729275,non_human,0.965,non_human,0.0
815729276,non_human,0.653,non_human,0.0
815729277,human,0.955,human,0.0
815729278,human,0.838,human,0.0
815729279,human,0.742,non_human,1.0
815729280,human,0.937,human,0.0
815729282,human,0.89,human,0.0
815729284,human,0.532,non_human,1.0
815729285,human,0.711,human,0.0
815729286,human,0.946,human,0.0
815729288,human,0.555,human,0.0
815729289,non_human,0.638,non_human,0.0
815729290,non_human,0.833,non_human,0.0
815729291,human,0.879,human,0.0
815729292,human,0.882,human,0.0
815729293,human,0.581,non_human,1.0
815729294,human,0.876,human,0.0
815729295,human,0.911,human,0.0
815729296,non_human,0.756,human,1.0
815729297,human,0.801,non_human,1.0
815729298,human,0.763,non_human,1.0
815729300,human,0.914,human,0.0
815729301,human,0.627,human,0.0
815729302,non_human,0.988,non_human,0.0
815729303,human,0.869,non_human,1.0
815729304,non_human,0.995,non_human,0.0
815729305,human,0.796,human,0.0
815729306,human,0.701,human,0.0
815729307,non_human,0.976,non_human,0.0
815729308,non_human,0.975,non_human,0.0
815729309,human,0.91,human,0.0
815729310,human,0.903,non_human,1.0
815729311,human,0.626,non_human,1.0
815729312,human,0.884,human,0.0
815729313,non_human,0.975,non_human,0.0
815729314,non_human,0.935,non_human,0.0
815729316,non_human,0.936,non_human,0.0
815729317,human,0.744,human,0.0
815729318,non_human,0.984,non_human,0.0
815729319,non_human,0.985,non_human,0.0
815729320,human,0.869,human,0.0
815729321,human,0.979,non_human,1.0
815729322,human,0.546,non_human,1.0
815729323,non_human,0.615,human,1.0
815729324,human,0.934,human,0.0
815729325,human,0.97,human,0.0
815729326,human,0.771,non_human,1.0
815729327,human,0.886,human,0.0
815729328,human,0.915,human,0.0
815729329,human,0.956,human,0.0
815729331,non_human,0.535,human,1.0
815729332,human,0.902,human,0.0
815729333,human,0.59,human,0.0
815729334,human,0.864,human,0.0
815729335,human,0.931,human,0.0
815729336,human,0.645,human,0.0
815729337,human,0.777,human,0.0
815729338,non_human,0.967,non_human,0.0
815729339,human,0.947,human,0.0
815729340,human,0.542,human,0.0
815729341,non_human,0.526,human,1.0
815729344,human,0.964,human,0.0
815729345,human,0.937,human,0.0
815729346,human,0.896,non_human,1.0
815729347,non_human,0.985,non_human,0.0
815729348,non_human,0.974,non_human,0.0
815729350,non_human,0.609,non_human,0.0
815729351,human,0.8,human,0.0
815729352,non_human,0.995,non_human,0.0
815729353,human,0.911,human,0.0
815729354,human,0.846,human,0.0
815729355,human,0.896,human,0.0
815729356,human,0.981,human,0.0
815729357,human,0.579,human,0.0
815729359,human,0.891,human,0.0
815729360,non_human,0.546,non_human,0.0
815729361,non_human,0.532,human,1.0
815729362,human,0.918,human,0.0
815729363,human,0.782,human,0.0
815729364,human,0.743,human,0.0
815729365,human,0.99,human,0.0
815729366,human,0.897,human,0.0
815729367,human,0.854,human,0.0
815729368,human,0.541,human,0.0
815729369,human,0.866,human,0.0
815729370,human,0.956,human,0.0
815729371,human,0.974,human,0.0
815729372,human,0.939,human,0.0
815729373,human,0.773,human,0.0
815729374,human,0.815,human,0.0
815729375,human,0.957,human,0.0
815729377,human,0.568,non_human,1.0
815729378,non_human,0.529,non_human,0.0
815729379,human,0.82,non_human,1.0
815729380,human,0.971,human,0.0
815729381,human,0.757,human,0.0
815729382,human,0.87,human,0.0
815729383,human,0.813,human,0.0
815729384,human,0.975,human,0.0
815729385,non_human,0.532,non_human,0.0
815729386,human,0.829,human,0.0
815729387,human,0.876,non_human,1.0
815729388,human,0.953,human,0.0
815729389,human,0.766,human,0.0
815729390,human,0.973,human,0.0
815729391,non_human,0.504,human,1.0
815729392,human,0.938,human,0.0
815729393,human,0.837,human,0.0
815729394,human,0.615,non_human,1.0
815729396,human,0.909,human,0.0
815729397,human,0.828,human,0.0
815729398,human,0.662,human,0.0
815729399,human,0.796,human,0.0
815729400,human,0.906,human,0.0
815729401,human,0.628,non_human,1.0
815729402,human,0.761,human,0.0
815729403,human,0.983,human,0.0
815729404,human,0.96,human,0.0
815729405,human,0.81,human,0.0
815729406,human,0.881,human,0.0
815729407,human,0.799,human,0.0
815729408,human,0.869,human,0.0
815729409,human,0.981,non_human,1.0
815729410,human,0.968,human,0.0
815729411,human,0.748,human,0.0
815729412,human,0.939,human,0.0
815729413,human,0.986,human,0.0
815729414,human,0.905,human,0.0
815729415,human,0.916,human,0.0
815729417,human,0.663,non_human,1.0
815729418,human,0.834,non_human,1.0
815729419,human,0.767,human,0.0
815729420,human,0.682,human,0.0
815729421,human,0.909,human,0.0
815729422,human,0.789,human,0.0
815729424,human,0.601,non_human,1.0
815729425,human,0.948,non_human,1.0
815729426,human,0.874,human,0.0
815729427,human,0.845,human,0.0
815729428,human,0.888,human,0.0
815729429,human,0.731,human,0.0
815729430,human,0.914,human,0.0
815729431,human,0.971,human,0.0
815729432,human,0.926,human,0.0
815729433,human,0.893,human,0.0
815729434,human,0.987,human,0.0
815729435,non_human,0.801,non_human,0.0
815729436,non_human,0.564,human,1.0
815729437,human,0.986,human,0.0
815729438,non_human,0.616,human,1.0
815729439,human,0.913,human,0.0
815729440,human,0.976,human,0.0
815729441,human,0.705,non_human,1.0
815729442,human,0.531,non_human,1.0
815729443,human,0.898,human,0.0
815729444,human,0.658,human,0.0
815729445,human,0.98,human,0.0
815729446,non_human,0.758,human,1.0
815729447,human,0.93,human,0.0
815729448,non_human,0.626,human,1.0
815729449,human,0.983,human,0.0
815729451,human,0.984,human,0.0
815729452,human,0.821,human,0.0
815729453,human,0.705,non_human,1.0
815729454,human,0.827,human,0.0
815729455,human,0.895,non_human,1.0
815729456,non_human,0.771,human,1.0
815729457,non_human,0.51,non_human,0.0
815729458,human,0.593,non_human,1.0
815729462,non_human,0.575,non_human,0.0
815729463,human,0.939,human,0.0
815729466,human,0.8,human,0.0
815729467,non_human,0.842,non_human,0.0
815729468,human,0.702,human,0.0
815729469,human,0.603,human,0.0
815729470,human,0.949,human,0.0
815729471,non_human,0.56,non_human,0.0
815729472,human,0.895,human,0.0
815729473,human,0.731,human,0.0
815729474,non_human,0.778,non_human,0.0
815729475,human,0.971,human,0.0
815729476,non_human,0.693,non_human,0.0
815729477,non_human,0.615,non_human,0.0
815729480,human,0.839,non_human,1.0
815729481,human,0.869,human,0.0
815729482,human,0.921,human,0.0
815729483,human,0.92,human,0.0
815729484,human,0.794,human,0.0
815729485,human,0.516,non_human,1.0
815729486,non_human,0.568,non_human,0.0
815729487,non_human,0.583,non_human,0.0
815729488,non_human,0.597,non_human,0.0
815729489,non_human,0.819,human,1.0
815729490,human,0.971,human,0.0
815729491,human,0.813,human,0.0
815729492,human,0.984,human,0.0
815729493,human,0.958,human,0.0
815729494,non_human,0.664,non_human,0.0
815729495,non_human,0.793,non_human,0.0
815729496,non_human,0.613,non_human,0.0
815729497,non_human,0.555,non_human,0.0
815729498,human,0.954,human,0.0
815729499,human,0.966,human,0.0
815729500,non_human,0.627,non_human,0.0
815729502,human,0.931,human,0.0
815729503,non_human,0.795,non_human,0.0
815729505,non_human,0.656,non_human,0.0
815729506,non_human,0.717,human,1.0
815729507,non_human,0.607,non_human,0.0
815729508,human,0.956,non_human,1.0
815729509,non_human,0.548,non_human,0.0
815729510,human,0.797,human,0.0
815729511,non_human,0.602,human,1.0
815729512,human,0.754,human,0.0
815729513,human,0.855,human,0.0
815729514,non_human,0.673,non_human,0.0
815729515,human,0.934,human,0.0
815729516,human,0.991,human,0.0
815729517,human,0.612,human,0.0
815729518,non_human,0.651,non_human,0.0
815729520,human,0.855,human,0.0
815729521,human,0.986,human,0.0
815729522,non_human,0.808,human,1.0
815729524,human,0.832,human,0.0
815729525,human,0.968,human,0.0
815729527,human,0.9,human,0.0
815729528,human,0.77,human,0.0
815729529,human,0.951,human,0.0
815729530,human,0.955,human,0.0
815729531,human,0.898,human,0.0
815729532,human,0.714,human,0.0
815729533,human,0.983,human,0.0
815729534,human,0.538,non_human,1.0
815729535,human,0.812,non_human,1.0
815729536,human,0.831,human,0.0
815729537,human,0.824,human,0.0
815729538,human,0.795,non_human,1.0
815729539,human,0.86,human,0.0
815729540,non_human,0.592,non_human,0.0
815729541,non_human,0.677,non_human,0.0
815729542,human,0.89,human,0.0
815729543,human,0.905,human,0.0
815729544,human,0.867,human,0.0
815729545,human,0.634,non_human,1.0
815729546,non_human,0.597,human,1.0
815729547,human,0.974,human,0.0
815729548,human,0.922,human,0.0
815729549,human,0.979,human,0.0
815729550,human,0.586,non_human,1.0
815729551,human,0.927,human,0.0
815729552,human,0.976,human,0.0
815729553,human,0.834,human,0.0
815729554,human,0.951,human,0.0
815729556,non_human,0.731,non_human,0.0
815729557,human,0.559,human,0.0
815729558,non_human,0.646,non_human,0.0
815729559,human,0.849,human,0.0
815729562,human,0.926,human,0.0
815729563,human,0.709,non_human,1.0
815729564,human,0.672,human,0.0
815729565,human,0.98,human,0.0
815729566,human,0.654,human,0.0
815729567,human,0.97,human,0.0
815729568,non_human,0.534,non_human,0.0
815729569,human,0.949,human,0.0
815729570,human,0.981,human,0.0
815729571,human,0.951,human,0.0
815729572,human,0.537,non_human,1.0
815729573,human,0.962,human,0.0
815729574,human,0.545,human,0.0
815729575,human,0.529,human,0.0
815729576,non_human,0.755,non_human,0.0
815729577,human,0.551,non_human,1.0
815729578,human,0.794,non_human,1.0
815729579,human,0.528,human,0.0
815729580,human,0.917,non_human,1.0
815729581,human,0.94,human,0.0
815729582,human,0.882,human,0.0
815729583,human,0.923,human,0.0
815729584,human,0.554,human,0.0
815729585,human,0.852,human,0.0
815729586,human,0.794,human,0.0
815729587,human,0.981,human,0.0
815729588,human,0.954,non_human,1.0
815729590,human,0.894,human,0.0
815729591,human,0.77,human,0.0
815729592,human,0.725,human,0.0
815729593,human,0.959,human,0.0
815729594,human,0.703,human,0.0
815729595,human,0.693,human,0.0
815729596,human,0.963,non_human,1.0
815729597,human,0.826,non_human,1.0
815729598,human,0.91,human,0.0
815729599,non_human,0.682,non_human,0.0
815729600,human,0.974,human,0.0
815729601,human,0.965,human,0.0
815729602,human,0.824,human,0.0
815729604,non_human,0.884,non_human,0.0
815729605,non_human,0.662,human,1.0
815729606,human,0.976,human,0.0
815729609,human,0.955,human,0.0
815729610,human,0.593,human,0.0
815729611,human,0.55,human,0.0
815729612,human,0.95,human,0.0
815729613,human,0.964,human,0.0
815729615,human,0.946,human,0.0
815729616,human,0.739,human,0.0
815729617,non_human,0.579,human,1.0
815729618,human,0.746,human,0.0
815729619,human,0.901,human,0.0
815729620,human,0.961,human,0.0
815729621,human,0.509,non_human,1.0
815729622,human,0.939,human,0.0
815729623,human,0.851,human,0.0
815729624,human,0.716,human,0.0
815729625,human,0.641,non_human,1.0
815729626,human,0.547,non_human,1.0
815729628,human,0.778,human,0.0
815729629,human,0.968,human,0.0
815729630,human,0.98,human,0.0
815729631,non_human,0.795,non_human,0.0
815729632,human,0.515,human,0.0
815729633,human,0.912,non_human,1.0
815729634,human,0.921,human,0.0
815729635,human,0.88,human,0.0
815729636,human,0.589,non_human,1.0
815729637,non_human,0.696,non_human,0.0
815729638,human,0.841,human,0.0
815729639,human,0.699,human,0.0
815729640,human,0.961,human,0.0
815729641,human,0.854,human,0.0
815729642,human,0.891,human,0.0
815729643,human,0.971,human,0.0
815729644,human,0.964,human,0.0
815729645,human,0.956,human,0.0
815729646,human,0.94,human,0.0
815729647,non_human,0.734,non_human,0.0
815729648,human,0.833,non_human,1.0
815729649,human,0.819,human,0.0
815729650,human,0.791,non_human,1.0
815729651,human,0.914,human,0.0
815729653,human,0.982,non_human,1.0
815729654,human,0.929,human,0.0
815729656,human,0.566,human,0.0
815729657,human,0.888,human,0.0
815729658,human,0.783,human,0.0
815729659,human,0.545,human,0.0
815729661,human,0.773,human,0.0
815729662,human,0.807,human,0.0
815729663,human,0.956,human,0.0
815729664,non_human,0.508,non_human,0.0
815729665,human,0.93,human,0.0
815729666,human,0.85,human,0.0
815729669,non_human,0.632,human,1.0
815729670,human,0.739,non_human,1.0
815729671,human,0.798,human,0.0
815729672,human,0.703,non_human,1.0
815729673,human,0.892,human,0.0
815729674,non_human,0.674,non_human,0.0
815729675,human,0.901,human,0.0
815729676,human,0.983,human,0.0
815729677,human,0.914,human,0.0
815729678,non_human,0.513,non_human,0.0
815729679,non_human,0.802,human,1.0
815729680,non_human,0.661,non_human,0.0
815729681,human,0.563,non_human,1.0
815729683,human,0.839,non_human,1.0
815729684,human,0.866,non_human,1.0
815729685,non_human,0.668,human,1.0
815729686,human,0.943,human,0.0
815729687,human,0.98,human,0.0
815729688,human,0.865,human,0.0
815729690,human,0.599,non_human,1.0
815729691,human,0.76,non_human,1.0
815729692,human,0.772,human,0.0
815729693,human,0.996,human,0.0
815729694,human,0.992,human,0.0
815729695,human,0.769,human,0.0
815729696,human,0.983,human,0.0
815729698,non_human,0.764,non_human,0.0
815729699,human,0.696,human,0.0
815729700,human,0.626,non_human,1.0
815729701,human,0.547,non_human,1.0
815729702,human,0.83,human,0.0
815729703,non_human,0.808,human,1.0
815729704,human,0.949,human,0.0
815729705,human,0.886,human,0.0
815729706,human,0.862,human,0.0
815729707,human,0.9,human,0.0
815729708,human,0.817,human,0.0
815729709,human,0.525,non_human,1.0
815729710,human,0.661,human,0.0
815729711,human,0.848,human,0.0
815729712,human,0.911,human,0.0
815729713,human,0.977,human,0.0
815729714,human,0.717,human,0.0
815729715,human,0.925,human,0.0
815729716,non_human,0.807,non_human,0.0
815729717,human,0.95,human,0.0
815729718,non_human,0.877,non_human,0.0
815729719,human,0.917,human,0.0
815729720,human,0.913,human,0.0
815729721,human,0.877,human,0.0
815729722,human,0.509,non_human,1.0
815729723,non_human,0.748,non_human,0.0
815729724,non_human,0.692,non_human,0.0
815729725,human,0.959,human,0.0
815729726,human,0.986,human,0.0
815729727,human,0.742,non_human,1.0
815729728,human,0.919,human,0.0
815729729,non_human,0.558,human,1.0
815729730,human,0.906,human,0.0
815729731,human,0.731,human,0.0
815729732,human,0.85,non_human,1.0
815729733,human,0.939,human,0.0
815729734,human,0.89,human,0.0
815729735,human,0.903,human,0.0
815729736,human,0.914,non_human,1.0
815729737,human,0.949,human,0.0
815729738,human,0.959,human,0.0
815729739,human,0.653,human,0.0
815729740,human,0.894,human,0.0
815729741,human,0.914,human,0.0
815729742,human,0.854,human,0.0
815729743,human,0.506,human,0.0
815729744,human,0.705,human,0.0
815729745,human,0.871,human,0.0
815729746,human,0.828,human,0.0
815729747,human,0.739,human,0.0
815729749,human,0.866,human,0.0
815729750,human,0.653,non_human,1.0
815729751,human,0.937,human,0.0
815729752,human,0.9,human,0.0
815729753,human,0.974,human,0.0
815729754,human,0.943,human,0.0
815729755,human,0.637,human,0.0
815729756,human,0.889,human,0.0
815729757,non_human,0.713,non_human,0.0
815729758,human,0.909,human,0.0
815729759,human,0.639,human,0.0
815729760,human,0.711,human,0.0
815729761,human,0.834,human,0.0
815729764,human,0.543,human,0.0
815729765,human,0.881,human,0.0
815729766,human,0.99,human,0.0
815729767,non_human,0.845,human,1.0
815729768,non_human,0.849,non_human,0.0
815729769,human,0.866,human,0.0
815729770,human,0.779,non_human,1.0
815729771,human,0.636,non_human,1.0
815729772,human,0.898,human,0.0
815729773,human,0.544,human,0.0
815729774,human,0.585,human,0.0
815729775,human,0.902,human,0.0
815729776,human,0.722,non_human,1.0
815729778,human,0.985,human,0.0
815729779,human,0.856,human,0.0
815729780,human,0.759,non_human,1.0
815729781,human,0.992,human,0.0
815729782,human,0.927,human,0.0
815729784,non_human,0.571,human,1.0
815729785,human,0.663,human,0.0
815729786,non_human,0.68,non_human,0.0
815729787,human,0.54,non_human,1.0
815729788,non_human,0.719,non_human,0.0
815729789,human,0.532,human,0.0
815729790,human,0.788,non_human,1.0
815729791,human,0.843,human,0.0
815729792,human,0.553,non_human,1.0
815729793,human,0.661,non_human,1.0
815729794,human,0.801,human,0.0
815729795,human,0.923,human,0.0
815729797,non_human,0.596,non_human,0.0
815729798,human,0.921,human,0.0
815729799,non_human,0.606,non_human,0.0
815729800,non_human,0.655,non_human,0.0
815729801,human,0.536,non_human,1.0
815729802,human,0.898,human,0.0
815729804,human,0.891,human,0.0
815729806,human,0.78,human,0.0
815729807,human,0.982,human,0.0
815729808,human,0.571,human,0.0
815729809,non_human,0.533,non_human,0.0
815729810,human,0.527,non_human,1.0
815729811,non_human,0.878,non_human,0.0
815729813,human,0.689,non_human,1.0
815729814,human,0.966,human,0.0
815729815,human,0.578,human,0.0
815729816,human,0.79,human,0.0
815729817,human,0.511,non_human,1.0
815729818,human,0.953,human,0.0
815729819,human,0.957,human,0.0
815729821,human,0.929,human,0.0
815729822,non_human,0.627,human,1.0
815729823,human,0.861,human,0.0
815729824,human,0.968,human,0.0
815729825,human,0.956,human,0.0
815729826,human,0.76,non_human,1.0
815729828,human,0.818,human,0.0
815729829,human,0.898,human,0.0
815729830,human,0.987,human,0.0
815729831,human,0.876,human,0.0
815729832,human,0.993,human,0.0
815729833,human,0.953,human,0.0
815729834,human,0.871,human,0.0
815729835,human,0.982,human,0.0
815729836,human,0.883,human,0.0
815729837,human,0.942,human,0.0
815729838,human,0.871,human,0.0
815729840,non_human,0.73,non_human,0.0
815729841,human,0.661,human,0.0
815729842,non_human,0.549,non_human,0.0
815729844,non_human,0.833,non_human,0.0
815729845,human,0.992,human,0.0
815729846,human,0.816,non_human,1.0
815729847,human,0.907,human,0.0
815729848,human,0.97,human,0.0
815729849,human,0.981,human,0.0
815729850,human,0.657,human,0.0
815729851,non_human,0.589,non_human,0.0
815729852,non_human,0.766,non_human,0.0
815729853,non_human,0.832,non_human,0.0
815729854,human,0.823,human,0.0
815729855,non_human,0.677,human,1.0
815729856,human,0.883,non_human,1.0
815729859,human,0.609,non_human,1.0
815729860,human,0.966,human,0.0
815729861,human,0.964,human,0.0
815729862,human,0.863,human,0.0
815729863,human,0.956,human,0.0
815729867,human,0.971,human,0.0
815729869,human,0.639,non_human,1.0
815729870,human,0.642,human,0.0
815729871,human,0.994,human,0.0
815729872,human,0.978,human,0.0
815729873,human,0.954,human,0.0
815729874,human,0.731,non_human,1.0
815729875,human,0.764,non_human,1.0
815729876,human,0.609,non_human,1.0
815729877,human,0.993,human,0.0
815729878,human,0.959,human,0.0
815729879,human,0.751,human,0.0
815729880,human,0.7,human,0.0
815729881,human,0.88,human,0.0
815729882,human,0.801,human,0.0
815729883,human,0.797,non_human,1.0
815729884,human,0.768,human,0.0
815729885,human,0.545,non_human,1.0
815729886,human,0.856,human,0.0
815729888,human,0.956,human,0.0
815729890,human,0.877,human,0.0
815729891,human,0.798,human,0.0
815729892,human,0.601,human,0.0
815729893,human,0.535,human,0.0
815729894,human,0.895,human,0.0
815729895,human,0.88,human,0.0
815729896,human,0.942,human,0.0
815729897,human,0.815,non_human,1.0
815729898,human,0.546,human,0.0
815729899,human,0.95,human,0.0
815729900,non_human,0.611,non_human,0.0
815729901,human,0.933,human,0.0
815729903,human,0.9,human,0.0
815729904,human,0.976,human,0.0
815729905,human,0.911,human,0.0
815729906,human,0.972,human,0.0
815729907,non_human,0.62,non_human,0.0
815729908,human,0.898,human,0.0
815729909,human,0.743,human,0.0
815729910,human,0.824,human,0.0
815729911,human,0.791,non_human,1.0
815729912,human,0.81,human,0.0
815729913,human,0.823,non_human,1.0
815729914,non_human,0.508,human,1.0
815729915,human,0.775,human,0.0
815729916,non_human,0.728,non_human,0.0
815729917,human,0.73,human,0.0
815729919,non_human,0.899,non_human,0.0
815729920,human,0.529,non_human,1.0
815729921,human,0.904,human,0.0
815729922,human,0.958,human,0.0
815729923,human,0.735,human,0.0
815729924,human,0.924,human,0.0
815729925,human,0.941,human,0.0
815729926,human,0.647,human,0.0
815729928,human,0.816,human,0.0
815729929,non_human,0.559,human,1.0
815729930,human,0.95,human,0.0
815729932,human,0.885,human,0.0
815729933,human,0.92,human,0.0
815729934,non_human,0.787,non_human,0.0
815729936,human,0.805,human,0.0
815729937,human,0.851,human,0.0
815729938,human,0.713,human,0.0
815729939,non_human,0.637,non_human,0.0
815729941,non_human,0.666,non_human,0.0
815729942,human,0.831,human,0.0
815729943,human,0.931,human,0.0
815729944,human,0.865,non_human,1.0
815729945,human,0.881,human,0.0
815729946,human,0.653,human,0.0
815729947,human,0.969,human,0.0
815729948,human,0.627,human,0.0
815729949,non_human,0.812,non_human,0.0
815729950,human,0.987,human,0.0
815729951,human,0.905,human,0.0
815729952,human,0.948,human,0.0
815729953,human,0.667,human,0.0
815729954,human,0.965,human,0.0
815729955,non_human,0.662,non_human,0.0
815729957,human,0.942,human,0.0
815729958,non_human,0.67,human,1.0
815729959,human,0.945,human,0.0
815729960,human,0.879,human,0.0
815729961,non_human,0.562,non_human,0.0
815729962,human,0.788,human,0.0
815729963,human,0.95,human,0.0
815729964,human,0.978,human,0.0
815729965,human,0.907,non_human,1.0
815729966,human,0.991,human,0.0
815729967,human,0.964,human,0.0
815729968,human,0.757,human,0.0
815729969,human,0.872,human,0.0
815729970,human,0.991,human,0.0
815729971,non_human,0.526,human,1.0
815729973,human,0.813,human,0.0
815729974,human,0.744,human,0.0
815729975,human,0.892,human,0.0
815729976,human,0.873,human,0.0
815729977,human,0.687,human,0.0
815729978,non_human,0.504,non_human,0.0
815729979,human,0.976,human,0.0
815729980,human,0.984,human,0.0
815729981,human,0.716,non_human,1.0
815729982,human,0.612,human,0.0
815729983,human,0.83,human,0.0
815729984,human,0.944,human,0.0
815729985,human,0.648,human,0.0
815729986,human,0.984,human,0.0
815729987,human,0.925,human,0.0
815729988,human,0.876,non_human,1.0
815729989,human,0.899,human,0.0
815729990,human,0.99,human,0.0
815729991,human,0.889,human,0.0
815729992,non_human,0.81,non_human,0.0
815729997,human,0.947,human,0.0
815729998,human,0.939,human,0.0
815729999,human,0.803,human,0.0
815730000,human,0.65,non_human,1.0
815730001,human,0.854,human,0.0
815730002,human,0.802,human,0.0
815730003,human,0.692,human,0.0
815730004,human,0.872,human,0.0
815730005,human,0.699,human,0.0
815730006,non_human,0.597,non_human,0.0
815730007,human,0.75,human,0.0
815730008,human,0.512,human,0.0
815730009,human,0.776,human,0.0
815730010,human,0.659,human,0.0
815730011,human,0.677,non_human,1.0
815730012,non_human,0.591,human,1.0
815730013,human,0.969,human,0.0
815730014,human,0.528,human,0.0
815730015,human,0.865,non_human,1.0
815730016,human,0.823,human,0.0
815730017,human,0.616,human,0.0
815730018,human,0.937,human,0.0
815730019,non_human,0.614,non_human,0.0
815730020,human,0.907,human,0.0
815730021,non_human,0.512,non_human,0.0
815730022,human,0.777,human,0.0
815730023,human,0.738,human,0.0
815730024,non_human,0.593,human,1.0
815730025,human,0.96,human,0.0
815730026,human,0.874,human,0.0
815730028,human,0.637,human,0.0
815730030,human,0.941,human,0.0
815730031,human,0.528,non_human,1.0
815730032,human,0.683,human,0.0
815730033,human,0.898,human,0.0
815730035,human,0.847,human,0.0
815730036,human,0.966,human,0.0
815730037,human,0.949,human,0.0
815730038,human,0.778,human,0.0
815730039,non_human,0.65,non_human,0.0
815730040,human,0.799,human,0.0
815730041,human,0.955,human,0.0
815730042,human,0.735,human,0.0
815730043,non_human,0.643,human,1.0
815730044,human,0.954,human,0.0
815730045,human,0.516,non_human,1.0
815730046,human,0.993,human,0.0
815730047,human,0.975,human,0.0
815730048,human,0.942,human,0.0
815730049,human,0.729,human,0.0
815730050,human,0.97,human,0.0
815730051,human,0.72,human,0.0
815730052,human,0.839,human,0.0
815730053,human,0.955,human,0.0
815730055,human,0.987,human,0.0
815730056,human,0.831,human,0.0
815730058,human,0.888,human,0.0
815730060,human,0.975,human,0.0
815730062,human,0.522,non_human,1.0
815730064,non_human,0.627,non_human,0.0
815730065,human,0.914,human,0.0
815730066,human,0.914,human,0.0
815730067,human,0.799,non_human,1.0
815730069,human,0.845,human,0.0
815730070,human,0.544,non_human,1.0
815730071,human,0.668,human,0.0
815730072,human,0.812,human,0.0
815730074,human,0.951,human,0.0
815730075,human,0.938,human,0.0
815730076,human,0.904,human,0.0
815730077,human,0.777,human,0.0
815730078,human,0.968,human,0.0
815730079,human,0.877,human,0.0
815730080,human,0.7,human,0.0
815730081,non_human,0.924,non_human,0.0
815730082,human,0.835,human,0.0
815730083,human,0.648,human,0.0
815730084,human,0.656,non_human,1.0
815730085,human,0.801,human,0.0
815730086,human,0.586,non_human,1.0
815730087,human,0.817,human,0.0
815730088,human,0.594,non_human,1.0
815730089,human,0.788,human,0.0
815730091,human,0.799,non_human,1.0
815730092,human,0.723,human,0.0
815730093,human,0.676,human,0.0
815730094,human,0.768,human,0.0
815730095,human,0.914,human,0.0
815730096,human,0.926,human,0.0
815730097,human,0.92,human,0.0
815730098,human,0.633,non_human,1.0
815730099,non_human,0.87,non_human,0.0
815730100,human,0.762,human,0.0
815730101,human,0.968,human,0.0
815730102,human,0.597,human,0.0
815730103,human,0.998,human,0.0
815730104,human,0.757,human,0.0
815730105,human,0.653,human,0.0
815730106,human,0.953,human,0.0
815730107,human,0.88,human,0.0
815730108,human,0.865,non_human,1.0
815730109,human,0.863,non_human,1.0
815730110,human,0.967,human,0.0
815730111,human,0.884,human,0.0
815730112,human,0.647,human,0.0
815730113,human,0.83,human,0.0
815730114,human,0.73,non_human,1.0
815730115,human,0.933,human,0.0
815730116,human,0.928,non_human,1.0
815730117,human,0.885,human,0.0
815730118,non_human,0.618,non_human,0.0
815730120,human,0.884,human,0.0
815730121,human,0.523,human,0.0
815730122,human,0.965,human,0.0
815730124,human,0.972,human,0.0
815730125,non_human,0.955,non_human,0.0
815730126,non_human,0.523,non_human,0.0
815730127,human,0.908,human,0.0
815730129,human,0.946,human,0.0
815730130,human,0.81,non_human,1.0
815730131,human,0.818,human,0.0
815730132,human,0.645,human,0.0
815730133,human,0.842,human,0.0
815730134,human,0.78,human,0.0
815730135,human,0.904,human,0.0
815730136,human,0.558,human,0.0
815730139,human,0.932,human,0.0
815730142,human,0.884,non_human,1.0
815730143,human,0.758,human,0.0
815730145,human,0.925,human,0.0
815730146,non_human,0.575,non_human,0.0
815730148,human,0.993,human,0.0
815730149,human,0.958,human,0.0
815730150,human,0.685,human,0.0
815730151,human,0.963,human,0.0
815730153,non_human,0.786,human,1.0
815730154,human,0.539,human,0.0
815730155,human,0.994,human,0.0
815730156,human,0.774,human,0.0
815730157,human,0.93,human,0.0
815730158,human,0.562,human,0.0
815730159,human,0.729,non_human,1.0
815730160,human,0.898,human,0.0
815730161,human,0.974,human,0.0
815730163,human,0.744,human,0.0
815730164,human,0.96,human,0.0
815730165,human,0.77,human,0.0
815730166,human,0.518,non_human,1.0
815730167,human,0.913,non_human,1.0
815730168,human,0.942,human,0.0
815730172,human,0.529,human,0.0
815730174,human,0.646,non_human,1.0
815730175,non_human,0.505,human,1.0
815730176,human,0.99,human,0.0
815730177,non_human,0.681,non_human,0.0
815730178,human,0.901,human,0.0
815730179,human,0.562,non_human,1.0
815730180,human,0.755,non_human,1.0
815730181,human,0.914,human,0.0
815730182,human,0.922,human,0.0
815730184,human,0.881,human,0.0
815730185,human,0.983,human,0.0
815730186,human,0.971,human,0.0
815730187,non_human,0.631,non_human,0.0
815730188,human,0.769,non_human,1.0
815730189,human,0.992,human,0.0
815730191,human,0.927,human,0.0
815730194,non_human,0.593,human,1.0
815730195,human,0.921,human,0.0
815730196,human,0.598,human,0.0
815730197,human,0.645,non_human,1.0
815730199,human,0.923,human,0.0
815730200,non_human,0.555,human,1.0
815730201,human,0.598,human,0.0
815730202,human,0.967,human,0.0
815730203,human,0.985,human,0.0
815730204,human,0.94,human,0.0
815730205,human,0.89,human,0.0
815730206,human,0.531,human,0.0
815730207,human,0.85,non_human,1.0
815730208,human,0.785,non_human,1.0
815730209,human,0.827,human,0.0
815730210,human,0.988,human,0.0
815730211,human,0.762,human,0.0
815730212,human,0.914,human,0.0
815730214,human,0.513,human,0.0
815730215,human,0.845,human,0.0
815730216,human,0.899,human,0.0
815730217,human,0.57,human,0.0
815730218,human,0.77,human,0.0
815730219,non_human,0.564,non_human,0.0
815730220,human,0.659,human,0.0
815730221,human,0.515,non_human,1.0
815730222,non_human,0.573,human,1.0
815730223,human,0.754,non_human,1.0
815730224,human,0.6,non_human,1.0
815730226,human,0.966,human,0.0
815730228,human,0.906,human,0.0
815730229,human,0.645,non_human,1.0
815730230,human,0.924,human,0.0
815730231,human,0.87,non_human,1.0
815730232,non_human,0.738,non_human,0.0
815730233,human,0.587,human,0.0
815730234,non_human,0.71,non_human,0.0
815730235,human,0.968,human,0.0
815730236,non_human,0.604,non_human,0.0
815730237,human,0.865,human,0.0
815730238,human,0.974,human,0.0
815730239,non_human,0.784,non_human,0.0
815730240,human,0.819,human,0.0
815730242,human,0.947,human,0.0
815730243,human,0.749,human,0.0
815730244,human,0.7,human,0.0
815730246,human,0.665,non_human,1.0
815730247,human,0.658,human,0.0
815730248,human,0.711,human,0.0
815730249,non_human,0.679,non_human,0.0
815730251,human,0.87,human,0.0
815730252,human,0.797,human,0.0
815730254,human,0.983,human,0.0
815730255,non_human,0.61,human,1.0
815730256,human,0.608,human,0.0
815730257,human,0.912,human,0.0
815730258,non_human,0.746,non_human,0.0
815730259,non_human,0.737,human,1.0
815730260,human,0.766,human,0.0
815730261,human,0.884,non_human,1.0
815730262,human,0.736,non_human,1.0
815730263,non_human,0.757,non_human,0.0
815730264,human,0.697,non_human,1.0
815730265,human,0.703,human,0.0
815730266,human,0.784,human,0.0
815730267,human,0.859,human,0.0
815730268,human,0.9,human,0.0
815730269,non_human,0.537,non_human,0.0
815730270,human,0.695,human,0.0
815730275,non_human,0.738,non_human,0.0
815730276,non_human,0.54,human,1.0
815730277,human,0.892,human,0.0
815730278,human,0.907,human,0.0
815730279,human,0.989,human,0.0
815730280,human,0.913,human,0.0
815730281,human,0.783,human,0.0
815730282,human,0.797,human,0.0
815730283,human,0.505,human,0.0
815730284,non_human,0.505,non_human,0.0
815730285,human,0.789,human,0.0
815730286,non_human,0.642,human,1.0
815730287,human,0.683,human,0.0
815730288,human,0.829,human,0.0
815730289,non_human,0.551,non_human,0.0
815730290,human,0.983,human,0.0
815730291,human,0.852,human,0.0
815730292,non_human,0.658,non_human,0.0
815730293,human,0.919,human,0.0
815730294,human,0.995,human,0.0
815730295,human,0.968,human,0.0
815730296,human,0.787,human,0.0
815730297,human,0.661,human,0.0
815730298,human,0.974,human,0.0
815730299,non_human,0.716,non_human,0.0
815730300,human,0.874,human,0.0
815730301,human,0.852,human,0.0
815730304,non_human,0.684,non_human,0.0
815730305,human,0.967,human,0.0
815730306,non_human,0.519,non_human,0.0
815730307,human,0.869,human,0.0
815730308,human,0.683,human,0.0
815730309,human,0.789,non_human,1.0
815730310,human,0.981,human,0.0
815730311,human,0.847,human,0.0
815730312,non_human,0.616,non_human,0.0
815730314,human,0.987,human,0.0
815730315,human,0.973,human,0.0
815730316,human,0.993,human,0.0
815730318,human,0.995,human,0.0
815730319,human,0.93,non_human,1.0
815730320,human,0.577,human,0.0
815730322,human,0.951,non_human,1.0
815730324,human,0.899,human,0.0
815730325,non_human,0.587,non_human,0.0
815730326,human,0.763,human,0.0
815730327,human,0.876,human,0.0
815730329,non_human,0.943,non_human,0.0
815730330,human,0.925,human,0.0
815730332,human,0.99,human,0.0
815730333,non_human,0.797,human,1.0
815730334,human,0.875,human,0.0
815730335,human,0.976,human,0.0
815730336,human,0.797,human,0.0
815730337,human,0.879,human,0.0
815730338,human,0.938,human,0.0
815730339,human,0.913,non_human,1.0
815730340,non_human,0.889,non_human,0.0
815730341,human,0.956,human,0.0
815730342,human,0.889,human,0.0
815730344,human,0.995,human,0.0
815730345,human,0.533,human,0.0
815730348,human,0.921,human,0.0
815730349,human,0.869,non_human,1.0
815730350,non_human,0.828,non_human,0.0
815730353,human,0.96,human,0.0
815730355,human,0.965,human,0.0
815730356,human,0.997,human,0.0
815730357,human,0.994,human,0.0
815730358,human,0.709,human,0.0
815730359,human,0.704,non_human,1.0
815730360,human,0.929,human,0.0
815730361,human,0.957,human,0.0
815730362,human,0.918,human,0.0
815730363,human,0.613,human,0.0
815730364,human,0.91,human,0.0
815730366,non_human,0.631,non_human,0.0
815730367,human,0.988,human,0.0
815730368,human,0.901,human,0.0
815730369,human,0.768,human,0.0
815730370,human,0.975,human,0.0
815730371,non_human,0.776,human,1.0
815730372,human,0.953,human,0.0
815730373,human,0.852,human,0.0
815730374,human,0.537,human,0.0
815730377,non_human,0.593,human,1.0
815730378,human,0.929,human,0.0
815730379,human,0.906,human,0.0
815730380,human,0.945,human,0.0
815730381,human,0.978,human,0.0
815730382,human,0.991,human,0.0
815730383,human,0.966,human,0.0
815730384,human,0.789,human,0.0
815730385,human,0.91,human,0.0
815730387,human,0.899,human,0.0
815730388,human,0.897,human,0.0
815730389,human,0.818,human,0.0
815730390,human,0.969,human,0.0
815730391,human,0.623,non_human,1.0
815730392,human,0.722,non_human,1.0
815730393,human,0.842,human,0.0
815730394,human,0.982,human,0.0
815730395,human,0.879,human,0.0
815730397,human,0.942,human,0.0
815730398,human,0.639,human,0.0
815730399,human,0.776,human,0.0
815730400,non_human,0.59,human,1.0
815730401,human,0.903,human,0.0
815730402,human,0.818,human,0.0
815730403,human,0.826,human,0.0
815730404,human,0.5,non_human,1.0
815730407,human,0.962,human,0.0
815730409,human,0.933,human,0.0
815730410,human,0.808,human,0.0
815730411,non_human,0.56,non_human,0.0
815730412,human,0.718,human,0.0
815730413,human,0.822,human,0.0
815730414,human,0.587,human,0.0
815730415,human,0.508,non_human,1.0
815730417,human,0.962,human,0.0
815730418,human,0.548,non_human,1.0
815730419,human,0.834,non_human,1.0
815730420,non_human,0.694,human,1.0
815730421,human,0.644,human,0.0
815730422,non_human,0.883,non_human,0.0
815730423,human,0.919,human,0.0
815730424,human,0.911,human,0.0
815730425,human,0.856,human,0.0
815730426,human,0.957,human,0.0
815730427,human,0.838,human,0.0
815730428,non_human,0.725,non_human,0.0
815730429,non_human,0.642,non_human,0.0
815730430,human,0.872,non_human,1.0
815730431,human,0.966,human,0.0
815730432,human,0.981,human,0.0
815730433,human,0.67,human,0.0
815730434,human,0.914,human,0.0
815730435,human,0.538,human,0.0
815730437,non_human,0.669,non_human,0.0
815730438,human,0.755,human,0.0
815730439,human,0.947,human,0.0
815730441,human,0.928,human,0.0
815730442,human,0.739,human,0.0
815730443,human,0.961,human,0.0
815730445,human,0.877,human,0.0
815730446,human,0.649,human,0.0
815730447,human,0.782,human,0.0
815730448,human,0.892,non_human,1.0
815730449,human,0.868,non_human,1.0
815730450,human,0.965,human,0.0
815730451,non_human,0.71,non_human,0.0
815730452,human,0.974,human,0.0
815730453,non_human,0.67,non_human,0.0
815730454,non_human,0.728,non_human,0.0
815730455,human,0.852,non_human,1.0
815730456,human,0.954,human,0.0
815730458,human,0.947,human,0.0
815730459,human,0.912,human,0.0
815730461,human,0.7,non_human,1.0
815730462,human,0.56,human,0.0
815730463,human,0.959,human,0.0
815730465,human,0.94,human,0.0
815730466,human,0.89,human,0.0
815730467,human,0.892,human,0.0
815730468,human,0.89,human,0.0
815730469,human,0.996,human,0.0
815730470,non_human,0.859,non_human,0.0
815730471,human,0.857,human,0.0
815730472,human,0.701,non_human,1.0
815730473,human,0.973,human,0.0
815730474,human,0.705,human,0.0
815730476,human,0.919,human,0.0
815730478,human,0.613,human,0.0
815730479,human,0.937,human,0.0
815730480,human,0.981,human,0.0
815730481,human,0.977,human,0.0
815730482,human,0.944,human,0.0
815730483,human,0.974,human,0.0
815730484,human,0.87,human,0.0
815730486,non_human,0.533,non_human,0.0
815730487,human,0.938,human,0.0
815730488,non_human,0.513,non_human,0.0
815730489,human,0.992,human,0.0
815730490,human,0.967,human,0.0
815730491,human,0.743,human,0.0
815730492,non_human,0.815,human,1.0
815730493,human,0.57,human,0.0
815730494,human,0.96,human,0.0
815730495,non_human,0.926,non_human,0.0
815730496,human,0.859,non_human,1.0
815730497,human,0.966,human,0.0
815730498,human,0.906,human,0.0
815730499,human,0.935,human,0.0
815730500,human,0.925,human,0.0
815730501,human,0.732,human,0.0
815730502,human,0.992,human,0.0
815730503,human,0.919,human,0.0
815730504,human,0.994,human,0.0
815730507,human,0.939,human,0.0
815730508,human,0.874,human,0.0
815730509,human,0.836,non_human,1.0
815730510,human,0.972,human,0.0
815730511,human,0.92,human,0.0
815730512,human,0.981,human,0.0
815730514,human,0.819,human,0.0
815730515,human,0.844,non_human,1.0
815730516,non_human,0.611,non_human,0.0
815730517,human,0.608,human,0.0
815730518,non_human,0.571,human,1.0
815730519,human,0.998,human,0.0
815730520,non_human,0.735,human,1.0
815730521,human,0.836,human,0.0
815730522,human,0.63,human,0.0
815730525,human,0.518,human,0.0
815730527,human,0.915,human,0.0
815730528,human,0.883,human,0.0
815730529,human,0.71,human,0.0
815730530,non_human,0.644,human,1.0
815730531,human,0.907,human,0.0
815730532,non_human,0.642,human,1.0
815730533,human,0.933,human,0.0
815730534,human,0.704,human,0.0
815730535,human,0.56,human,0.0
815730536,human,0.849,non_human,1.0
815730537,human,0.874,human,0.0
815730538,non_human,0.847,non_human,0.0
815730541,human,0.705,non_human,1.0
815730542,human,0.924,human,0.0
815730543,human,0.86,human,0.0
815730544,human,0.899,human,0.0
815730545,human,0.8,human,0.0
815730546,human,0.87,human,0.0
815730547,human,0.882,human,0.0
815730548,human,0.584,human,0.0
815730549,human,0.942,human,0.0
815730550,non_human,0.587,non_human,0.0
815730551,non_human,0.713,non_human,0.0
815730553,human,0.872,human,0.0
815730554,non_human,0.747,human,1.0
815730555,human,0.636,non_human,1.0
815730556,human,0.935,human,0.0
815730557,non_human,0.62,non_human,0.0
815730558,human,0.878,human,0.0
815730559,human,0.77,non_human,1.0
815730560,human,0.743,non_human,1.0
815730561,non_human,0.606,non_human,0.0
815730562,human,0.914,non_human,1.0
815730563,human,0.61,human,0.0
815730565,human,0.936,human,0.0
815730566,human,0.803,human,0.0
815730568,human,0.965,human,0.0
815730569,non_human,0.807,human,1.0
815730572,human,0.929,human,0.0
815730573,human,0.994,human,0.0
815730575,human,0.722,human,0.0
815730576,human,0.929,human,0.0
815730577,human,0.595,non_human,1.0
815730581,human,0.989,human,0.0
815730582,human,0.813,human,0.0
815730583,human,0.671,human,0.0
815730584,human,0.828,human,0.0
815730585,human,0.886,human,0.0
815730586,human,0.893,human,0.0
815730587,human,0.609,non_human,1.0
815730589,non_human,0.745,non_human,0.0
815730590,human,0.943,human,0.0
815730591,human,0.928,human,0.0
815730592,non_human,0.87,non_human,0.0
815730593,non_human,0.579,non_human,0.0
815730594,non_human,0.525,human,1.0
815730595,human,0.935,non_human,1.0
815730596,human,0.512,non_human,1.0
815730597,human,0.995,human,0.0
815730598,human,0.919,human,0.0
815730599,non_human,0.713,non_human,0.0
815730600,human,0.869,human,0.0
815730601,human,0.55,human,0.0
815730602,human,0.952,human,0.0
815730603,human,0.665,human,0.0
815730604,human,0.672,non_human,1.0
815730606,human,0.94,human,0.0
815730608,human,0.982,human,0.0
815730609,non_human,0.584,non_human,0.0
815730610,human,0.972,human,0.0
815730612,non_human,0.613,non_human,0.0
815730613,human,0.898,human,0.0
815730614,human,0.886,human,0.0
815730615,human,0.972,human,0.0
815730616,human,0.938,human,0.0
815730617,human,0.859,human,0.0
815730618,human,0.947,human,0.0
815730619,human,0.893,non_human,1.0
815730620,human,0.893,human,0.0
815730621,human,0.8,human,0.0
815730622,human,0.891,non_human,1.0
815730623,human,0.928,human,0.0
815730624,human,0.94,human,0.0
815730625,non_human,0.643,non_human,0.0
815730626,human,0.977,human,0.0
815730627,human,0.72,human,0.0
815730628,human,0.915,human,0.0
815730629,human,0.979,human,0.0
815730630,human,0.982,human,0.0
815730631,human,0.501,non_human,1.0
815730632,human,0.576,human,0.0
815730633,human,0.98,human,0.0
815730634,non_human,0.691,human,1.0
815730635,human,0.977,human,0.0
815730637,non_human,0.692,non_human,0.0
815730638,human,0.954,human,0.0
815730639,human,0.775,human,0.0
815730640,human,0.51,non_human,1.0
815730641,human,0.68,non_human,1.0
815730642,human,0.996,human,0.0
815730643,human,0.852,human,0.0
815730644,human,0.986,human,0.0
815730645,human,0.96,human,0.0
815730646,human,0.96,human,0.0
815730647,human,0.913,human,0.0
815730648,human,0.912,human,0.0
815730649,human,0.96,human,0.0
815730650,human,0.918,human,0.0
815730652,non_human,0.525,non_human,0.0
815730653,human,0.903,non_human,1.0
815730655,human,0.771,human,0.0
815730656,human,0.787,human,0.0
815730657,human,0.956,human,0.0
815730659,human,0.971,human,0.0
815730660,human,0.894,human,0.0
815730661,human,0.975,human,0.0
815730663,non_human,0.816,non_human,0.0
815730664,human,0.612,non_human,1.0
815730665,human,0.805,human,0.0
815730666,non_human,0.554,non_human,0.0
815730667,human,0.901,human,0.0
815730668,human,0.755,human,0.0
815730669,human,0.797,human,0.0
815730670,human,0.942,human,0.0
815730671,non_human,0.848,non_human,0.0
815730672,human,0.821,human,0.0
815730673,human,0.912,human,0.0
815730674,human,0.764,human,0.0
815730675,human,0.872,human,0.0
815730676,human,0.668,human,0.0
815730678,human,0.892,non_human,1.0
815730679,human,0.94,human,0.0
815730680,human,0.893,human,0.0
815730682,non_human,0.774,non_human,0.0
815730683,human,0.866,human,0.0
815730684,human,0.971,human,0.0
815730685,human,0.714,human,0.0
815730686,human,0.796,human,0.0
815730687,human,0.76,human,0.0
815730689,human,0.952,human,0.0
815730691,human,0.808,human,0.0
815730692,non_human,0.587,human,1.0
815730693,non_human,0.866,non_human,0.0
815730694,human,0.903,human,0.0
815730695,non_human,0.575,human,1.0
815730696,human,0.989,human,0.0
815730697,non_human,0.608,human,1.0
815730698,non_human,0.803,non_human,0.0
815730699,non_human,0.829,non_human,0.0
815730700,non_human,0.655,non_human,0.0
815730701,human,0.765,non_human,1.0
815730702,human,0.734,human,0.0
815730703,human,0.944,human,0.0
815730704,human,0.945,human,0.0
815730705,human,0.836,human,0.0
815730706,human,0.935,non_human,1.0
815730707,non_human,0.723,human,1.0
815730708,human,0.881,human,0.0
815730709,non_human,0.587,non_human,0.0
815730710,human,0.926,non_human,1.0
815730711,human,0.926,human,0.0
815730712,human,0.989,human,0.0
815730713,human,0.857,human,0.0
815730714,human,0.962,human,0.0
815730715,human,0.948,human,0.0
815730716,human,0.683,non_human,1.0
815730717,non_human,0.586,non_human,0.0
815730718,human,0.631,non_human,1.0
815730719,human,0.779,human,0.0
815730720,non_human,0.865,non_human,0.0
815730721,non_human,0.816,non_human,0.0
815730722,human,0.983,human,0.0
815730723,non_human,0.569,non_human,0.0
815730724,non_human,0.507,non_human,0.0
815730725,human,0.789,human,0.0
815730726,human,0.85,human,0.0
815730728,human,0.883,human,0.0
815730729,human,0.926,human,0.0
815730730,human,0.944,human,0.0
815730731,human,0.861,human,0.0
815730733,human,0.82,human,0.0
815730734,non_human,0.529,human,1.0
815730735,human,0.939,human,0.0
815730736,human,0.878,human,0.0
815730738,human,0.91,non_human,1.0
815730739,human,0.948,human,0.0
815730740,human,0.624,non_human,1.0
815730741,human,0.974,human,0.0
815730742,human,0.899,human,0.0
815730743,human,0.921,human,0.0
815730744,human,0.94,human,0.0
815730745,human,0.925,human,0.0
815730746,human,0.903,human,0.0
815730747,non_human,0.58,non_human,0.0
815730748,human,0.931,human,0.0
815730749,human,0.946,human,0.0
815730750,non_human,0.661,human,1.0
815730751,human,0.699,human,0.0
815730752,non_human,0.531,non_human,0.0
815730753,non_human,0.783,non_human,0.0
815730755,human,0.975,human,0.0
815730756,human,0.755,human,0.0
815730757,non_human,0.509,non_human,0.0
815730758,human,0.987,human,0.0
815730759,human,0.899,human,0.0
815730760,human,0.798,non_human,1.0
815730761,non_human,0.778,non_human,0.0
815730762,non_human,0.816,non_human,0.0
815730763,non_human,0.601,human,1.0
815730764,non_human,0.937,non_human,0.0
815730765,non_human,0.77,non_human,0.0
815730766,human,0.979,human,0.0
815730768,human,0.955,human,0.0
815730769,non_human,0.512,human,1.0
815730770,non_human,0.749,non_human,0.0
815730771,human,0.801,human,0.0
815730772,human,0.661,human,0.0
815730773,human,0.74,non_human,1.0
815730774,human,0.721,human,0.0
815730775,human,0.704,human,0.0
815730776,human,0.972,human,0.0
815730777,human,0.711,non_human,1.0
815730778,human,0.76,human,0.0
815730779,human,0.956,human,0.0
815730780,human,0.908,human,0.0
815730781,human,0.911,human,0.0
815730786,human,0.965,human,0.0
815730787,human,0.936,human,0.0
815730788,human,0.875,human,0.0
815730789,human,0.949,human,0.0
815730790,human,0.928,human,0.0
815730791,human,0.892,human,0.0
815730792,human,0.856,human,0.0
815730793,human,0.883,human,0.0
815730795,human,0.839,non_human,1.0
815730796,human,0.912,non_human,1.0
815730797,human,0.856,human,0.0
815730798,human,0.966,human,0.0
815730799,human,0.888,human,0.0
815730801,human,0.861,human,0.0
815730802,human,0.93,human,0.0
815730803,non_human,0.514,non_human,0.0
815730804,human,0.758,non_human,1.0
815730805,human,0.709,non_human,1.0
815730806,human,0.928,human,0.0
815730807,non_human,0.567,non_human,0.0
815730808,non_human,0.752,non_human,0.0
815730809,human,0.6,human,0.0
815730810,human,0.885,human,0.0
815730811,human,0.639,human,0.0
815730812,non_human,0.668,non_human,0.0
815730813,non_human,0.588,non_human,0.0
815730814,human,0.921,human,0.0
815730815,non_human,0.768,non_human,0.0
815730816,human,0.886,non_human,1.0
815730817,human,0.71,human,0.0
815730818,human,0.941,human,0.0
815730820,human,0.964,non_human,1.0
815730821,human,0.898,human,0.0
815730822,human,0.59,non_human,1.0
815730823,human,0.979,human,0.0
815730824,human,0.935,human,0.0
815730825,human,0.925,non_human,1.0
815730826,non_human,0.674,non_human,0.0
815730828,human,0.8,non_human,1.0
815730829,human,0.744,human,0.0
815730830,human,0.702,human,0.0
815730831,human,0.905,human,0.0
815730832,human,0.76,human,0.0
815730833,human,0.748,non_human,1.0
815730834,human,0.555,human,0.0
815730835,non_human,0.808,non_human,0.0
815730836,human,0.918,human,0.0
815730837,human,0.965,human,0.0
815730838,human,0.941,human,0.0
815730839,human,0.663,human,0.0
815730840,non_human,0.8,non_human,0.0
815730841,human,0.866,human,0.0
815730843,human,0.95,human,0.0
815730844,human,0.52,non_human,1.0
815730846,non_human,0.759,non_human,0.0
815730847,human,0.933,human,0.0
815730848,human,0.889,human,0.0
815730849,human,0.922,human,0.0
815730850,human,0.916,human,0.0
815730852,human,0.776,human,0.0
815730853,non_human,0.903,non_human,0.0
815730854,human,0.949,human,0.0
815730855,human,0.951,human,0.0
815730856,human,0.898,human,0.0
815730858,human,0.98,human,0.0
815730859,human,0.729,human,0.0
815730860,human,0.832,non_human,1.0
815730861,human,0.893,human,0.0
815730862,human,0.927,human,0.0
815730863,human,0.757,non_human,1.0
815730864,human,0.932,human,0.0
815730865,human,0.817,non_human,1.0
815730866,human,0.953,human,0.0
815730867,human,0.916,human,0.0
815730868,non_human,0.849,non_human,0.0
815730869,human,0.996,human,0.0
815730870,human,0.993,human,0.0
815730871,human,0.952,human,0.0
815730873,human,0.952,human,0.0
815730874,non_human,0.801,non_human,0.0
815730875,human,0.903,human,0.0
815730876,human,0.63,human,0.0
815730877,non_human,0.766,non_human,0.0
815730879,human,0.736,non_human,1.0
815730880,non_human,0.671,human,1.0
815730881,human,0.845,human,0.0
815730882,non_human,0.728,non_human,0.0
815730883,human,0.747,human,0.0
815730884,human,0.971,human,0.0
815730885,human,0.933,human,0.0
815730890,human,0.823,human,0.0
815730891,human,0.993,human,0.0
815730892,human,0.583,non_human,1.0
815730893,human,0.589,non_human,1.0
815730894,human,0.84,human,0.0
815730897,human,0.809,human,0.0
815730898,human,0.853,human,0.0
815730899,human,0.962,human,0.0
815730900,human,0.611,human,0.0
815730901,human,0.885,human,0.0
815730902,human,0.914,human,0.0
815730903,human,0.929,human,0.0
815730904,human,0.929,human,0.0
815730905,human,0.956,human,0.0
815730906,human,0.911,human,0.0
815730907,human,0.899,human,0.0
815730909,human,0.972,human,0.0
815730910,non_human,0.58,non_human,0.0
815730911,non_human,0.545,non_human,0.0
815730912,human,0.917,human,0.0
815730913,human,0.816,human,0.0
815730914,human,0.906,human,0.0
815730915,human,0.95,human,0.0
815730916,human,0.855,human,0.0
815730917,human,0.982,human,0.0
815730918,non_human,0.831,non_human,0.0
815730919,non_human,0.871,non_human,0.0
815730920,human,0.965,human,0.0
815730921,human,0.943,human,0.0
815730923,human,0.585,non_human,1.0
815730924,human,0.869,human,0.0
815730925,human,0.539,non_human,1.0
815730926,human,0.973,human,0.0
815730927,human,0.701,human,0.0
815730928,human,0.842,human,0.0
815730929,human,0.932,human,0.0
815730930,human,0.917,human,0.0
815730931,non_human,0.504,non_human,0.0
815730932,non_human,0.54,human,1.0
815730933,human,0.933,human,0.0
815730934,non_human,0.82,non_human,0.0
815730935,human,0.978,human,0.0
815730936,human,0.507,non_human,1.0
815730937,human,0.702,human,0.0
815730938,human,0.961,human,0.0
815730941,human,0.603,human,0.0
815730942,human,0.761,human,0.0
815730943,human,0.963,human,0.0
815730944,human,0.869,human,0.0
815730945,human,0.976,human,0.0
815730946,human,0.987,human,0.0
815730947,non_human,0.776,non_human,0.0
815730948,human,0.981,human,0.0
815730949,human,0.851,non_human,1.0
815730950,human,0.762,non_human,1.0
815730951,human,0.576,non_human,1.0
815730952,human,0.672,human,0.0
815730953,human,0.97,human,0.0
815730955,human,0.725,human,0.0
815730956,non_human,0.528,non_human,0.0
815730957,human,0.902,human,0.0
815730958,non_human,0.738,non_human,0.0
815730959,human,0.866,human,0.0
815730960,human,0.794,human,0.0
815730961,human,0.942,human,0.0
815730962,human,0.547,non_human,1.0
815730963,human,0.977,human,0.0
815730964,human,0.604,human,0.0
815730965,human,0.663,non_human,1.0
815730966,human,0.992,human,0.0
815730969,non_human,0.639,non_human,0.0
815730970,non_human,0.581,non_human,0.0
815730971,human,0.91,human,0.0
815730972,human,0.859,human,0.0
815730974,human,0.972,human,0.0
815730975,human,0.734,human,0.0
815730976,human,0.852,human,0.0
815730977,human,0.867,human,0.0
815730978,human,0.89,human,0.0
815730979,human,0.809,non_human,1.0
815730980,human,0.95,human,0.0
815730981,human,0.86,human,0.0
815730982,human,0.77,human,0.0
815730983,human,0.949,human,0.0
815730985,human,0.814,human,0.0
815730986,human,0.892,human,0.0
815730987,human,0.921,human,0.0
815730988,human,0.794,human,0.0
815730989,non_human,0.614,non_human,0.0
815730992,human,0.91,human,0.0
815730993,human,0.933,human,0.0
815730996,human,0.747,non_human,1.0
815730997,human,0.974,human,0.0
815730998,human,0.879,human,0.0
815730999,non_human,0.903,non_human,0.0
815731000,non_human,0.53,non_human,0.0
815731001,non_human,0.511,non_human,0.0
815731002,human,0.765,non_human,1.0
815731003,non_human,0.553,non_human,0.0
815731004,non_human,0.641,human,1.0
815731005,human,0.924,non_human,1.0
815731006,human,0.85,human,0.0
815731007,non_human,0.625,non_human,0.0
815731008,human,0.667,human,0.0
815731009,human,0.858,non_human,1.0
815731010,non_human,0.504,non_human,0.0
815731011,human,0.974,human,0.0
815731012,human,0.699,human,0.0
815731013,human,0.881,human,0.0
815731014,human,0.902,human,0.0
815731015,human,0.818,human,0.0
815731016,human,0.931,human,0.0
815731017,human,0.528,human,0.0
815731018,human,0.914,human,0.0
815731019,human,0.874,non_human,1.0
815731020,human,0.838,human,0.0
815731021,human,0.983,human,0.0
815731022,human,0.877,human,0.0
815731023,human,0.697,human,0.0
815731024,human,0.916,human,0.0
815731025,human,0.576,human,0.0
815731026,human,0.641,non_human,1.0
815731027,human,0.632,human,0.0
815731028,non_human,0.573,human,1.0
815731029,non_human,0.605,human,1.0
815731030,human,0.852,non_human,1.0
815731031,human,0.856,human,0.0
815731032,human,0.942,human,0.0
815731033,human,0.789,human,0.0
815731034,non_human,0.59,human,1.0
815731035,human,0.943,human,0.0
815731036,human,0.899,non_human,1.0
815731037,human,0.954,human,0.0
815731039,human,0.767,human,0.0
815731040,human,0.883,human,0.0
815731041,human,0.911,human,0.0
815731042,human,0.728,human,0.0
815731044,human,0.956,human,0.0
815731045,human,0.964,human,0.0
815731046,non_human,0.597,human,1.0
815731047,human,0.956,non_human,1.0
815731048,human,0.899,human,0.0
815731049,non_human,0.625,non_human,0.0
815731050,non_human,0.694,human,1.0
815731051,human,0.955,human,0.0
815731052,non_human,0.512,non_human,0.0
815731053,human,0.925,human,0.0
815731057,human,0.753,non_human,1.0
815731059,human,0.863,human,0.0
815731060,human,0.893,human,0.0
815731062,non_human,0.552,non_human,0.0
815731063,human,0.891,human,0.0
815731064,human,0.96,human,0.0
815731065,non_human,0.704,non_human,0.0
815731066,human,0.545,human,0.0
815731068,non_human,0.584,non_human,0.0
815731069,human,0.955,human,0.0
815731070,human,0.902,human,0.0
815731071,human,0.801,human,0.0
815731072,human,0.951,human,0.0
815731073,human,0.991,human,0.0
815731074,human,0.996,human,0.0
815731075,human,0.925,human,0.0
815731076,human,0.879,human,0.0
815731077,human,0.933,human,0.0
815731078,human,0.548,non_human,1.0
815731079,human,0.933,human,0.0
815731080,human,0.669,non_human,1.0
815731081,human,0.938,human,0.0
815731082,human,0.988,human,0.0
815731083,non_human,0.579,non_human,0.0
815731084,non_human,0.629,non_human,0.0
815731085,human,0.929,human,0.0
815731087,human,0.965,human,0.0
815731088,human,0.992,human,0.0
815731089,non_human,0.551,non_human,0.0
815731090,human,0.86,human,0.0
815731091,human,0.864,human,0.0
815731095,human,0.743,non_human,1.0
815731096,human,0.997,human,0.0
815731097,human,0.795,human,0.0
815731098,non_human,0.758,non_human,0.0
815731099,human,0.923,human,0.0
815731101,human,0.69,human,0.0
815731102,human,0.864,human,0.0
815731103,human,0.91,human,0.0
815731104,non_human,0.722,non_human,0.0
815731105,human,0.566,non_human,1.0
815731106,non_human,0.714,human,1.0
815731107,human,0.82,human,0.0
815731108,human,0.906,human,0.0
815731110,human,0.818,human,0.0
815731111,human,0.972,human,0.0
815731112,human,0.871,human,0.0
815731113,human,0.558,non_human,1.0
815731114,human,0.545,human,0.0
815731115,non_human,0.584,non_human,0.0
815731116,human,0.943,human,0.0
815731117,human,0.898,human,0.0
815731118,human,0.987,human,0.0
815731119,non_human,0.899,non_human,0.0
815731120,human,0.793,non_human,1.0
815731121,human,0.944,non_human,1.0
815731122,human,0.681,non_human,1.0
815731123,non_human,0.715,non_human,0.0
815731124,non_human,0.926,non_human,0.0
815731125,human,0.586,human,0.0
815731126,non_human,0.635,non_human,0.0
815731127,human,0.995,human,0.0
815731129,human,0.674,human,0.0
815731131,human,0.829,human,0.0
815731132,human,0.991,human,0.0
815731133,human,0.867,non_human,1.0
815731134,human,0.723,human,0.0
815731135,human,0.946,non_human,1.0
815731136,human,0.802,non_human,1.0
815731137,human,0.915,human,0.0
815731139,human,0.866,human,0.0
815731140,human,0.604,non_human,1.0
815731141,human,0.738,human,0.0
815731142,human,0.938,human,0.0
815731143,human,0.647,human,0.0
815731145,human,0.923,human,0.0
815731146,human,0.771,human,0.0
815731148,human,0.948,non_human,1.0
815731149,non_human,0.53,non_human,0.0
815731150,human,0.865,human,0.0
815731151,human,0.757,non_human,1.0
815731152,human,0.775,non_human,1.0
815731153,human,0.579,human,0.0
815731154,non_human,0.638,non_human,0.0
815731155,non_human,0.51,human,1.0
815731156,non_human,0.689,human,1.0
815731158,non_human,0.796,non_human,0.0
815731159,human,0.95,human,0.0
815731160,human,0.912,human,0.0
815731161,non_human,0.732,non_human,0.0
815731162,non_human,0.879,non_human,0.0
815731163,human,0.732,human,0.0
815731164,human,0.756,human,0.0
815731165,non_human,0.659,non_human,0.0
815731166,human,0.908,human,0.0
815731167,human,0.662,non_human,1.0
815731168,non_human,0.733,non_human,0.0
815731169,non_human,0.574,non_human,0.0
815731170,human,0.991,human,0.0
815731171,human,0.971,human,0.0
815731172,human,0.927,human,0.0
815731173,human,0.997,human,0.0
815731174,human,0.893,human,0.0
815731175,human,0.918,human,0.0
815731177,human,0.92,non_human,1.0
815731179,human,0.892,human,0.0
815731180,human,0.854,human,0.0
815731181,human,0.831,human,0.0
815731182,human,0.994,human,0.0
815731183,human,0.918,human,0.0
815731184,human,0.901,human,0.0
815731185,non_human,0.767,non_human,0.0
815731186,human,0.683,human,0.0
815731187,human,0.823,human,0.0
815731188,human,0.922,human,0.0
815731189,human,0.996,human,0.0
815731190,human,0.993,human,0.0
815731192,human,0.862,human,0.0
815731193,human,0.911,human,0.0
815731194,human,0.571,human,0.0
815731198,human,0.986,human,0.0
815731199,human,0.989,human,0.0
815731200,non_human,0.67,non_human,0.0
815731201,human,0.562,non_human,1.0
815731202,non_human,0.596,non_human,0.0
815731203,human,0.962,human,0.0
815731204,human,0.696,human,0.0
815731205,human,0.979,human,0.0
815731206,human,0.945,human,0.0
815731207,human,0.546,non_human,1.0
815731209,non_human,0.904,non_human,0.0
815731211,human,0.621,human,0.0
815731212,human,0.51,non_human,1.0
815731213,non_human,0.607,human,1.0
815731214,non_human,0.917,non_human,0.0
815731215,human,0.503,non_human,1.0
815731216,human,0.825,human,0.0
815731217,human,0.853,human,0.0
815731218,human,0.564,human,0.0
815731220,non_human,0.692,non_human,0.0
815731221,human,0.91,human,0.0
815731222,human,0.94,human,0.0
815731223,human,0.865,human,0.0
815731224,non_human,0.829,non_human,0.0
815731225,human,0.707,non_human,1.0
815731226,human,0.995,human,0.0
815731227,human,0.871,human,0.0
815731228,human,0.91,human,0.0
815731229,human,0.882,non_human,1.0
815731230,human,0.677,human,0.0
815731231,human,0.933,human,0.0
815731232,human,0.948,human,0.0
815731233,human,0.816,human,0.0
815731234,non_human,0.839,non_human,0.0
815731235,non_human,0.59,non_human,0.0
815731236,human,0.935,human,0.0
815731237,human,0.764,human,0.0
815731239,human,0.908,human,0.0
815731240,non_human,0.74,non_human,0.0
815731241,non_human,0.851,non_human,0.0
815731242,human,0.595,human,0.0
815731243,human,0.611,human,0.0
815731244,human,0.862,non_human,1.0
815731245,human,0.565,non_human,1.0
815731246,human,0.934,human,0.0
815731247,human,0.81,human,0.0
815731248,non_human,0.669,non_human,0.0
815731249,non_human,0.774,non_human,0.0
815731250,human,0.87,human,0.0
815731251,non_human,0.892,non_human,0.0
815731252,non_human,0.619,human,1.0
815731254,human,0.892,human,0.0
815731255,human,0.771,non_human,1.0
815731256,human,0.929,human,0.0
815731257,human,0.988,human,0.0
815731258,human,0.659,non_human,1.0
815731259,human,0.52,human,0.0
815731260,human,0.958,human,0.0
815731261,human,0.8,human,0.0
815731262,human,0.892,human,0.0
815731263,human,0.979,human,0.0
815731264,human,0.994,human,0.0
815731265,non_human,0.788,non_human,0.0
815731266,human,0.908,human,0.0
815731267,human,0.705,human,0.0
815731268,human,0.58,human,0.0
815731269,human,0.897,human,0.0
815731270,human,0.649,human,0.0
815731271,human,0.692,human,0.0
815731272,human,0.985,human,0.0
815731273,human,0.879,human,0.0
815731274,human,0.704,human,0.0
815731275,human,0.984,human,0.0
815731276,human,0.976,human,0.0
815731277,human,0.505,non_human,1.0
815731278,non_human,0.88,non_human,0.0
815731279,human,0.901,human,0.0
815731280,human,0.982,human,0.0
815731281,human,0.753,non_human,1.0
815731282,non_human,0.884,non_human,0.0
815731284,human,0.923,human,0.0
815731285,human,0.683,non_human,1.0
815731287,human,0.786,human,0.0
815731288,non_human,0.625,non_human,0.0
815731289,non_human,0.71,non_human,0.0
815731290,human,0.799,non_human,1.0
815731291,human,0.939,human,0.0
815731292,human,0.871,human,0.0
815731293,human,0.941,human,0.0
815731294,human,0.512,non_human,1.0
815731295,human,0.95,human,0.0
815731296,human,0.894,human,0.0
815731301,human,0.806,human,0.0
815731302,human,0.941,human,0.0
815731303,human,0.834,non_human,1.0
815731304,human,0.926,human,0.0
815731305,human,0.953,human,0.0
815731306,human,0.815,non_human,1.0
815731307,human,0.877,human,0.0
815731309,human,0.712,human,0.0
815731310,human,0.984,human,0.0
815731311,non_human,0.658,human,1.0
815731312,non_human,0.626,non_human,0.0
815731313,human,0.764,human,0.0
815731314,human,0.852,human,0.0
815731315,human,0.971,human,0.0
815731316,human,0.609,human,0.0
815731317,human,0.703,human,0.0
815731318,human,0.8,human,0.0
815731319,human,0.754,human,0.0
815731320,human,0.556,non_human,1.0
815731321,human,0.774,non_human,1.0
815731322,human,0.761,human,0.0
815731323,human,0.913,human,0.0
815731324,human,0.545,human,0.0
815731325,human,0.979,human,0.0
815731326,non_human,0.715,non_human,0.0
815731327,human,0.687,human,0.0
815731328,human,0.889,human,0.0
815731329,human,0.979,human,0.0
815731330,human,0.909,human,0.0
815731331,human,0.94,human,0.0
815731332,human,0.913,human,0.0
815731333,human,0.975,human,0.0
815731334,human,0.805,human,0.0
815731335,human,0.668,human,0.0
815731336,non_human,0.551,non_human,0.0
815731337,human,0.793,human,0.0
815731338,human,0.702,human,0.0
815731339,non_human,0.624,human,1.0
815731340,non_human,0.826,non_human,0.0
815731341,human,0.595,human,0.0
815731342,human,0.964,human,0.0
815731343,human,0.766,human,0.0
815731344,non_human,0.813,non_human,0.0
815731345,human,0.899,non_human,1.0
815731346,human,0.681,human,0.0
815731347,human,0.515,human,0.0
815731348,human,0.883,human,0.0
815731349,non_human,0.898,non_human,0.0
815731350,human,0.976,human,0.0
815731351,human,0.974,human,0.0
815731352,human,0.96,human,0.0
815731353,human,0.851,human,0.0
815731354,human,0.646,human,0.0
815731355,human,0.8,human,0.0
815731356,non_human,0.736,non_human,0.0
815731357,non_human,0.603,human,1.0
815731358,human,0.993,human,0.0
815731359,human,0.943,human,0.0
815731360,non_human,0.967,non_human,0.0
815731361,human,0.898,human,0.0
815731362,human,0.764,non_human,1.0
815731363,human,0.931,human,0.0
815731364,human,0.507,non_human,1.0
815731365,human,0.974,human,0.0
815731366,human,0.944,human,0.0
815731368,non_human,0.705,human,1.0
815731369,non_human,0.54,non_human,0.0
815731370,non_human,0.701,non_human,0.0
815731371,human,0.539,human,0.0
815731372,non_human,0.851,non_human,0.0
815731373,human,0.881,human,0.0
815731374,human,0.699,human,0.0
815731376,human,0.506,human,0.0
815731377,human,0.959,human,0.0
815731378,human,0.927,human,0.0
815731379,human,0.983,human,0.0
815731380,human,0.795,non_human,1.0
815731382,human,0.929,human,0.0
815731383,human,0.88,human,0.0
815731384,non_human,0.523,human,1.0
815731385,human,0.965,human,0.0
815731386,non_human,0.705,non_human,0.0
815731387,human,0.868,human,0.0
815731388,human,0.649,human,0.0
815731389,human,0.886,human,0.0
815731390,human,0.848,non_human,1.0
815731392,human,0.642,human,0.0
815731393,human,0.788,human,0.0
815731394,non_human,0.561,non_human,0.0
815731395,human,0.985,human,0.0
815731396,human,0.897,human,0.0
815731397,non_human,0.896,non_human,0.0
815731398,human,0.802,non_human,1.0
815731399,human,0.873,non_human,1.0
815731400,human,0.934,non_human,1.0
815731406,human,0.885,human,0.0
815731407,human,0.96,non_human,1.0
815731408,human,0.604,human,0.0
815731409,non_human,0.601,human,1.0
815731410,human,0.903,human,0.0
815731411,non_human,0.562,non_human,0.0
815731412,non_human,0.632,human,1.0
815731413,non_human,0.561,non_human,0.0
815731414,human,0.855,human,0.0
815731415,human,0.987,human,0.0
815731416,human,0.554,human,0.0
815731417,human,0.761,human,0.0
815731418,non_human,0.509,non_human,0.0
815731419,non_human,0.772,human,1.0
815731420,human,0.868,human,0.0
815731421,human,0.994,human,0.0
815731422,human,0.969,human,0.0
815731423,non_human,0.62,non_human,0.0
815731425,human,0.706,human,0.0
815731426,human,0.976,human,0.0
815731427,human,0.982,human,0.0
815731428,non_human,0.682,non_human,0.0
815731431,non_human,0.953,non_human,0.0
815731432,human,0.627,non_human,1.0
815731433,human,0.955,human,0.0
815731434,human,0.931,human,0.0
815731435,human,0.968,human,0.0
815731436,human,0.876,human,0.0
815731437,non_human,0.811,human,1.0
815731439,human,0.944,human,0.0
815731440,human,0.725,human,0.0
815731441,human,0.667,non_human,1.0
815731443,non_human,0.608,human,1.0
815731444,human,0.761,human,0.0
815731447,human,0.728,human,0.0
815731448,human,0.907,human,0.0
815731449,human,0.763,human,0.0
815731450,human,0.883,human,0.0
815731451,human,0.981,human,0.0
815731452,human,0.954,human,0.0
815731453,non_human,0.687,human,1.0
815731454,human,0.935,human,0.0
815731455,human,0.97,human,0.0
815731457,human,0.961,human,0.0
815731459,human,0.887,human,0.0
815731460,human,0.962,human,0.0
815731463,human,0.936,human,0.0
815731464,human,0.973,human,0.0
815731465,human,0.802,human,0.0
815731466,human,0.922,human,0.0
815731467,human,0.964,human,0.0
815731468,human,0.87,human,0.0
815731469,human,0.863,human,0.0
815731471,human,0.861,human,0.0
815731472,non_human,0.507,non_human,0.0
815731473,human,0.813,human,0.0
815731476,human,0.82,human,0.0
815731477,human,0.695,non_human,1.0
815731478,human,0.903,human,0.0
815731479,non_human,0.68,human,1.0
815731480,human,0.606,human,0.0
815731481,human,0.975,human,0.0
815731482,human,0.745,human,0.0
815731483,human,0.926,human,0.0
815731484,non_human,0.518,human,1.0
815731485,human,0.991,human,0.0
815731486,non_human,0.604,human,1.0
815731487,human,0.976,human,0.0
815731488,human,0.996,human,0.0
815731489,human,0.684,human,0.0
815731490,human,0.732,non_human,1.0
815731491,human,0.988,human,0.0
815731492,human,0.549,non_human,1.0
815731493,non_human,0.521,human,1.0
815731494,human,0.842,human,0.0
815731495,human,0.925,human,0.0
815731496,non_human,0.62,non_human,0.0
815731499,human,0.742,human,0.0
815731500,non_human,0.744,non_human,0.0
815731501,human,0.914,human,0.0
815731502,human,0.938,human,0.0
815731503,human,0.979,human,0.0
815731504,human,0.934,human,0.0
815731505,human,0.87,human,0.0
815731508,non_human,0.557,non_human,0.0
815731509,human,0.937,human,0.0
815731510,human,0.717,human,0.0
815731512,human,0.909,human,0.0
815731513,human,0.657,human,0.0
815731514,human,0.543,human,0.0
815731515,human,0.714,human,0.0
815731516,human,0.961,human,0.0
815731517,human,0.66,non_human,1.0
815731518,non_human,0.595,non_human,0.0
815731519,human,0.968,human,0.0
815731520,human,0.818,human,0.0
815731521,human,0.81,human,0.0
815731522,non_human,0.574,non_human,0.0
815731523,human,0.96,human,0.0
815731524,human,0.995,human,0.0
815731525,human,0.698,non_human,1.0
815731526,human,0.937,non_human,1.0
815731527,human,0.806,non_human,1.0
815731528,human,0.982,human,0.0
815731529,human,0.918,human,0.0
815731530,human,0.946,human,0.0
815731531,human,0.668,human,0.0
815731532,human,0.785,human,0.0
815731533,human,0.896,human,0.0
815731534,non_human,0.692,non_human,0.0
815731535,human,0.951,human,0.0
815731536,human,0.992,human,0.0
815731539,non_human,0.621,non_human,0.0
815731541,human,0.774,non_human,1.0
815731543,human,0.876,human,0.0
815731544,non_human,0.94,non_human,0.0
815731545,human,0.849,human,0.0
815731546,non_human,0.948,non_human,0.0
815731547,human,0.785,human,0.0
815731548,human,0.513,human,0.0
815731549,human,0.6,non_human,1.0
815731550,human,0.878,human,0.0
815731551,human,0.901,human,0.0
815731552,human,0.728,human,0.0
815731553,human,0.936,human,0.0
815731555,non_human,0.543,human,1.0
815731557,human,0.927,human,0.0
815731559,human,0.946,human,0.0
815731561,human,0.696,non_human,1.0
815731562,human,0.914,human,0.0
815731563,human,0.869,human,0.0
815731564,human,0.674,non_human,1.0
815731565,human,0.915,human,0.0
815731566,non_human,0.58,non_human,0.0
815731567,human,0.576,human,0.0
815731568,non_human,0.685,non_human,0.0
815731569,non_human,0.512,non_human,0.0
815731570,human,0.908,human,0.0
815731571,human,0.975,human,0.0
815731572,human,0.942,human,0.0
815731573,human,0.917,human,0.0
815731574,human,0.623,non_human,1.0
815731575,human,0.883,human,0.0
815731576,human,0.812,human,0.0
815731577,human,0.863,human,0.0
815731578,human,0.9,human,0.0
815731579,human,0.892,human,0.0
815731580,human,0.897,human,0.0
815731581,human,0.972,human,0.0
815731582,human,0.795,human,0.0
815731584,human,0.593,human,0.0
815731585,non_human,0.795,non_human,0.0
815731586,human,0.845,human,0.0
815731587,human,0.945,human,0.0
815731588,human,0.987,human,0.0
815731589,human,0.945,human,0.0
815731591,human,0.554,non_human,1.0
815731592,human,0.888,human,0.0
815731593,human,0.754,human,0.0
815731594,non_human,0.788,non_human,0.0
815731595,human,0.922,human,0.0
815731596,non_human,0.788,human,1.0
815731598,human,0.962,human,0.0
815731600,human,0.915,human,0.0
815731601,human,0.926,human,0.0
815731602,human,0.965,human,0.0
815731603,human,0.546,human,0.0
815731604,human,0.773,human,0.0
815731605,non_human,0.607,non_human,0.0
815731606,human,0.966,human,0.0
815731607,non_human,0.874,non_human,0.0
815731612,human,0.577,non_human,1.0
815731613,non_human,0.751,human,1.0
815731614,human,0.863,human,0.0
815731615,human,0.763,human,0.0
815731616,human,0.856,non_human,1.0
815731617,human,0.803,human,0.0
815731619,human,0.934,non_human,1.0
815731620,non_human,0.634,human,1.0
815731621,human,0.968,human,0.0
815731622,human,0.871,human,0.0
815731623,non_human,0.705,human,1.0
815731624,non_human,0.651,non_human,0.0
815731625,human,0.884,human,0.0
815731626,human,0.943,human,0.0
815731627,human,0.836,human,0.0
815731628,human,0.926,human,0.0
815731629,human,0.932,human,0.0
815731631,human,0.811,human,0.0
815731632,human,0.941,human,0.0
815731633,human,0.702,human,0.0
815731634,non_human,0.634,human,1.0
815731635,non_human,0.743,non_human,0.0
815731636,human,0.842,human,0.0
815731637,human,0.934,human,0.0
815731638,human,0.758,human,0.0
815731639,human,0.721,non_human,1.0
815731640,human,0.97,human,0.0
815731641,human,0.981,human,0.0
815731642,human,0.902,human,0.0
815731643,human,0.923,human,0.0
815731644,human,0.933,human,0.0
815731645,human,0.813,non_human,1.0
815731646,human,0.777,non_human,1.0
815731647,human,0.975,human,0.0
815731648,human,0.625,human,0.0
815731649,non_human,0.762,non_human,0.0
815731650,human,0.516,human,0.0
815731651,human,0.754,human,0.0
815731652,human,0.972,human,0.0
815731653,human,0.981,human,0.0
815731654,human,0.884,human,0.0
815731655,human,0.683,human,0.0
815731656,human,0.906,human,0.0
815731657,human,0.928,human,0.0
815731658,non_human,0.767,non_human,0.0
815731659,human,0.728,human,0.0
815731660,human,0.94,human,0.0
815731662,non_human,0.651,human,1.0
815731663,human,0.652,human,0.0
815731664,human,0.952,human,0.0
815731665,human,0.88,human,0.0
815731666,human,0.755,non_human,1.0
815731667,human,0.98,human,0.0
815731669,human,0.638,human,0.0
815731670,human,0.978,human,0.0
815731671,human,0.97,human,0.0
815731672,human,0.746,non_human,1.0
815731673,human,0.848,human,0.0
815731675,non_human,0.747,non_human,0.0
815731676,human,0.961,human,0.0
815731677,human,0.624,human,0.0
815731678,human,0.773,human,0.0
815731679,human,0.583,non_human,1.0
815731680,human,0.769,non_human,1.0
815731681,non_human,0.658,non_human,0.0
815731683,human,0.943,human,0.0
815731684,human,0.963,human,0.0
815731685,human,0.687,human,0.0
815731686,human,0.968,human,0.0
815731687,non_human,0.536,human,1.0
815731688,human,0.994,non_human,1.0
815731689,human,0.894,human,0.0
815731690,human,0.629,human,0.0
815731691,non_human,0.598,human,1.0
815731692,human,0.852,non_human,1.0
815731693,human,0.701,non_human,1.0
815731694,human,0.861,human,0.0
815731695,human,0.857,human,0.0
815731696,human,0.827,human,0.0
815731697,human,0.899,human,0.0
815731699,human,0.538,non_human,1.0
815731700,non_human,0.863,non_human,0.0
815731701,human,0.949,human,0.0
815731703,human,0.804,human,0.0
815731704,human,0.552,non_human,1.0
815731705,non_human,0.559,human,1.0
815731706,human,0.956,human,0.0
815731707,human,0.966,human,0.0
815731708,human,0.747,human,0.0
815731709,non_human,0.564,non_human,0.0
815731710,non_human,0.666,non_human,0.0
815731711,human,0.915,human,0.0
815731714,human,0.92,human,0.0
815731715,human,0.946,human,0.0
815731716,human,0.802,non_human,1.0
815731717,human,0.78,human,0.0
815731718,human,0.898,non_human,1.0
815731719,human,0.843,non_human,1.0
815731721,human,0.671,human,0.0
815731722,human,0.846,human,0.0
815731723,human,0.839,human,0.0
815731724,non_human,0.799,non_human,0.0
815731725,human,0.598,non_human,1.0
815731726,human,0.974,human,0.0
815731727,human,0.594,human,0.0
815731728,human,0.71,human,0.0
815731729,human,0.983,human,0.0
815731730,human,0.682,human,0.0
815731732,non_human,0.674,human,1.0
815731733,non_human,0.631,non_human,0.0
815731734,human,0.858,human,0.0
815731735,non_human,0.526,non_human,0.0
815731736,human,0.576,non_human,1.0
815731737,human,0.831,non_human,1.0
815731738,human,0.88,human,0.0
815731739,human,0.817,human,0.0
815731740,non_human,0.736,non_human,0.0
815731741,human,0.959,human,0.0
815731743,human,0.864,human,0.0
815731744,human,0.975,human,0.0
815731745,human,0.547,non_human,1.0
815731746,human,0.981,human,0.0
815731747,human,0.986,human,0.0
815731748,human,0.679,human,0.0
815731749,human,0.566,non_human,1.0
815731750,non_human,0.741,human,1.0
815731751,human,0.976,human,0.0
815731752,non_human,0.562,non_human,0.0
815731753,human,0.966,non_human,1.0
815731754,human,0.691,human,0.0
815731755,non_human,0.834,non_human,0.0
815731756,human,0.985,human,0.0
815731758,human,0.972,human,0.0
815731759,human,0.809,non_human,1.0
815731761,human,0.932,human,0.0
815731762,human,0.544,human,0.0
815731763,non_human,0.571,human,1.0
815731764,human,0.909,human,0.0
815731766,human,0.955,human,0.0
815731767,human,0.816,human,0.0
815731768,non_human,0.723,human,1.0
815731770,human,0.873,human,0.0
815731771,non_human,0.617,non_human,0.0
815731772,human,0.964,non_human,1.0
815731773,human,0.811,human,0.0
815731774,human,0.895,human,0.0
815731775,human,0.854,human,0.0
815731776,human,0.659,non_human,1.0
815731777,non_human,0.542,human,1.0
815731778,human,0.573,non_human,1.0
815731779,human,0.548,human,0.0
815731780,human,0.983,human,0.0
815731781,human,0.707,human,0.0
815731782,human,0.833,human,0.0
815731783,human,0.991,human,0.0
815731784,human,0.902,human,0.0
815731785,human,0.932,human,0.0
815731787,human,0.919,human,0.0
815731788,non_human,0.64,human,1.0
815731789,human,0.871,human,0.0
815731790,human,0.841,human,0.0
815731791,human,0.941,human,0.0
815731792,non_human,0.707,human,1.0
815731793,human,0.99,human,0.0
815731794,human,0.803,human,0.0
815731795,human,0.991,human,0.0
815731796,non_human,0.878,non_human,0.0
815731797,non_human,0.867,non_human,0.0
815731798,human,0.937,human,0.0
815731799,human,0.975,human,0.0
815731800,human,0.985,human,0.0
815731801,non_human,0.574,non_human,0.0
815731802,human,0.763,human,0.0
815731803,non_human,0.841,non_human,0.0
815731804,human,0.942,non_human,1.0
815731805,human,0.908,human,0.0
815731806,human,0.726,human,0.0
815731807,non_human,0.9,non_human,0.0
815731808,human,0.992,human,0.0
815731809,human,0.758,human,0.0
815731810,non_human,0.559,non_human,0.0
815731811,human,0.924,human,0.0
815731812,human,0.795,human,0.0
815731813,human,0.828,human,0.0
815731816,human,0.982,human,0.0
815731817,human,0.986,human,0.0
815731818,human,0.951,human,0.0
815731819,human,0.724,human,0.0
815731820,human,0.659,human,0.0
815731821,human,0.661,non_human,1.0
815731822,human,0.826,non_human,1.0
815731823,human,0.519,non_human,1.0
815731824,non_human,0.626,non_human,0.0
815731826,non_human,0.521,non_human,0.0
815731827,human,0.971,human,0.0
815731828,human,0.778,human,0.0
815731829,human,0.974,human,0.0
815731830,human,0.984,human,0.0
815731831,non_human,0.577,human,1.0
815731833,human,0.53,non_human,1.0
815731834,human,0.897,human,0.0
815731835,human,0.769,human,0.0
815731836,non_human,0.52,human,1.0
815731837,human,0.594,human,0.0
815731838,human,0.903,human,0.0
815731839,human,0.751,human,0.0
815731840,human,0.94,human,0.0
815731841,human,0.818,human,0.0
815731843,human,0.656,human,0.0
815731844,human,0.894,non_human,1.0
815731845,human,0.923,non_human,1.0
815731846,human,0.778,human,0.0
815731847,human,0.851,human,0.0
815731848,human,0.965,human,0.0
815731849,human,0.995,human,0.0
815731850,human,0.866,human,0.0
815731851,non_human,0.544,non_human,0.0
815731852,human,0.817,human,0.0
815731853,human,0.637,human,0.0
815731854,human,0.866,human,0.0
815731855,non_human,0.755,non_human,0.0
815731856,non_human,0.502,non_human,0.0
815731857,non_human,0.713,human,1.0
815731858,non_human,0.619,non_human,0.0
815731859,human,0.897,human,0.0
815731862,human,0.956,human,0.0
815731863,non_human,0.921,non_human,0.0
815731864,non_human,0.591,human,1.0
815731865,human,0.876,human,0.0
815731866,human,0.896,human,0.0
815731868,human,0.888,human,0.0
815731869,non_human,0.577,human,1.0
815731870,human,0.859,human,0.0
815731871,human,0.695,human,0.0
815731872,non_human,0.72,non_human,0.0
815731873,human,0.906,human,0.0
815731874,human,0.907,human,0.0
815731875,human,0.901,human,0.0
815731876,non_human,0.541,human,1.0
815731877,human,0.903,human,0.0
815731878,human,0.986,human,0.0
815731879,human,0.997,human,0.0
815731880,human,0.543,human,0.0
815731881,non_human,0.59,human,1.0
815731882,non_human,0.905,non_human,0.0
815731883,human,0.799,human,0.0
815731884,human,0.991,human,0.0
815731885,human,0.981,human,0.0
815731886,non_human,0.529,human,1.0
815731887,human,0.835,human,0.0
815731888,non_human,0.872,non_human,0.0
815731889,human,0.972,non_human,1.0
815731890,human,0.606,human,0.0
815731891,human,0.802,non_human,1.0
815731892,human,0.808,human,0.0
815731893,human,0.537,human,0.0
815731894,non_human,0.748,non_human,0.0
815731895,human,0.811,human,0.0
815731896,non_human,0.893,non_human,0.0
815731897,human,0.72,human,0.0
815731898,human,0.643,non_human,1.0
815731899,human,0.917,human,0.0
815731901,human,0.732,human,0.0
815731902,human,0.93,human,0.0
815731903,human,0.688,human,0.0
815731904,non_human,0.585,human,1.0
815731905,human,0.995,human,0.0
815731906,human,0.769,human,0.0
815731907,human,0.859,human,0.0
815731908,human,0.98,human,0.0
815731909,human,0.851,human,0.0
815731910,human,0.983,human,0.0
815731911,non_human,0.827,non_human,0.0
815731912,human,0.923,human,0.0
815731913,human,0.53,non_human,1.0
815731914,non_human,0.528,non_human,0.0
815731918,non_human,0.713,non_human,0.0
815731919,human,0.823,human,0.0
815731920,human,0.836,human,0.0
815731921,human,0.72,human,0.0
815731922,non_human,0.751,human,1.0
815731923,non_human,0.725,human,1.0
815731924,human,0.758,human,0.0
815731925,non_human,0.775,non_human,0.0
815731926,human,0.775,non_human,1.0
815731927,human,0.56,non_human,1.0
815731929,human,0.943,human,0.0
815731930,human,0.94,human,0.0
815731931,non_human,0.705,human,1.0
815731932,human,0.982,human,0.0
815731935,human,0.987,human,0.0
815731936,human,0.841,human,0.0
815731937,human,0.919,human,0.0
815731938,human,0.516,non_human,1.0
815731939,non_human,0.922,non_human,0.0
815731940,human,0.66,non_human,1.0
815731942,human,0.877,human,0.0
815731943,human,0.86,human,0.0
815731944,human,0.554,human,0.0
815731945,human,0.764,human,0.0
815731946,human,0.702,human,0.0
815731947,human,0.822,human,0.0
815731948,human,0.83,human,0.0
815731949,non_human,0.787,human,1.0
815731950,human,0.803,human,0.0
815731951,human,0.954,human,0.0
815731952,human,0.798,human,0.0
815731953,non_human,0.728,non_human,0.0
815731954,human,0.927,human,0.0
815731955,human,0.947,human,0.0
815731956,human,0.668,non_human,1.0
815731957,human,0.748,human,0.0
815731959,non_human,0.596,non_human,0.0
815731960,non_human,0.72,non_human,0.0
815731961,human,0.853,human,0.0
815731962,human,0.972,human,0.0
815731963,non_human,0.571,non_human,0.0
815731964,human,0.978,human,0.0
815731965,human,0.874,human,0.0
815731966,human,0.964,human,0.0
815731968,human,0.856,human,0.0
815731969,human,0.968,human,0.0
815731970,non_human,0.616,human,1.0
815731971,human,0.913,human,0.0
815731972,human,0.816,human,0.0
815731973,human,0.857,non_human,1.0
815731974,human,0.659,human,0.0
815731975,non_human,0.514,human,1.0
815731976,human,0.776,human,0.0
815731977,human,0.63,human,0.0
815731978,non_human,0.559,non_human,0.0
815731979,human,0.621,human,0.0
815731980,human,0.504,non_human,1.0
815731981,non_human,0.817,non_human,0.0
815731982,human,0.972,human,0.0
815731983,non_human,0.661,human,1.0
815731986,human,0.944,human,0.0
815731987,human,0.921,human,0.0
815731988,human,0.942,human,0.0
815731989,non_human,0.816,non_human,0.0
815731990,non_human,0.552,human,1.0
815731992,human,0.507,non_human,1.0
815731993,human,0.967,human,0.0
815731994,human,0.772,human,0.0
815731995,human,0.845,human,0.0
815731996,human,0.776,non_human,1.0
815731997,human,0.882,non_human,1.0
815731998,human,0.977,human,0.0
815731999,human,0.887,human,0.0
815732000,human,0.967,human,0.0
815732001,human,0.785,human,0.0
815732002,human,0.695,human,0.0
815732003,human,0.988,human,0.0
815732004,non_human,0.562,non_human,0.0
815732005,human,0.75,human,0.0
815732006,human,0.802,human,0.0
815732007,non_human,0.647,human,1.0
815732008,human,0.783,human,0.0
815732009,human,0.757,non_human,1.0
815732010,human,0.541,human,0.0
815732011,human,0.849,human,0.0
815732012,human,0.966,non_human,1.0
815732013,non_human,0.914,non_human,0.0
815732014,human,0.612,human,0.0
815732015,human,0.786,human,0.0
815732016,human,0.841,non_human,1.0
815732017,human,0.912,human,0.0
815732022,human,0.812,non_human,1.0
815732023,human,0.562,non_human,1.0
815732024,human,0.92,non_human,1.0
815732025,human,0.666,human,0.0
815732026,human,0.536,non_human,1.0
815732027,non_human,0.657,human,1.0
815732028,human,0.951,human,0.0
815732029,human,0.881,human,0.0
815732030,non_human,0.895,non_human,0.0
815732031,human,0.587,human,0.0
815732032,human,0.872,human,0.0
815732033,human,0.974,human,0.0
815732034,non_human,0.77,non_human,0.0
815732035,non_human,0.791,non_human,0.0
815732036,human,0.801,non_human,1.0
815732037,human,0.853,non_human,1.0
815732038,human,0.9,human,0.0
815732039,non_human,0.528,non_human,0.0
815732040,human,0.965,human,0.0
815732041,human,0.818,human,0.0
815732042,human,0.97,human,0.0
815732043,human,0.972,human,0.0
815732044,human,0.908,human,0.0
815732045,human,0.788,human,0.0
815732046,human,0.828,human,0.0
815732047,human,0.804,human,0.0
815732048,human,0.955,human,0.0
815732049,human,0.693,non_human,1.0
815732050,non_human,0.565,human,1.0
815732051,human,0.888,human,0.0
815732052,human,0.884,human,0.0
815732053,non_human,0.604,human,1.0
815732054,human,0.965,human,0.0
815732055,human,0.916,human,0.0
815732056,human,0.855,human,0.0
815732057,human,0.847,human,0.0
815732058,non_human,0.614,non_human,0.0
815732059,human,0.736,human,0.0
815732060,non_human,0.908,non_human,0.0
815732061,human,0.933,human,0.0
815732062,human,0.978,human,0.0
815732063,non_human,0.571,human,1.0
815732064,human,0.81,human,0.0
815732065,human,0.981,human,0.0
815732066,human,0.836,human,0.0
815732067,human,0.876,human,0.0
815732068,human,0.971,human,0.0
815732071,human,0.769,human,0.0
815732073,human,0.921,human,0.0
815732074,non_human,0.535,non_human,0.0
815732075,human,0.937,human,0.0
815732076,human,0.774,human,0.0
815732078,non_human,0.685,non_human,0.0
815732079,human,0.931,human,0.0
815732080,non_human,0.644,human,1.0
815732081,non_human,0.783,non_human,0.0
815732082,non_human,0.664,non_human,0.0
815732083,human,0.815,human,0.0
815732084,non_human,0.532,non_human,0.0
815732085,human,0.975,human,0.0
815732086,non_human,0.537,non_human,0.0
815732087,human,0.969,human,0.0
815732088,human,0.637,human,0.0
815732089,human,0.905,human,0.0
815732091,human,0.624,non_human,1.0
815732092,human,0.551,human,0.0
815732093,human,0.738,human,0.0
815732094,human,0.954,human,0.0
815732095,non_human,0.566,non_human,0.0
815732096,non_human,0.581,human,1.0
815732097,human,0.727,human,0.0
815732098,human,0.591,human,0.0
815732099,human,0.94,human,0.0
815732100,human,0.808,human,0.0
815732101,human,0.976,human,0.0
815732102,non_human,0.794,non_human,0.0
815732103,human,0.884,human,0.0
815732104,human,0.763,human,0.0
815732105,human,0.83,non_human,1.0
815732106,human,0.879,human,0.0
815732107,human,0.689,human,0.0
815732108,human,0.511,human,0.0
815732109,human,0.566,human,0.0
815732110,human,0.899,human,0.0
815732112,non_human,0.671,non_human,0.0
815732113,human,0.541,human,0.0
815732114,human,0.921,human,0.0
815732115,human,0.848,human,0.0
815732116,human,0.907,human,0.0
815732117,human,0.959,human,0.0
815732118,human,0.679,human,0.0
815732119,human,0.936,human,0.0
815732120,human,0.963,human,0.0
815732121,human,0.508,non_human,1.0
815732124,human,0.811,human,0.0
815732125,human,0.962,human,0.0
815732127,human,0.554,human,0.0
815732128,human,0.931,human,0.0
815732129,non_human,0.628,non_human,0.0
815732130,human,0.988,human,0.0
815732131,human,0.951,human,0.0
815732132,human,0.889,human,0.0
815732133,human,0.922,human,0.0
815732134,human,0.796,human,0.0
815732135,human,0.737,human,0.0
815732136,human,0.688,non_human,1.0
815732137,human,0.938,human,0.0
815732138,human,0.556,non_human,1.0
815732139,human,0.915,human,0.0
815732140,human,0.955,human,0.0
815732141,human,0.956,human,0.0
815732142,human,0.59,human,0.0
815732143,human,0.957,human,0.0
815732144,human,0.558,human,0.0
815732145,non_human,0.816,human,1.0
815732146,non_human,0.743,non_human,0.0
815732147,human,0.714,human,0.0
815732148,human,0.886,human,0.0
815732149,human,0.633,non_human,1.0
815732150,human,0.524,non_human,1.0
815732152,human,0.748,non_human,1.0
815732153,human,0.874,human,0.0
815732154,non_human,0.642,human,1.0
815732155,non_human,0.823,non_human,0.0
815732156,human,0.874,human,0.0
815732157,human,0.964,human,0.0
815732158,non_human,0.636,human,1.0
815732160,human,0.718,human,0.0
815732162,human,0.961,human,0.0
815732163,human,0.853,human,0.0
815732164,human,0.847,human,0.0
815732165,human,0.918,human,0.0
815732166,human,0.992,human,0.0
815732167,human,0.94,human,0.0
815732168,non_human,0.579,non_human,0.0
815732169,human,0.985,human,0.0
815732170,human,0.645,human,0.0
815732171,human,0.966,human,0.0
815732172,human,0.968,human,0.0
815732173,non_human,0.938,non_human,0.0
815732174,human,0.956,human,0.0
815732175,non_human,0.728,human,1.0
815732176,human,0.732,human,0.0
815732177,non_human,0.781,non_human,0.0
815732178,human,0.975,non_human,1.0
815732179,human,0.6,human,0.0
815732180,human,0.594,human,0.0
815732181,human,0.852,human,0.0
815732182,human,0.806,human,0.0
815732183,non_human,0.699,non_human,0.0
815732184,human,0.953,human,0.0
815732185,human,0.807,human,0.0
815732187,non_human,0.536,non_human,0.0
815732188,non_human,0.562,non_human,0.0
815732190,human,0.929,non_human,1.0
815732191,non_human,0.521,non_human,0.0
815732192,human,0.898,human,0.0
815732193,human,0.936,human,0.0
815732194,human,0.817,human,0.0
815732195,human,0.869,human,0.0
815732196,human,0.827,human,0.0
815732197,human,0.988,human,0.0
815732198,human,0.942,human,0.0
815732199,human,0.791,human,0.0
815732200,human,0.924,human,0.0
815732201,human,0.956,human,0.0
815732203,human,0.914,non_human,1.0
815732204,non_human,0.826,non_human,0.0
815732205,human,0.644,human,0.0
815732206,human,0.797,human,0.0
815732207,non_human,0.739,non_human,0.0
815732208,human,0.849,human,0.0
815732209,non_human,0.698,non_human,0.0
815732211,human,0.994,human,0.0
815732212,human,0.53,non_human,1.0
815732213,non_human,0.51,non_human,0.0
815732214,human,0.92,human,0.0
815732215,human,0.541,human,0.0
815732216,non_human,0.554,human,1.0
815732217,human,0.766,human,0.0
815732218,human,0.98,human,0.0
815732220,human,0.715,human,0.0
815732221,human,0.847,human,0.0
815732222,non_human,0.833,human,1.0
815732223,non_human,0.699,non_human,0.0
815732229,human,0.922,human,0.0
815732230,non_human,0.616,non_human,0.0
815732231,human,0.966,human,0.0
815732232,human,0.958,human,0.0
815732233,non_human,0.546,human,1.0
815732234,non_human,0.639,non_human,0.0
815732235,human,0.804,human,0.0
815732236,human,0.897,human,0.0
815732237,human,0.764,non_human,1.0
815732238,non_human,0.539,non_human,0.0
815732239,non_human,0.531,non_human,0.0
815732240,human,0.834,human,0.0
815732241,human,0.972,human,0.0
815732242,non_human,0.706,human,1.0
815732243,human,0.949,human,0.0
815732244,human,0.863,human,0.0
815732245,human,0.935,human,0.0
815732246,human,0.882,non_human,1.0
815732247,non_human,0.543,non_human,0.0
815732248,human,0.81,human,0.0
815732249,human,0.667,human,0.0
815732250,non_human,0.716,non_human,0.0
815732251,human,0.95,human,0.0
815732252,human,0.775,human,0.0
815732253,human,0.81,human,0.0
815732254,non_human,0.86,non_human,0.0
815732256,human,0.884,human,0.0
815732257,human,0.949,human,0.0
815732258,human,0.917,human,0.0
815732259,non_human,0.572,human,1.0
815732260,human,0.791,human,0.0
815732261,human,0.866,human,0.0
815732262,human,0.523,human,0.0
815732263,human,0.91,human,0.0
815732264,human,0.836,human,0.0
815732265,non_human,0.531,non_human,0.0
815732266,human,0.634,human,0.0
815732267,non_human,0.507,human,1.0
815732268,human,0.667,non_human,1.0
815732269,human,0.89,human,0.0
815732270,human,0.826,human,0.0
815732272,human,0.979,human,0.0
815732273,non_human,0.565,non_human,0.0
815732274,human,0.926,human,0.0
815732276,human,0.865,human,0.0
815732277,human,0.503,human,0.0
815732278,non_human,0.612,human,1.0
815732279,human,0.85,human,0.0
815732280,human,0.988,human,0.0
815732281,human,0.516,non_human,1.0
815732282,non_human,0.905,non_human,0.0
815732283,human,0.896,human,0.0
815732284,non_human,0.579,non_human,0.0
815732285,non_human,0.708,non_human,0.0
815732286,human,0.864,human,0.0
815732287,human,0.698,human,0.0
815732288,non_human,0.518,human,1.0
815732289,human,0.944,human,0.0
815732290,human,0.888,non_human,1.0
815732291,non_human,0.666,non_human,0.0
815732292,human,0.975,human,0.0
815732293,human,0.988,human,0.0
815732294,human,0.874,human,0.0
815732295,human,0.992,human,0.0
815732296,non_human,0.733,human,1.0
815732297,human,0.808,human,0.0
815732298,human,0.973,human,0.0
815732299,human,0.852,non_human,1.0
815732300,human,0.955,human,0.0
815732301,human,0.889,human,0.0
815732302,human,0.948,human,0.0
815732303,human,0.505,non_human,1.0
815732304,non_human,0.644,non_human,0.0
815732305,human,0.821,human,0.0
815732306,human,0.904,human,0.0
815732307,human,0.925,non_human,1.0
815732308,human,0.987,human,0.0
815732309,human,0.749,human,0.0
815732312,human,0.93,human,0.0
815732313,human,0.502,human,0.0
815732315,human,0.587,non_human,1.0
815732316,non_human,0.721,non_human,0.0
815732317,human,0.912,human,0.0
815732319,human,0.962,human,0.0
815732320,human,0.942,human,0.0
815732321,human,0.98,human,0.0
815732322,human,0.65,human,0.0
815732323,human,0.751,human,0.0
815732324,human,0.972,human,0.0
815732325,human,0.819,human,0.0
815732326,non_human,0.788,human,1.0
815732327,human,0.962,human,0.0
815732333,human,0.63,non_human,1.0
815732334,human,0.735,human,0.0
815732335,human,0.761,human,0.0
815732336,non_human,0.889,non_human,0.0
815732337,non_human,0.586,non_human,0.0
815732338,non_human,0.79,non_human,0.0
815732340,human,0.944,human,0.0
815732341,human,0.894,non_human,1.0
815732342,non_human,0.641,non_human,0.0
815732343,human,0.92,non_human,1.0
815732344,non_human,0.879,non_human,0.0
815732346,human,0.978,human,0.0
815732347,human,0.815,human,0.0
815732348,human,0.862,human,0.0
815732349,human,0.615,human,0.0
815732350,human,0.659,human,0.0
815732351,non_human,0.888,non_human,0.0
815732352,human,0.824,human,0.0
815732353,human,0.871,human,0.0
815732354,human,0.929,human,0.0
815732355,human,0.937,human,0.0
815732356,human,0.775,human,0.0
815732357,non_human,0.698,non_human,0.0
815732358,human,0.849,human,0.0
815732359,human,0.851,human,0.0
815732360,human,0.897,non_human,1.0
815732361,human,0.803,human,0.0
815732363,human,0.955,human,0.0
815732364,human,0.628,non_human,1.0
815732365,human,0.852,human,0.0
815732366,human,0.782,non_human,1.0
815732368,human,0.911,human,0.0
815732369,non_human,0.744,non_human,0.0
815732371,human,0.788,human,0.0
815732372,human,0.915,human,0.0
815732373,human,0.955,human,0.0
815732374,human,0.819,human,0.0
815732376,human,0.783,human,0.0
815732378,non_human,0.923,non_human,0.0
815732379,human,0.964,human,0.0
815732380,human,0.825,human,0.0
815732381,human,0.934,human,0.0
815732382,human,0.881,human,0.0
815732383,non_human,0.578,non_human,0.0
815732384,human,0.92,human,0.0
815732385,non_human,0.527,non_human,0.0
815732386,non_human,0.502,non_human,0.0
815732387,human,0.924,human,0.0
815732388,non_human,0.873,human,1.0
815732389,non_human,0.587,human,1.0
815732390,human,0.937,human,0.0
815732391,human,0.682,human,0.0
815732392,human,0.739,human,0.0
815732393,human,0.992,human,0.0
815732394,human,0.929,human,0.0
815732395,human,0.946,human,0.0
815732396,human,0.677,non_human,1.0
815732397,non_human,0.897,human,1.0
815732398,human,0.9,non_human,1.0
815732400,human,0.901,human,0.0
815732401,non_human,0.545,human,1.0
815732402,human,0.981,human,0.0
815732403,non_human,0.827,non_human,0.0
815732406,human,0.54,non_human,1.0
815732407,human,0.963,non_human,1.0
815732408,human,0.765,human,0.0
815732409,human,0.888,human,0.0
815732410,human,0.698,human,0.0
815732411,non_human,0.634,non_human,0.0
815732412,human,0.956,human,0.0
815732413,human,0.942,human,0.0
815732414,human,0.82,non_human,1.0
815732415,human,0.977,non_human,1.0
815732416,non_human,0.58,non_human,0.0
815732417,non_human,0.748,non_human,0.0
815732418,human,0.729,non_human,1.0
815732419,non_human,0.779,non_human,0.0
815732420,human,0.904,human,0.0
815732421,human,0.832,non_human,1.0
815732422,human,0.986,human,0.0
815732423,human,0.989,human,0.0
815732424,human,0.578,non_human,1.0
815732425,human,0.83,human,0.0
815732426,human,0.527,human,0.0
815732427,non_human,0.576,human,1.0
815732428,human,0.794,human,0.0
815732429,non_human,0.756,human,1.0
815732430,human,0.954,human,0.0
815732431,human,0.718,human,0.0
815732432,non_human,0.649,non_human,0.0
815732436,human,0.971,human,0.0
815732437,non_human,0.732,human,1.0
815732438,human,0.851,human,0.0
815732439,human,0.897,human,0.0
815732440,non_human,0.688,human,1.0
815732441,human,0.917,human,0.0
815732442,human,0.944,human,0.0
815732444,human,0.903,human,0.0
815732446,non_human,0.914,non_human,0.0
815732448,human,0.895,non_human,1.0
815732449,non_human,0.941,non_human,0.0
815732450,human,0.993,human,0.0
815732452,non_human,0.668,non_human,0.0
815732453,non_human,0.85,non_human,0.0
815732454,human,0.976,human,0.0
815732455,human,0.982,human,0.0
815732456,human,0.834,human,0.0
815732457,human,0.908,human,0.0
815732458,human,0.827,human,0.0
815732460,non_human,0.548,human,1.0
815732461,human,0.834,non_human,1.0
815732462,human,0.743,human,0.0
815732463,non_human,0.774,human,1.0
815732464,non_human,0.662,non_human,0.0
815732465,human,0.978,human,0.0
815732466,human,0.97,human,0.0
815732467,human,0.741,human,0.0
815732468,non_human,0.693,human,1.0
815732469,human,0.96,human,0.0
815732470,human,0.976,human,0.0
815732471,non_human,0.816,non_human,0.0
815732472,human,0.632,human,0.0
815732473,human,0.939,human,0.0
815732474,human,0.595,human,0.0
815732475,non_human,0.571,non_human,0.0
815732476,human,0.998,human,0.0
815732477,non_human,0.599,non_human,0.0
815732478,human,0.991,human,0.0
815732479,human,0.982,human,0.0
815732480,human,0.892,human,0.0
815732481,human,0.56,human,0.0
815732482,human,0.648,human,0.0
815732483,human,0.869,non_human,1.0
815732484,human,0.552,non_human,1.0
815732485,non_human,0.655,non_human,0.0
815732486,human,0.882,human,0.0
815732487,human,0.637,non_human,1.0
815732490,human,0.699,human,0.0
815732491,human,0.927,human,0.0
815732492,non_human,0.707,non_human,0.0
815732493,human,0.623,non_human,1.0
815732494,non_human,0.635,non_human,0.0
815732495,human,0.795,non_human,1.0
815732496,human,0.908,human,0.0
815732497,human,0.962,human,0.0
815732498,non_human,0.554,non_human,0.0
815732499,human,0.638,non_human,1.0
815732500,human,0.756,human,0.0
815732501,non_human,0.808,non_human,0.0
815732502,human,0.526,human,0.0
815732503,human,0.893,human,0.0
815732504,non_human,0.701,human,1.0
815732505,non_human,0.542,human,1.0
815732506,human,0.91,human,0.0
815732507,human,0.681,non_human,1.0
815732508,non_human,0.552,human,1.0
815732509,human,0.822,human,0.0
815732510,human,0.696,human,0.0
815732511,human,0.661,human,0.0
815732512,human,0.76,human,0.0
815732514,human,0.929,human,0.0
815732515,human,0.927,human,0.0
815732516,human,0.825,human,0.0
815732517,non_human,0.597,non_human,0.0
815732518,non_human,0.567,non_human,0.0
815732519,human,0.882,human,0.0
815732520,human,0.765,non_human,1.0
815732521,non_human,0.501,non_human,0.0
815732522,human,0.892,human,0.0
815732523,human,0.95,human,0.0
815732524,human,0.639,non_human,1.0
815732526,human,0.745,non_human,1.0
815732527,human,0.912,human,0.0
815732528,human,0.928,human,0.0
815732529,human,0.552,non_human,1.0
815732530,non_human,0.612,non_human,0.0
815732531,human,0.771,non_human,1.0
815732533,human,0.983,human,0.0
815732534,non_human,0.522,non_human,0.0
815732535,non_human,0.872,non_human,0.0
815732539,human,0.757,human,0.0
815732540,human,0.956,human,0.0
815732541,human,0.766,non_human,1.0
815732542,human,0.638,human,0.0
815732543,human,0.607,human,0.0
815732544,non_human,0.95,non_human,0.0
815732545,human,0.901,human,0.0
815732546,non_human,0.579,non_human,0.0
815732547,non_human,0.628,non_human,0.0
815732548,human,0.904,human,0.0
815732549,human,0.881,human,0.0
815732551,human,0.993,human,0.0
815732552,human,0.955,human,0.0
815732553,human,0.791,human,0.0
815732554,non_human,0.7,human,1.0
815732556,human,0.9,human,0.0
815732558,non_human,0.53,non_human,0.0
815732559,human,0.701,human,0.0
815732560,human,0.723,non_human,1.0
815732562,human,0.542,non_human,1.0
815732563,human,0.807,human,0.0
815732564,human,0.538,non_human,1.0
815732565,human,0.848,human,0.0
815732566,human,0.806,human,0.0
815732567,human,0.804,non_human,1.0
815732568,non_human,0.633,non_human,0.0
815732569,non_human,0.8,non_human,0.0
815732570,human,0.979,human,0.0
815732571,human,0.839,human,0.0
815732572,human,0.966,human,0.0
815732574,non_human,0.746,non_human,0.0
815732575,human,0.602,human,0.0
815732576,human,0.597,non_human,1.0
815732577,non_human,0.719,non_human,0.0
815732578,human,0.788,human,0.0
815732579,human,0.928,human,0.0
815732580,human,0.983,human,0.0
815732581,human,0.667,non_human,1.0
815732584,human,0.627,human,0.0
815732585,human,0.574,human,0.0
815732587,non_human,0.769,non_human,0.0
815732588,human,0.976,human,0.0
815732589,human,0.985,human,0.0
815732590,human,0.705,human,0.0
815732591,human,0.543,human,0.0
815732592,human,0.875,human,0.0
815732594,human,0.883,non_human,1.0
815732595,non_human,0.747,non_human,0.0
815732597,human,0.832,human,0.0
815732598,human,0.767,non_human,1.0
815732599,human,0.865,non_human,1.0
815732600,human,0.788,human,0.0
815732601,human,0.804,human,0.0
815732602,non_human,0.657,non_human,0.0
815732603,non_human,0.655,human,1.0
815732604,human,0.604,non_human,1.0
815732605,human,0.893,human,0.0
815732606,human,0.581,human,0.0
815732607,human,0.825,human,0.0
815732608,non_human,0.64,non_human,0.0
815732609,human,0.947,human,0.0
815732610,human,0.971,human,0.0
815732611,non_human,0.695,non_human,0.0
815732612,human,0.536,human,0.0
815732613,human,0.971,human,0.0
815732615,non_human,0.837,non_human,0.0
815732616,human,0.565,non_human,1.0
815732617,human,0.552,non_human,1.0
815732618,non_human,0.724,non_human,0.0
815732619,non_human,0.792,non_human,0.0
815732620,human,0.974,human,0.0
815732621,human,0.821,non_human,1.0
815732622,human,0.652,human,0.0
815732623,human,0.619,non_human,1.0
815732624,human,0.99,human,0.0
815732625,human,0.577,non_human,1.0
815732626,non_human,0.611,human,1.0
815732627,human,0.831,human,0.0
815732628,non_human,0.891,non_human,0.0
815732629,non_human,0.562,human,1.0
815732630,non_human,0.611,non_human,0.0
815732631,human,0.867,human,0.0
815732632,human,0.824,human,0.0
815732633,non_human,0.521,human,1.0
815732634,human,0.983,human,0.0
815732635,human,0.787,non_human,1.0
815732636,human,0.975,human,0.0
815732637,human,0.995,human,0.0
815732638,non_human,0.724,non_human,0.0
815732640,human,0.974,human,0.0
815732641,human,0.504,non_human,1.0
815732642,human,0.51,non_human,1.0
815732643,non_human,0.507,human,1.0
815732644,human,0.652,human,0.0
815732645,human,0.911,human,0.0
815732646,non_human,0.61,non_human,0.0
815732647,human,0.94,non_human,1.0
815732648,non_human,0.82,non_human,0.0
815732649,human,0.758,human,0.0
815732650,human,0.939,non_human,1.0
815732651,human,0.746,human,0.0
815732652,human,0.908,human,0.0
815732653,human,0.65,non_human,1.0
815732654,human,0.879,human,0.0
815732656,non_human,0.525,human,1.0
815732657,non_human,0.828,non_human,0.0
815732659,human,0.903,human,0.0
815732660,non_human,0.843,non_human,0.0
815732661,human,0.944,human,0.0
815732662,non_human,0.915,non_human,0.0
815732663,human,0.911,human,0.0
815732664,non_human,0.72,non_human,0.0
815732665,human,0.744,human,0.0
815732666,human,0.524,non_human,1.0
815732667,human,0.915,human,0.0
815732668,human,0.792,human,0.0
815732669,non_human,0.751,non_human,0.0
815732670,human,0.822,human,0.0
815732671,human,0.94,human,0.0
815732672,human,0.561,human,0.0
815732673,human,0.784,non_human,1.0
815732674,human,0.66,non_human,1.0
815732675,human,0.934,human,0.0
815732676,human,0.69,human,0.0
815732677,human,0.974,human,0.0
815732678,non_human,0.679,non_human,0.0
815732680,human,0.985,human,0.0
815732682,non_human,0.686,non_human,0.0
815732683,human,0.984,human,0.0
815732684,human,0.921,human,0.0
815732685,human,0.97,human,0.0
815732686,non_human,0.866,human,1.0
815732687,human,0.679,human,0.0
815732688,human,0.865,human,0.0
815732689,human,0.788,human,0.0
815732690,human,0.506,non_human,1.0
815732691,human,0.541,human,0.0
815732692,human,0.974,human,0.0
815732693,non_human,0.789,non_human,0.0
815732694,human,0.682,human,0.0
815732695,human,0.942,human,0.0
815732696,human,0.869,human,0.0
815732697,human,0.964,human,0.0
815732699,human,0.562,non_human,1.0
815732700,human,0.85,human,0.0
815732701,human,0.893,human,0.0
815732702,non_human,0.732,human,1.0
815732703,human,0.696,non_human,1.0
815732704,human,0.905,human,0.0
815732705,human,0.812,human,0.0
815732706,human,0.689,human,0.0
815732707,human,0.813,human,0.0
815732708,human,0.995,human,0.0
815732709,non_human,0.849,non_human,0.0
815732710,human,0.64,human,0.0
815732711,human,0.824,human,0.0
815732712,human,0.853,human,0.0
815732713,human,0.969,human,0.0
815732715,human,0.855,human,0.0
815732716,human,0.912,human,0.0
815732717,non_human,0.668,non_human,0.0
815732719,human,0.92,human,0.0
815732720,human,0.956,human,0.0
815732721,human,0.859,non_human,1.0
815732722,human,0.934,human,0.0
815732723,human,0.931,human,0.0
815732724,human,0.562,human,0.0
815732725,human,0.96,human,0.0
815732726,human,0.681,non_human,1.0
815732727,human,0.981,human,0.0
815732728,non_human,0.57,human,1.0
815732729,human,0.977,human,0.0
815732730,non_human,0.623,non_human,0.0
815732731,human,0.81,human,0.0
815732732,human,0.94,human,0.0
815732735,non_human,0.54,non_human,0.0
815732736,human,0.829,human,0.0
815732737,non_human,0.591,human,1.0
815732738,human,0.769,non_human,1.0
815732739,human,0.891,human,0.0
815732742,human,0.566,human,0.0
815732743,human,0.661,human,0.0
815732744,human,0.88,human,0.0
815732745,human,0.738,human,0.0
815732746,human,0.919,human,0.0
815732747,non_human,0.538,human,1.0
815732748,human,0.636,non_human,1.0
815732749,human,0.945,human,0.0
815732750,human,0.838,human,0.0
815732751,human,0.944,non_human,1.0
815732753,human,0.784,non_human,1.0
815732754,human,0.689,non_human,1.0
815732755,human,0.958,human,0.0
815732756,human,0.926,human,0.0
815732757,human,0.932,human,0.0
815732758,human,0.942,human,0.0
815732759,human,0.573,non_human,1.0
815732760,non_human,0.758,non_human,0.0
815732761,human,0.88,non_human,1.0
815732762,non_human,0.735,non_human,0.0
815732763,human,0.875,non_human,1.0
815732764,non_human,0.662,human,1.0
815732765,human,0.859,human,0.0
815732766,human,0.971,human,0.0
815732767,non_human,0.671,non_human,0.0
815732769,human,0.89,non_human,1.0
815732770,non_human,0.851,non_human,0.0
815732771,human,0.981,human,0.0
815732772,human,0.825,human,0.0
815732774,non_human,0.832,human,1.0
815732775,human,0.973,human,0.0
815732776,non_human,0.502,human,1.0
815732777,human,0.763,human,0.0
815732778,human,0.84,human,0.0
815732779,non_human,0.899,non_human,0.0
815732780,human,0.806,non_human,1.0
815732781,human,0.831,non_human,1.0
815732782,non_human,0.799,non_human,0.0
815732783,non_human,0.562,non_human,0.0
815732784,human,0.939,human,0.0
815732785,human,0.699,human,0.0
815732786,human,0.942,human,0.0
815732787,human,0.787,human,0.0
815732788,non_human,0.753,non_human,0.0
815732789,non_human,0.556,human,1.0
815732791,non_human,0.543,human,1.0
815732792,human,0.73,human,0.0
815732793,human,0.9,human,0.0
815732794,non_human,0.54,non_human,0.0
815732795,human,0.773,human,0.0
815732796,human,0.987,human,0.0
815732797,human,0.553,non_human,1.0
815732798,human,0.971,human,0.0
815732799,human,0.933,human,0.0
815732800,human,0.569,non_human,1.0
815732801,human,0.619,non_human,1.0
815732802,human,0.869,human,0.0
815732803,human,0.924,human,0.0
815732804,human,0.893,human,0.0
815732805,human,0.63,human,0.0
815732806,human,0.979,human,0.0
815732807,human,0.841,human,0.0
815732808,human,0.953,human,0.0
815732809,human,0.848,human,0.0
815732811,human,0.906,human,0.0
815732812,human,0.859,human,0.0
815732813,human,0.743,human,0.0
815732814,non_human,0.624,non_human,0.0
815732815,human,0.946,human,0.0
815732816,human,0.771,human,0.0
815732817,non_human,0.582,human,1.0
815732818,human,0.841,human,0.0
815732819,human,0.953,human,0.0
815732820,non_human,0.71,non_human,0.0
815732821,human,0.892,human,0.0
815732822,human,0.974,human,0.0
815732823,non_human,0.671,non_human,0.0
815732824,human,0.978,human,0.0
815732825,non_human,0.686,non_human,0.0
815732826,human,0.586,non_human,1.0
815732828,non_human,0.526,non_human,0.0
815732829,human,0.961,human,0.0
815732830,human,0.936,human,0.0
815732831,non_human,0.638,non_human,0.0
815732832,non_human,0.572,non_human,0.0
815732833,human,0.937,human,0.0
815732834,human,0.697,non_human,1.0
815732835,human,0.904,human,0.0
815732836,non_human,0.691,non_human,0.0
815732837,human,0.846,human,0.0
815732838,human,0.941,non_human,1.0
815732839,non_human,0.685,non_human,0.0
815732840,human,0.925,human,0.0
815732841,human,0.682,human,0.0
815732844,human,0.998,human,0.0
815732845,human,0.684,human,0.0
815732847,non_human,0.751,non_human,0.0
815732848,non_human,0.792,non_human,0.0
815732849,non_human,0.701,non_human,0.0
815732850,human,0.915,non_human,1.0
815732852,human,0.962,human,0.0
815732853,human,0.929,human,0.0
815732854,human,0.618,human,0.0
815732856,human,0.994,human,0.0
815732857,human,0.969,human,0.0
815732858,human,0.97,human,0.0
815732859,human,0.741,human,0.0
815732860,human,0.697,human,0.0
815732861,human,0.819,human,0.0
815732862,human,0.914,human,0.0
815732863,non_human,0.707,human,1.0
815732864,human,0.977,human,0.0
815732865,non_human,0.823,non_human,0.0
815732866,human,0.867,human,0.0
815732867,human,0.671,human,0.0
815732868,human,0.954,human,0.0
815732869,human,0.963,human,0.0
815732870,human,0.969,human,0.0
815732871,human,0.807,non_human,1.0
815732872,human,0.937,human,0.0
815732873,human,0.714,human,0.0
815732874,human,0.961,human,0.0
815732875,non_human,0.83,non_human,0.0
815732876,non_human,0.582,non_human,0.0
815732877,human,0.963,human,0.0
815732878,human,0.926,non_human,1.0
815732879,non_human,0.693,non_human,0.0
815732880,human,0.977,human,0.0
815732881,human,0.954,human,0.0
815732882,human,0.991,human,0.0
815732883,human,0.561,human,0.0
815732884,non_human,0.571,non_human,0.0
815732886,human,0.895,human,0.0
815732887,non_human,0.674,non_human,0.0
815732888,human,0.964,human,0.0
815732889,human,0.966,human,0.0
815732890,human,0.87,human,0.0
815732891,human,0.951,human,0.0
815732892,human,0.859,human,0.0
815732893,human,0.947,human,0.0
815732895,human,0.907,human,0.0
815732896,human,0.882,human,0.0
815732897,human,0.964,human,0.0
815732898,human,0.996,human,0.0
815732899,non_human,0.656,non_human,0.0
815732900,human,0.648,human,0.0
815732901,human,0.89,non_human,1.0
815732902,human,0.686,non_human,1.0
815732905,non_human,0.596,non_human,0.0
815732906,human,0.758,human,0.0
815732907,human,0.722,human,0.0
815732908,human,0.825,human,0.0
815732909,human,0.765,human,0.0
815732911,human,0.879,human,0.0
815732912,human,0.926,human,0.0
815732913,human,0.651,human,0.0
815732914,human,0.54,non_human,1.0
815732915,human,0.993,human,0.0
815732916,human,0.791,human,0.0
815732917,human,0.706,non_human,1.0
815732918,human,0.903,human,0.0
815732919,human,0.86,human,0.0
815732920,human,0.92,non_human,1.0
815732921,human,0.82,human,0.0
815732922,human,0.937,human,0.0
815732923,human,0.971,human,0.0
815732924,human,0.637,non_human,1.0
815732925,human,0.719,human,0.0
815732926,human,0.988,human,0.0
815732928,human,0.681,non_human,1.0
815732929,human,0.937,human,0.0
815732930,non_human,0.578,non_human,0.0
815732931,human,0.773,human,0.0
815732932,non_human,0.52,human,1.0
815732934,human,0.864,non_human,1.0
815732935,human,0.906,human,0.0
815732936,non_human,0.518,human,1.0
815732937,non_human,0.582,human,1.0
815732938,human,0.859,human,0.0
815732939,human,0.929,human,0.0
815732940,human,0.942,human,0.0
815732941,non_human,0.896,non_human,0.0
815732942,human,0.957,human,0.0
815732943,human,0.774,human,0.0
815732945,human,0.838,human,0.0
815732946,human,0.766,human,0.0
815732947,human,0.865,human,0.0
815732948,non_human,0.682,non_human,0.0
815732949,human,0.663,human,0.0
815732950,non_human,0.752,non_human,0.0
815732951,human,0.605,human,0.0
815732952,human,0.779,human,0.0
815732953,human,0.947,human,0.0
815732954,non_human,0.884,non_human,0.0
815732955,non_human,0.539,non_human,0.0
815732956,human,0.863,human,0.0
815732958,non_human,0.593,human,1.0
815732959,human,0.782,human,0.0
815732960,human,0.883,human,0.0
815732961,human,0.989,human,0.0
815732962,non_human,0.587,human,1.0
815732963,human,0.894,human,0.0
815732964,human,0.682,human,0.0
815732965,non_human,0.813,non_human,0.0
815732967,human,0.952,human,0.0
815732968,human,0.77,human,0.0
815732969,human,0.933,human,0.0
815732970,human,0.978,human,0.0
815732971,human,0.942,human,0.0
815732972,human,0.721,human,0.0
815732973,human,0.73,human,0.0
815732974,human,0.986,human,0.0
815732975,human,0.94,human,0.0
815732977,non_human,0.737,human,1.0
815732978,human,0.921,human,0.0
815732979,non_human,0.716,non_human,0.0
815732980,human,0.941,human,0.0
815732981,human,0.858,human,0.0
815732982,non_human,0.578,non_human,0.0
815732983,human,0.968,human,0.0
815732984,non_human,0.67,non_human,0.0
815732985,non_human,0.652,non_human,0.0
815732986,human,0.798,human,0.0
815732987,human,0.925,human,0.0
815732988,human,0.975,human,0.0
815732989,non_human,0.546,non_human,0.0
815732990,non_human,0.504,non_human,0.0
815732991,human,0.935,human,0.0
815732993,human,0.873,human,0.0
815732994,human,0.776,human,0.0
815732996,human,0.668,human,0.0
815732997,human,0.672,human,0.0
815732999,human,0.998,human,0.0
815733000,human,0.854,human,0.0
815733001,non_human,0.632,non_human,0.0
815733002,human,0.922,non_human,1.0
815733003,human,0.961,human,0.0
815733004,human,0.822,human,0.0
815733005,human,0.805,non_human,1.0
815733006,human,0.765,human,0.0
815733007,human,0.83,human,0.0
815733009,human,0.836,human,0.0
815733010,human,0.806,human,0.0
815733011,non_human,0.787,non_human,0.0
815733012,human,0.59,non_human,1.0
815733013,human,0.97,non_human,1.0
815733014,non_human,0.834,non_human,0.0
815733015,human,0.577,human,0.0
815733017,human,0.757,non_human,1.0
815733018,human,0.691,human,0.0
815733019,human,0.621,non_human,1.0
815733021,human,0.946,human,0.0
815733022,human,0.765,non_human,1.0
815733023,human,0.973,human,0.0
815733026,non_human,0.53,non_human,0.0
815733027,human,0.815,human,0.0
815733028,human,0.886,human,0.0
815733030,human,0.96,human,0.0
815733031,human,0.948,human,0.0
815733032,human,0.918,human,0.0
815733033,human,0.81,human,0.0
815733034,human,0.859,human,0.0
815733035,human,0.6,human,0.0
815733036,human,0.705,human,0.0
815733038,non_human,0.517,non_human,0.0
815733039,human,0.865,human,0.0
815733040,non_human,0.58,human,1.0
815733041,human,0.76,human,0.0
815733042,non_human,0.513,non_human,0.0
815733043,human,0.929,human,0.0
815733044,non_human,0.815,non_human,0.0
815733045,non_human,0.594,non_human,0.0
815733049,human,0.654,human,0.0
815733050,human,0.642,non_human,1.0
815733051,human,0.986,human,0.0
815733052,human,0.58,non_human,1.0
815733053,human,0.643,human,0.0
815733054,human,0.918,human,0.0
815733055,human,0.702,non_human,1.0
815733056,human,0.991,human,0.0
815733057,non_human,0.576,non_human,0.0
815733059,non_human,0.55,non_human,0.0
815733060,human,0.986,human,0.0
815733061,human,0.753,human,0.0
815733062,human,0.723,human,0.0
815733063,non_human,0.517,human,1.0
815733064,human,0.96,human,0.0
815733066,human,0.731,non_human,1.0
815733067,non_human,0.611,human,1.0
815733068,human,0.97,human,0.0
815733069,human,0.94,human,0.0
815733071,human,0.577,human,0.0
815733072,non_human,0.583,non_human,0.0
815733074,non_human,0.552,non_human,0.0
815733075,human,0.918,human,0.0
815733076,non_human,0.706,human,1.0
815733077,human,0.55,human,0.0
815733078,human,0.852,human,0.0
815733079,human,0.963,human,0.0
815733080,human,0.739,non_human,1.0
815733081,human,0.964,human,0.0
815733083,human,0.908,human,0.0
815733084,human,0.72,human,0.0
815733085,human,0.885,human,0.0
815733086,human,0.789,non_human,1.0
815733087,human,0.717,human,0.0
815733088,human,0.893,non_human,1.0
815733089,human,0.778,human,0.0
815733090,human,0.542,human,0.0
815733092,non_human,0.657,non_human,0.0
815733093,non_human,0.639,non_human,0.0
815733094,non_human,0.582,human,1.0
815733095,non_human,0.701,non_human,0.0
815733096,human,0.662,non_human,1.0
815733098,human,0.924,human,0.0
815733099,human,0.932,human,0.0
815733100,human,0.866,non_human,1.0
815733101,non_human,0.764,non_human,0.0
815733102,human,0.885,human,0.0
815733104,human,0.58,non_human,1.0
815733105,human,0.919,human,0.0
815733106,human,0.958,human,0.0
815733107,human,0.834,non_human,1.0
815733108,human,0.984,human,0.0
815733109,non_human,0.789,human,1.0
815733110,human,0.745,human,0.0
815733111,non_human,0.55,non_human,0.0
815733112,non_human,0.537,human,1.0
815733114,human,0.939,human,0.0
815733115,human,0.9,human,0.0
815733117,human,0.66,non_human,1.0
815733118,human,0.762,human,0.0
815733119,human,0.629,non_human,1.0
815733120,human,0.869,non_human,1.0
815733121,human,0.504,non_human,1.0
815733122,human,0.96,human,0.0
815733123,human,0.619,non_human,1.0
815733124,human,0.989,human,0.0
815733125,human,0.864,human,0.0
815733126,human,0.933,human,0.0
815733127,human,0.588,non_human,1.0
815733130,human,0.805,non_human,1.0
815733131,human,0.971,human,0.0
815733132,human,0.899,human,0.0
815733133,non_human,0.677,human,1.0
815733134,human,0.988,human,0.0
815733135,human,0.975,human,0.0
815733136,non_human,0.717,non_human,0.0
815733137,human,0.805,human,0.0
815733138,human,0.916,human,0.0
815733139,non_human,0.59,non_human,0.0
815733140,human,0.873,human,0.0
815733141,human,0.958,human,0.0
815733142,human,0.927,human,0.0
815733143,human,0.525,human,0.0
815733144,human,0.974,human,0.0
815733145,human,0.806,human,0.0
815733146,human,0.502,non_human,1.0
815733147,human,0.963,human,0.0
815733151,human,0.889,human,0.0
815733152,human,0.962,human,0.0
815733153,human,0.701,non_human,1.0
815733154,human,0.887,human,0.0
815733155,human,0.974,human,0.0
815733156,non_human,0.988,human,1.0
815733157,human,0.638,human,0.0
815733158,human,0.504,non_human,1.0
815733159,human,0.753,human,0.0
815733160,human,0.917,non_human,1.0
815733161,human,0.955,human,0.0
815733162,human,0.955,human,0.0
815733163,human,0.831,human,0.0
815733164,non_human,0.67,human,1.0
815733165,human,0.734,human,0.0
815733166,non_human,0.635,non_human,0.0
815733167,human,0.903,human,0.0
815733168,human,0.964,human,0.0
815733169,human,0.943,human,0.0
815733171,human,0.856,non_human,1.0
815733172,human,0.841,human,0.0
815733174,human,0.938,non_human,1.0
815733175,human,0.771,non_human,1.0
815733176,human,0.824,non_human,1.0
815733177,human,0.844,human,0.0
815733178,human,0.937,human,0.0
815733179,human,0.755,human,0.0
815733180,human,0.977,human,0.0
815733181,human,0.528,human,0.0
815733182,human,0.856,non_human,1.0
815733183,human,0.831,human,0.0
815733184,human,0.648,non_human,1.0
815733185,human,0.968,human,0.0
815733186,human,0.993,human,0.0
815733187,human,0.665,human,0.0
815733188,human,0.923,human,0.0
815733189,non_human,0.744,human,1.0
815733190,human,0.654,human,0.0
815733191,human,0.918,human,0.0
815733192,human,0.71,non_human,1.0
815733194,human,0.914,human,0.0
815733195,human,0.588,non_human,1.0
815733196,human,0.935,non_human,1.0
815733197,non_human,0.512,non_human,0.0
815733199,human,0.878,non_human,1.0
815733200,non_human,0.827,non_human,0.0
815733201,human,0.782,human,0.0
815733202,non_human,0.712,non_human,0.0
815733203,non_human,0.637,non_human,0.0
815733204,human,0.866,human,0.0
815733205,non_human,0.608,non_human,0.0
815733206,human,0.984,human,0.0
815733207,human,0.972,human,0.0
815733208,human,0.976,human,0.0
815733209,human,0.833,human,0.0
815733210,human,0.914,human,0.0
815733211,human,0.528,human,0.0
815733212,human,0.992,human,0.0
815733213,human,0.565,human,0.0
815733214,human,0.932,non_human,1.0
815733215,human,0.88,human,0.0
815733216,human,0.908,human,0.0
815733217,human,0.878,human,0.0
815733218,human,0.904,human,0.0
815733220,human,0.861,non_human,1.0
815733221,human,0.971,human,0.0
815733222,non_human,0.635,non_human,0.0
815733223,human,0.685,human,0.0
815733224,human,0.666,human,0.0
815733226,non_human,0.542,non_human,0.0
815733227,human,0.733,non_human,1.0
815733228,non_human,0.634,non_human,0.0
815733229,non_human,0.612,non_human,0.0
815733230,human,0.7,human,0.0
815733231,human,0.673,non_human,1.0
815733232,human,0.553,non_human,1.0
815733233,human,0.967,human,0.0
815733235,human,0.904,human,0.0
815733236,human,0.936,human,0.0
815733237,human,0.631,human,0.0
815733238,human,0.985,human,0.0
815733239,human,0.952,human,0.0
815733240,human,0.988,human,0.0
815733241,non_human,0.852,non_human,0.0
815733242,human,0.959,human,0.0
815733243,human,0.819,human,0.0
815733244,human,0.934,human,0.0
815733245,human,0.881,non_human,1.0
815733246,human,0.855,human,0.0
815733247,human,0.842,human,0.0
815733248,human,0.904,human,0.0
815733249,non_human,0.569,human,1.0
815733250,human,0.945,human,0.0
815733253,human,0.947,human,0.0
815733254,human,0.744,human,0.0
815733255,human,0.949,human,0.0
815733256,human,0.853,human,0.0
815733257,human,0.833,human,0.0
815733258,non_human,0.754,human,1.0
815733259,human,0.998,human,0.0
815733260,human,0.585,non_human,1.0
815733261,human,0.766,human,0.0
815733262,human,0.8,human,0.0
815733263,human,0.986,human,0.0
815733264,human,0.84,human,0.0
815733265,human,0.937,human,0.0
815733266,human,0.952,human,0.0
815733267,human,0.909,human,0.0
815733268,human,0.845,human,0.0
815733269,human,0.565,non_human,1.0
815733270,non_human,0.542,non_human,0.0
815733271,non_human,0.566,human,1.0
815733272,human,0.694,non_human,1.0
815733273,human,0.959,human,0.0
815733274,human,0.98,human,0.0
815733275,human,0.827,human,0.0
815733276,non_human,0.706,non_human,0.0
815733277,non_human,0.815,non_human,0.0
815733278,human,0.967,human,0.0
815733279,human,0.963,human,0.0
815733283,human,0.985,human,0.0
815733284,human,0.925,human,0.0
815733285,human,0.966,human,0.0
815733286,human,0.952,human,0.0
815733287,human,0.876,human,0.0
815733288,non_human,0.859,non_human,0.0
815733289,human,0.913,human,0.0
815733290,human,0.965,human,0.0
815733291,human,0.553,human,0.0
815733292,human,0.79,non_human,1.0
815733293,human,0.828,human,0.0
815733294,human,0.961,human,0.0
815733295,human,0.974,human,0.0
815733296,human,0.96,human,0.0
815733297,human,0.748,human,0.0
815733298,human,0.957,non_human,1.0
815733299,non_human,0.805,non_human,0.0
815733300,human,0.723,human,0.0
815733302,human,0.786,human,0.0
815733303,human,0.907,human,0.0
815733304,human,0.976,human,0.0
815733306,human,0.948,human,0.0
815733307,human,0.896,human,0.0
815733308,human,0.894,human,0.0
815733309,non_human,0.834,non_human,0.0
815733310,human,0.876,human,0.0
815733312,human,0.673,non_human,1.0
815733313,human,0.789,human,0.0
815733314,human,0.866,human,0.0
815733315,human,0.966,human,0.0
815733316,human,0.824,non_human,1.0
815733317,human,0.987,human,0.0
815733318,human,0.89,human,0.0
815733321,human,0.928,human,0.0
815733323,human,0.699,human,0.0
815733324,human,0.894,human,0.0
815733325,human,0.711,human,0.0
815733327,human,0.628,non_human,1.0
815733328,human,0.752,human,0.0
815733330,human,0.844,human,0.0
815733331,human,0.996,human,0.0
815733332,human,0.984,human,0.0
815733333,human,0.975,human,0.0
815733336,human,0.642,non_human,1.0
815733337,human,0.83,human,0.0
815733338,human,0.513,human,0.0
815733339,human,0.953,human,0.0
815733340,human,0.625,human,0.0
815733341,human,0.883,human,0.0
815733342,human,0.692,human,0.0
815733343,human,0.957,human,0.0
815733344,human,0.915,human,0.0
815733345,human,0.884,human,0.0
815733346,human,0.93,human,0.0
815733347,human,0.927,non_human,1.0
815733348,human,0.963,human,0.0
815733349,human,0.738,human,0.0
815733350,human,0.943,human,0.0
815733351,human,0.83,human,0.0
815733352,human,0.617,non_human,1.0
815733355,human,0.547,human,0.0
815733356,human,0.905,non_human,1.0
815733357,human,0.767,human,0.0
815733358,human,0.576,non_human,1.0
815733359,non_human,0.602,non_human,0.0
815733360,human,0.848,human,0.0
815733361,human,0.94,human,0.0
815733362,non_human,0.56,human,1.0
815733363,human,0.854,human,0.0
815733364,human,0.991,human,0.0
815733365,human,0.939,human,0.0
815733366,human,0.967,human,0.0
815733367,human,0.924,human,0.0
815733369,human,0.885,human,0.0
815733370,human,0.961,human,0.0
815733371,non_human,0.524,human,1.0
815733372,human,0.946,human,0.0
815733373,human,0.781,human,0.0
815733374,human,0.881,non_human,1.0
815733375,human,0.866,non_human,1.0
815733376,human,0.812,non_human,1.0
815733377,human,0.898,human,0.0
815733378,human,0.905,human,0.0
815733379,human,0.796,human,0.0
815733380,human,0.819,human,0.0
815733381,human,0.972,human,0.0
815733382,human,0.98,human,0.0
815733383,human,0.87,human,0.0
815733384,human,0.599,human,0.0
815733385,human,0.916,human,0.0
815733386,human,0.918,human,0.0
815733387,human,0.982,human,0.0
815733389,human,0.889,human,0.0
815733390,human,0.873,human,0.0
815733391,human,0.951,human,0.0
815733392,non_human,0.536,non_human,0.0
815733394,non_human,0.608,non_human,0.0
815733395,human,0.506,human,0.0
815733396,non_human,0.714,non_human,0.0
815733397,human,0.652,non_human,1.0
815733398,human,0.773,human,0.0
815733400,human,0.974,human,0.0
815733401,human,0.58,human,0.0
815733402,human,0.787,human,0.0
815733403,human,0.897,human,0.0
815733404,human,0.954,human,0.0
815733405,human,0.9,human,0.0
815733406,human,0.994,human,0.0
815733407,human,0.898,human,0.0
815733408,human,0.564,non_human,1.0
815733409,non_human,0.821,non_human,0.0
815733411,human,0.923,human,0.0
815733412,human,0.96,human,0.0
815733413,human,0.936,human,0.0
815733414,human,0.868,human,0.0
815733415,human,0.616,human,0.0
815733416,human,0.997,human,0.0
815733417,non_human,0.636,human,1.0
815733418,human,0.736,human,0.0
815733419,human,0.556,non_human,1.0
815733420,human,0.808,human,0.0
815733422,human,0.925,human,0.0
815733423,human,0.585,human,0.0
815733425,human,0.822,human,0.0
815733426,human,0.957,human,0.0
815733427,human,0.677,non_human,1.0
815733429,non_human,0.577,human,1.0
815733430,human,0.98,human,0.0
815733431,human,0.959,human,0.0
815733432,non_human,0.841,non_human,0.0
815733433,human,0.936,non_human,1.0
815733434,human,0.982,human,0.0
815733435,human,0.856,human,0.0
815733436,human,0.993,human,0.0
815733437,human,0.875,human,0.0
815733438,human,0.537,human,0.0
815733441,human,0.895,human,0.0
815733442,human,0.902,human,0.0
815733443,human,0.809,non_human,1.0
815733444,human,0.814,non_human,1.0
815733445,human,0.975,human,0.0
815733447,human,0.891,human,0.0
815733448,non_human,0.61,non_human,0.0
815733449,human,0.972,human,0.0
815733450,human,0.95,human,0.0
815733451,human,0.617,human,0.0
815733452,non_human,0.56,non_human,0.0
815733453,non_human,0.525,human,1.0
815733454,human,0.53,human,0.0
815733457,human,0.996,human,0.0
815733458,human,0.858,human,0.0
815733459,human,0.931,human,0.0
815733460,human,0.913,human,0.0
815733462,human,0.586,human,0.0
815733463,human,0.905,human,0.0
815733464,human,0.82,non_human,1.0
815733465,human,0.957,human,0.0
815733466,human,0.987,human,0.0
815733467,non_human,0.806,human,1.0
815733468,human,0.931,non_human,1.0
815733469,non_human,0.576,non_human,0.0
815733470,human,0.697,human,0.0
815733471,human,0.74,human,0.0
815733472,human,0.945,human,0.0
815733473,human,0.989,human,0.0
815733474,non_human,0.602,non_human,0.0
815733475,human,0.981,human,0.0
815733476,human,0.911,human,0.0
815733477,human,0.866,human,0.0
815733479,non_human,0.589,human,1.0
815733480,human,0.962,non_human,1.0
815733481,non_human,0.54,non_human,0.0
815733482,non_human,0.508,human,1.0
815733483,human,0.852,human,0.0
815733484,human,0.664,human,0.0
815733485,human,0.844,human,0.0
815733486,human,0.926,human,0.0
815733487,human,0.956,human,0.0
815733488,non_human,0.864,non_human,0.0
815733489,human,0.859,human,0.0
815733490,non_human,0.837,non_human,0.0
815733491,human,0.795,non_human,1.0
815733492,human,0.958,human,0.0
815733493,human,0.786,human,0.0
815733494,human,0.788,human,0.0
815733495,human,0.968,human,0.0
815733496,non_human,0.582,non_human,0.0
815733497,human,0.931,human,0.0
815733498,human,0.877,human,0.0
815733499,human,0.977,human,0.0
815733500,human,0.887,human,0.0
815733501,human,0.524,human,0.0
815733503,human,0.95,human,0.0
815733504,human,0.951,non_human,1.0
815733505,human,0.769,human,0.0
815733506,human,0.92,human,0.0
815733507,non_human,0.549,non_human,0.0
815733508,human,0.953,human,0.0
815733509,human,0.846,human,0.0
815733510,human,0.872,human,0.0
815733511,non_human,0.709,human,1.0
815733512,non_human,0.695,human,1.0
815733513,human,0.719,non_human,1.0
815733514,non_human,0.705,human,1.0
815733515,human,0.984,human,0.0
815733516,human,0.503,human,0.0
815733518,human,0.827,human,0.0
815733519,human,0.916,non_human,1.0
815733520,human,0.99,human,0.0
815733521,human,0.981,human,0.0
815733522,human,0.926,human,0.0
815733523,human,0.896,human,0.0
815733524,human,0.883,human,0.0
815733526,human,0.933,human,0.0
815733527,human,0.653,human,0.0
815733528,human,0.849,human,0.0
815733529,human,0.705,human,0.0
815733531,human,0.997,human,0.0
815733532,human,0.947,human,0.0
815733535,human,0.801,human,0.0
815733536,human,0.833,human,0.0
815733537,human,0.771,human,0.0
815733538,human,0.81,human,0.0
815733539,human,0.971,human,0.0
815733540,human,0.743,human,0.0
815733541,human,0.852,human,0.0
815733542,non_human,0.596,non_human,0.0
815733543,human,0.942,human,0.0
815733546,human,0.643,human,0.0
815733547,human,0.567,human,0.0
815733548,human,0.935,human,0.0
815733549,human,0.963,human,0.0
815733550,human,0.538,non_human,1.0
815733551,non_human,0.726,human,1.0
815733552,human,0.826,human,0.0
815733553,non_human,0.546,non_human,0.0
815733554,human,0.936,human,0.0
815733555,human,0.916,human,0.0
815733556,non_human,0.693,non_human,0.0
815733557,human,0.56,human,0.0
815733558,human,0.561,human,0.0
815733559,human,0.866,human,0.0
815733560,human,0.589,human,0.0
815733561,human,0.795,human,0.0
815733562,human,0.647,non_human,1.0
815733563,human,0.922,human,0.0
815733564,human,0.96,human,0.0
815733566,human,0.708,human,0.0
815733567,human,0.707,non_human,1.0
815733568,human,0.829,human,0.0
815733569,human,0.924,human,0.0
815733570,human,0.957,human,0.0
815733571,human,0.838,human,0.0
815733572,human,0.854,human,0.0
815733574,human,0.882,human,0.0
815733576,human,0.934,human,0.0
815733577,human,0.794,non_human,1.0
815733578,human,0.997,human,0.0
815733579,human,0.976,human,0.0
815733580,human,0.662,human,0.0
815733581,human,0.894,human,0.0
815733582,human,0.81,non_human,1.0
815733584,human,0.519,non_human,1.0
815733585,human,0.945,human,0.0
815733586,non_human,0.502,non_human,0.0
815733587,non_human,0.83,human,1.0
815733588,human,0.524,human,0.0
815733589,human,0.914,human,0.0
815733590,human,0.985,human,0.0
815733591,human,0.908,human,0.0
815733592,human,0.947,human,0.0
815733593,human,0.739,non_human,1.0
815733594,human,0.83,non_human,1.0
815733596,human,0.854,human,0.0
815733597,human,0.795,human,0.0
815733598,human,0.945,human,0.0
815733599,human,0.597,human,0.0
815733600,human,0.917,human,0.0
815733601,human,0.847,human,0.0
815733602,human,0.885,human,0.0
815733603,human,0.545,non_human,1.0
815733604,human,0.814,non_human,1.0
815733605,human,0.954,human,0.0
815733606,non_human,0.666,non_human,0.0
815733607,human,0.899,human,0.0
815733608,human,0.942,human,0.0
815733609,human,0.802,human,0.0
815733610,human,0.966,human,0.0
815733611,human,0.87,human,0.0
815733612,human,0.902,human,0.0
815733613,human,0.941,human,0.0
815733614,human,0.941,human,0.0
815733615,human,0.967,human,0.0
815733616,human,0.704,human,0.0
815733617,human,0.878,human,0.0
815733618,human,0.912,non_human,1.0
815733619,human,0.969,human,0.0
815733620,human,0.804,human,0.0
815733621,non_human,0.588,non_human,0.0
815733622,non_human,0.708,non_human,0.0
815733623,human,0.925,human,0.0
815733624,human,0.744,human,0.0
815733625,human,0.986,human,0.0
815733626,human,0.817,human,0.0
815733627,human,0.957,human,0.0
815733628,human,0.581,human,0.0
815733630,human,0.99,human,0.0
815733632,human,0.993,human,0.0
815733633,human,0.97,human,0.0
815733634,human,0.873,human,0.0
815733635,human,0.918,non_human,1.0
815733636,human,0.615,human,0.0
815733637,human,0.857,non_human,1.0
815733639,non_human,0.541,non_human,0.0
815733641,human,0.983,human,0.0
815733642,human,0.872,human,0.0
815733643,human,0.942,human,0.0
815733644,human,0.928,non_human,1.0
815733645,human,0.605,human,0.0
815733646,human,0.856,human,0.0
815733647,human,0.886,human,0.0
815733648,human,0.883,human,0.0
815733649,non_human,0.632,non_human,0.0
815733651,non_human,0.809,human,1.0
815733652,human,0.938,human,0.0
815733653,human,0.974,human,0.0
815733654,human,0.826,human,0.0
815733655,human,0.609,human,0.0
815733656,human,0.978,human,0.0
815733657,human,0.7,human,0.0
815733660,human,0.918,human,0.0
815733661,human,0.552,non_human,1.0
815733662,human,0.832,human,0.0
815733663,human,0.567,non_human,1.0
815733664,human,0.974,human,0.0
815733665,human,0.552,non_human,1.0
815733666,human,0.832,human,0.0
815733667,human,0.874,human,0.0
815733668,human,0.964,non_human,1.0
815733669,non_human,0.529,human,1.0
815733670,human,0.869,human,0.0
815733671,human,0.53,non_human,1.0
815733672,human,0.87,human,0.0
815733673,human,0.599,non_human,1.0
815733675,human,0.813,non_human,1.0
815733676,human,0.816,human,0.0
815733677,human,0.866,human,0.0
815733678,human,0.963,human,0.0
815733679,non_human,0.602,human,1.0
815733680,human,0.991,human,0.0
815733681,human,0.648,non_human,1.0
815733682,human,0.962,human,0.0
815733683,human,0.95,human,0.0
815733684,human,0.828,human,0.0
815733685,human,0.609,human,0.0
815733686,human,0.945,human,0.0
815733687,human,0.893,human,0.0
815733688,human,0.921,human,0.0
815733689,non_human,0.52,human,1.0
815733690,human,0.679,human,0.0
815733691,human,0.913,human,0.0
815733692,non_human,0.807,non_human,0.0
815733693,non_human,0.609,non_human,0.0
815733694,non_human,0.72,human,1.0
815733695,human,0.764,human,0.0
815733696,human,0.777,human,0.0
815733697,human,0.679,non_human,1.0
815733698,human,0.931,non_human,1.0
815733699,human,0.942,human,0.0
815733701,non_human,0.583,non_human,0.0
815733702,non_human,0.863,non_human,0.0
815733703,human,0.703,non_human,1.0
815733704,human,0.938,human,0.0
815733705,human,0.854,human,0.0
815733706,human,0.894,human,0.0
815733707,human,0.967,human,0.0
815733708,non_human,0.513,human,1.0
815733709,human,0.883,human,0.0
815733710,human,0.989,human,0.0
815733711,human,0.94,human,0.0
815733712,human,0.971,human,0.0
815733713,human,0.949,human,0.0
815733714,human,0.792,human,0.0
815733715,human,0.833,human,0.0
815733716,human,0.845,non_human,1.0
815733717,human,0.993,human,0.0
815733718,human,0.712,non_human,1.0
815733719,human,0.869,human,0.0
815733721,human,0.661,human,0.0
815733722,human,0.933,human,0.0
815733723,human,0.769,human,0.0
815733724,human,0.909,human,0.0
815733726,non_human,0.634,human,1.0
815733727,human,0.749,non_human,1.0
815733728,human,0.942,human,0.0
815733729,human,0.573,non_human,1.0
815733730,human,0.735,human,0.0
815733731,human,0.958,human,0.0
815733732,human,0.958,human,0.0
815733733,human,0.821,non_human,1.0
815733734,non_human,0.574,non_human,0.0
815733735,human,0.984,human,0.0
815733736,human,0.594,non_human,1.0
815733737,non_human,0.58,human,1.0
815733738,human,0.947,human,0.0
815733739,human,0.795,human,0.0
815733740,human,0.917,human,0.0
815733741,human,0.699,human,0.0
815733742,human,0.979,human,0.0
815733744,non_human,0.837,non_human,0.0
815733745,human,0.702,human,0.0
815733746,non_human,0.836,non_human,0.0
815733747,human,0.753,human,0.0
815733748,human,0.937,human,0.0
815733749,human,0.943,human,0.0
815733750,human,0.78,human,0.0
815733751,human,0.885,human,0.0
815733752,human,0.976,human,0.0
815733753,human,0.874,non_human,1.0
815733756,human,0.754,human,0.0
815733757,non_human,0.507,human,1.0
815733758,human,0.613,human,0.0
815733759,human,0.966,human,0.0
815733763,human,0.939,human,0.0
815733764,human,0.986,human,0.0
815733765,human,0.539,human,0.0
815733766,human,0.739,human,0.0
815733767,human,0.842,human,0.0
815733768,human,0.673,non_human,1.0
815733769,human,0.917,human,0.0
815733770,human,0.881,non_human,1.0
815733771,human,0.893,human,0.0
815733772,human,0.662,human,0.0
815733773,human,0.958,human,0.0
815733774,human,0.991,human,0.0
815733775,human,0.852,human,0.0
815733776,human,0.959,human,0.0
815733777,human,0.853,human,0.0
815733778,human,0.908,human,0.0
815733780,human,0.585,human,0.0
815733781,non_human,0.602,non_human,0.0
815733782,human,0.822,human,0.0
815733783,human,0.665,human,0.0
815733785,human,0.605,human,0.0
815733786,human,0.842,human,0.0
815733788,human,0.594,human,0.0
815733789,human,0.809,human,0.0
815733790,human,0.994,human,0.0
815733791,human,0.909,human,0.0
815733793,human,0.534,non_human,1.0
815733794,human,0.958,human,0.0
815733796,human,0.951,human,0.0
815733797,human,0.901,human,0.0
815733798,human,0.975,human,0.0
815733800,human,0.979,human,0.0
815733801,human,0.936,human,0.0
815733802,human,0.989,human,0.0
815733803,human,0.865,human,0.0
815733804,non_human,0.649,human,1.0
815733805,human,0.857,human,0.0
815733806,human,0.915,human,0.0
815733807,human,0.569,human,0.0
815733808,human,0.975,human,0.0
815733809,human,0.952,human,0.0
815733810,human,0.777,non_human,1.0
815733811,non_human,0.776,non_human,0.0
815733812,human,0.719,human,0.0
815733813,human,0.87,human,0.0
815733814,human,0.895,human,0.0
815733815,human,0.982,human,0.0
815733817,human,0.882,human,0.0
815733818,human,0.805,human,0.0
815733819,non_human,0.586,human,1.0
815733821,human,0.937,human,0.0
815733823,non_human,0.836,human,1.0
815733824,human,0.97,human,0.0
815733826,human,0.59,human,0.0
815733828,human,0.744,non_human,1.0
815733829,human,0.96,human,0.0
815733831,human,0.945,non_human,1.0
815733833,human,0.796,human,0.0
815733835,human,0.958,non_human,1.0
815733836,human,0.885,human,0.0
815733837,human,0.502,non_human,1.0
815733839,human,0.977,human,0.0
815733840,human,0.878,human,0.0
815733841,human,0.901,human,0.0
815733842,human,0.984,human,0.0
815733843,human,0.853,human,0.0
815733844,human,0.933,human,0.0
815733845,human,0.9,non_human,1.0
815733846,human,0.68,human,0.0
815733847,human,0.94,human,0.0
815733848,human,0.973,human,0.0
815733849,human,0.958,human,0.0
815733850,human,0.842,human,0.0
815733851,human,0.605,non_human,1.0
815733852,human,0.646,human,0.0
815733853,human,0.779,human,0.0
815733854,non_human,0.869,human,1.0
815733855,human,0.989,human,0.0
815733856,human,0.979,human,0.0
815733858,human,0.904,non_human,1.0
815733859,human,0.656,human,0.0
815733860,non_human,0.508,human,1.0
815733861,human,0.592,non_human,1.0
815733862,human,0.881,human,0.0
815733866,human,0.991,human,0.0
815733867,human,0.993,human,0.0
815733868,human,0.899,human,0.0
815733870,human,0.93,human,0.0
815733871,human,0.991,human,0.0
815733872,human,0.946,human,0.0
815733873,human,0.968,human,0.0
815733874,human,0.861,human,0.0
815733875,human,0.708,human,0.0
815733876,human,0.98,human,0.0
815733877,human,0.967,human,0.0
815733879,human,0.675,non_human,1.0
815733880,human,0.959,human,0.0
815733881,human,0.975,human,0.0
815733882,human,0.731,human,0.0
815733883,human,0.935,human,0.0
815733884,human,0.996,human,0.0
815733885,human,0.989,human,0.0
815733886,human,0.982,human,0.0
815733887,human,0.941,human,0.0
815733889,human,0.935,human,0.0
815733890,human,0.955,human,0.0
815733891,human,0.54,non_human,1.0
815733892,non_human,0.689,human,1.0
815733893,human,0.838,human,0.0
815733894,human,0.773,human,0.0
815733895,non_human,0.74,non_human,0.0
815733896,human,0.505,human,0.0
815733897,non_human,0.772,human,1.0
815733899,human,0.796,human,0.0
815733900,human,0.977,human,0.0
815733901,non_human,0.765,non_human,0.0
815733902,human,0.865,human,0.0
815733903,human,0.7,non_human,1.0
815733904,human,0.892,human,0.0
815733905,human,0.936,human,0.0
815733906,human,0.981,human,0.0
815733907,human,0.918,human,0.0
815733908,human,0.945,human,0.0
815733909,human,0.943,human,0.0
815733911,human,0.505,human,0.0
815733912,human,0.967,human,0.0
815733913,non_human,0.606,human,1.0
815733914,human,0.898,human,0.0
815733915,human,0.963,human,0.0
815733916,human,0.987,human,0.0
815733917,human,0.968,human,0.0
815733918,human,0.965,human,0.0
815733919,human,0.854,human,0.0
815733920,human,0.78,human,0.0
815733921,human,0.796,non_human,1.0
815733922,human,0.799,non_human,1.0
815733923,human,0.937,human,0.0
815733924,non_human,0.836,non_human,0.0
815733926,human,0.897,human,0.0
815733927,human,0.813,human,0.0
815733928,human,0.905,human,0.0
815733929,human,0.613,non_human,1.0
815733930,human,0.92,human,0.0
815733931,human,0.925,human,0.0
815733932,human,0.837,human,0.0
815733933,human,0.873,human,0.0
815733934,human,0.993,human,0.0
815733935,non_human,0.836,human,1.0
815733936,human,0.774,human,0.0
815733937,human,0.915,human,0.0
815733938,human,0.588,human,0.0
815733939,human,0.819,human,0.0
815733940,human,0.938,human,0.0
815733941,non_human,0.574,human,1.0
815733942,human,0.583,non_human,1.0
815733943,human,0.849,non_human,1.0
815733944,human,0.864,human,0.0
815733945,human,0.929,human,0.0
815733946,human,0.907,human,0.0
815733947,non_human,0.617,non_human,0.0
815733948,human,0.933,human,0.0
815733949,human,0.588,human,0.0
815733950,human,0.934,human,0.0
815733951,human,0.96,human,0.0
815733952,human,0.963,human,0.0
815733953,non_human,0.623,non_human,0.0
815733954,human,0.909,human,0.0
815733955,human,0.946,human,0.0
815733956,human,0.964,human,0.0
815733957,human,0.56,human,0.0
815733958,human,0.817,human,0.0
815733959,human,0.951,human,0.0
815733960,human,0.92,non_human,1.0
815733961,human,0.776,human,0.0
815733962,human,0.556,human,0.0
815733963,human,0.981,human,0.0
815733964,human,0.905,human,0.0
815733966,human,0.96,non_human,1.0
815733967,human,0.909,human,0.0
815733968,human,0.889,human,0.0
815733969,human,0.736,human,0.0
815733970,human,0.947,human,0.0
815733971,human,0.767,non_human,1.0
815733972,human,0.973,human,0.0
815733974,human,0.983,human,0.0
815733975,human,0.964,human,0.0
815733976,human,0.961,human,0.0
815733977,human,0.952,human,0.0
815733978,human,0.883,human,0.0
815733979,human,0.997,human,0.0
815733981,human,0.857,human,0.0
815733982,human,0.847,human,0.0
815733983,human,0.953,human,0.0
815733985,human,0.978,human,0.0
815733986,human,0.733,human,0.0
815733987,human,0.723,human,0.0
815733988,human,0.977,human,0.0
815733989,human,0.957,human,0.0
815733990,human,0.883,human,0.0
815733991,human,0.704,human,0.0
815733992,human,0.825,non_human,1.0
815733993,human,0.854,human,0.0
815733995,human,0.56,human,0.0
815733996,human,0.834,human,0.0
815733997,human,0.557,human,0.0
815733998,human,0.91,non_human,1.0
815733999,human,0.846,non_human,1.0
815734000,human,0.917,human,0.0
815734001,human,0.967,human,0.0
815734002,human,0.931,human,0.0
815734003,human,0.834,human,0.0
815734004,human,0.929,human,0.0
815734006,human,0.994,human,0.0
815734007,human,0.837,human,0.0
815734008,human,0.714,non_human,1.0
815734010,human,0.948,human,0.0
815734011,non_human,0.598,human,1.0
815734012,human,0.988,human,0.0
815734015,human,0.793,non_human,1.0
815734016,human,0.94,human,0.0
815734017,human,0.847,human,0.0
815734018,human,0.897,human,0.0
815734019,human,0.885,human,0.0
815734020,human,0.942,human,0.0
815734021,human,0.776,human,0.0
815734022,human,0.628,human,0.0
815734023,human,0.822,human,0.0
815734024,human,0.934,human,0.0
815734025,non_human,0.591,human,1.0
815734026,human,0.975,human,0.0
815734028,human,0.822,human,0.0
815734029,human,0.925,human,0.0
815734030,human,0.928,human,0.0
815734032,human,0.935,human,0.0
815734033,human,0.825,non_human,1.0
815734034,human,0.824,human,0.0
815734036,human,0.989,human,0.0
815734037,human,0.917,non_human,1.0
815734038,non_human,0.628,non_human,0.0
815734039,human,0.959,human,0.0
815734041,human,0.79,human,0.0
815734042,non_human,0.567,non_human,0.0
815734043,human,0.885,human,0.0
815734044,human,0.959,non_human,1.0
815734045,human,0.942,human,0.0
815734046,human,0.96,human,0.0
815734047,human,0.95,human,0.0
815734048,human,0.986,human,0.0
815734049,human,0.915,human,0.0
815734051,human,0.92,human,0.0
815734052,human,0.701,non_human,1.0
815734053,human,0.916,human,0.0
815734054,human,0.883,human,0.0
815734055,human,0.796,human,0.0
815734056,human,0.885,non_human,1.0
815734057,human,0.848,human,0.0
815734058,human,0.674,non_human,1.0
815734059,human,0.863,human,0.0
815734060,human,0.989,human,0.0
815734062,human,0.95,human,0.0
815734063,human,0.979,human,0.0
815734064,human,0.913,human,0.0
815734068,human,0.985,non_human,1.0
815734069,human,0.993,human,0.0
815734070,human,0.955,human,0.0
815734071,human,0.72,human,0.0
815734072,human,0.824,human,0.0
815734073,human,0.641,human,0.0
815734074,human,0.889,human,0.0
815734075,human,0.696,non_human,1.0
815734076,human,0.868,human,0.0
815734078,human,0.615,non_human,1.0
815734079,human,0.681,non_human,1.0
815734081,human,0.812,human,0.0
815734083,human,0.739,human,0.0
815734084,human,0.888,non_human,1.0
815734085,non_human,0.563,non_human,0.0
815734086,human,0.574,human,0.0
815734087,human,0.968,human,0.0
815734088,human,0.76,human,0.0
815734089,human,0.84,human,0.0
815734090,human,0.521,non_human,1.0
815734091,human,0.961,human,0.0
815734092,human,0.962,human,0.0
815734093,human,0.827,human,0.0
815734094,human,0.933,human,0.0
815734095,human,0.742,non_human,1.0
815734096,human,0.941,human,0.0
815734097,human,0.871,non_human,1.0
815734098,human,0.998,human,0.0
815734099,human,0.937,human,0.0
815734100,human,0.903,human,0.0
815734101,human,0.718,non_human,1.0
815734104,human,0.59,non_human,1.0
815734105,human,0.842,human,0.0
815734106,human,0.814,human,0.0
815734107,human,0.961,human,0.0
815734108,human,0.765,human,0.0
815734109,human,0.856,human,0.0
815734110,non_human,0.575,non_human,0.0
815734111,human,0.593,human,0.0
815734112,human,0.79,human,0.0
815734113,human,0.917,human,0.0
815734114,human,0.959,human,0.0
815734115,non_human,0.572,human,1.0
815734117,human,0.973,human,0.0
815734118,human,0.877,human,0.0
815734120,human,0.827,human,0.0
815734121,human,0.725,human,0.0
815734122,human,0.931,human,0.0
815734123,human,0.847,human,0.0
815734124,human,0.984,non_human,1.0
815734126,human,0.915,human,0.0
815734127,human,0.882,human,0.0
815734128,human,0.83,human,0.0
815734129,human,0.901,human,0.0
815734130,non_human,0.81,non_human,0.0
815734131,human,0.928,human,0.0
815734132,non_human,0.54,non_human,0.0
815734133,non_human,0.652,non_human,0.0
815734134,non_human,0.69,non_human,0.0
815734135,human,0.891,human,0.0
815734136,non_human,0.624,non_human,0.0
815734137,human,0.982,human,0.0
815734138,human,0.946,human,0.0
815734139,human,0.989,human,0.0
815734140,non_human,0.534,non_human,0.0
815734141,human,0.962,human,0.0
815734142,human,0.814,human,0.0
815734143,human,0.99,human,0.0
815734144,human,0.777,human,0.0
815734145,human,0.983,human,0.0
815734148,human,0.905,human,0.0
815734149,non_human,0.765,non_human,0.0
815734150,human,0.906,human,0.0
815734151,non_human,0.677,human,1.0
815734152,human,0.971,human,0.0
815734153,human,0.974,human,0.0
815734154,non_human,0.804,non_human,0.0
815734155,human,0.975,human,0.0
815734156,human,0.718,non_human,1.0
815734157,human,0.977,human,0.0
815734158,human,0.92,human,0.0
815734159,human,0.896,human,0.0
815734160,human,0.879,human,0.0
815734161,human,0.756,human,0.0
815734163,human,0.813,human,0.0
815734164,human,0.895,human,0.0
815734165,human,0.968,human,0.0
815734166,human,0.974,human,0.0
815734167,human,0.919,human,0.0
815734169,human,0.805,non_human,1.0
815734170,human,0.884,human,0.0
815734171,non_human,0.508,non_human,0.0
815734172,human,0.945,human,0.0
815734174,human,0.919,human,0.0
815734175,human,0.968,human,0.0
815734176,human,0.846,human,0.0
815734177,non_human,0.762,non_human,0.0
815734178,human,0.731,human,0.0
815734180,human,0.958,human,0.0
815734181,human,0.912,non_human,1.0
815734182,human,0.976,human,0.0
815734183,human,0.96,human,0.0
815734184,human,0.985,human,0.0
815734185,human,0.931,human,0.0
815734186,human,0.974,human,0.0
815734187,human,0.968,human,0.0
815734188,human,0.714,human,0.0
815734189,human,0.881,human,0.0
815734190,human,0.98,human,0.0
815734191,human,0.982,human,0.0
815734192,human,0.528,non_human,1.0
815734193,human,0.966,human,0.0
815734194,human,0.966,non_human,1.0
815734196,human,0.97,human,0.0
815734197,human,0.971,human,0.0
815734198,human,0.68,human,0.0
815734199,human,0.922,human,0.0
815734200,non_human,0.624,human,1.0
815734201,human,0.99,human,0.0
815734202,human,0.719,human,0.0
815734203,human,0.895,human,0.0
815734204,human,0.929,non_human,1.0
815734205,human,0.866,human,0.0
815734206,human,0.663,human,0.0
815734207,human,0.732,non_human,1.0
815734208,human,0.968,human,0.0
815734209,human,0.983,human,0.0
815734210,human,0.898,non_human,1.0
815734211,human,0.963,human,0.0
815734212,human,0.688,non_human,1.0
815734213,human,0.95,human,0.0
815734214,human,0.856,human,0.0
815734215,human,0.992,human,0.0
815734216,human,0.932,human,0.0
815734217,human,0.745,non_human,1.0
815734218,non_human,0.558,human,1.0
815734219,non_human,0.683,human,1.0
815734220,human,0.981,human,0.0
815734221,human,0.703,human,0.0
815734222,non_human,0.568,non_human,0.0
815734223,human,0.926,human,0.0
815734224,non_human,0.696,non_human,0.0
815734225,human,0.731,human,0.0
815734227,human,0.778,non_human,1.0
815734228,human,0.63,non_human,1.0
815734229,human,0.91,human,0.0
815734230,human,0.945,human,0.0
815734231,human,0.844,human,0.0
815734232,human,0.961,human,0.0
815734233,human,0.743,human,0.0
815734234,human,0.969,human,0.0
815734235,human,0.966,human,0.0
815734236,human,0.954,human,0.0
815734237,human,0.522,human,0.0
815734238,human,0.925,human,0.0
815734239,human,0.719,human,0.0
815734240,human,0.965,human,0.0
815734241,human,0.868,human,0.0
815734243,human,0.847,human,0.0
815734244,human,0.885,non_human,1.0
815734246,human,0.595,human,0.0
815734247,human,0.597,human,0.0
815734248,human,0.865,human,0.0
815734249,non_human,0.588,human,1.0
815734250,human,0.952,human,0.0
815734251,human,0.579,human,0.0
815734252,human,0.531,human,0.0
815734254,non_human,0.545,non_human,0.0
815734255,human,0.759,human,0.0
815734256,human,0.971,human,0.0
815734258,human,0.98,human,0.0
815734259,human,0.884,human,0.0
815734261,human,0.818,human,0.0
815734262,human,0.677,non_human,1.0
815734263,human,0.926,human,0.0
815734264,human,0.913,human,0.0
815734265,human,0.971,human,0.0
815734266,human,0.989,human,0.0
815734267,human,0.819,human,0.0
815734268,human,0.927,human,0.0
815734272,human,0.798,human,0.0
815734273,human,0.792,human,0.0
815734274,human,0.913,human,0.0
815734275,human,0.858,human,0.0
815734276,human,0.922,human,0.0
815734277,non_human,0.767,human,1.0
815734278,human,0.974,human,0.0
815734279,human,0.636,human,0.0
815734280,human,0.779,human,0.0
815734281,human,0.994,human,0.0
815734282,human,0.977,human,0.0
815734283,human,0.764,human,0.0
815734284,human,0.917,human,0.0
815734286,human,0.96,non_human,1.0
815734287,non_human,0.606,human,1.0
815734288,human,0.863,human,0.0
815734289,human,0.936,human,0.0
815734290,human,0.561,human,0.0
815734291,human,0.936,human,0.0
815734292,non_human,0.873,non_human,0.0
815734293,non_human,0.613,human,1.0
815734294,human,0.956,human,0.0
815734295,human,0.901,human,0.0
815734297,human,0.923,human,0.0
815734298,human,0.935,human,0.0
815734299,human,0.956,human,0.0
815734300,human,0.962,human,0.0
815734301,human,0.737,human,0.0
815734302,human,0.911,human,0.0
815734303,human,0.671,non_human,1.0
815734304,human,0.58,non_human,1.0
815734305,human,0.527,human,0.0
815734306,human,0.939,human,0.0
815734307,human,0.965,human,0.0
815734308,non_human,0.743,non_human,0.0
815734309,human,0.972,human,0.0
815734310,human,0.726,human,0.0
815734312,human,0.836,human,0.0
815734313,human,0.975,human,0.0
815734314,non_human,0.5,human,1.0
815734315,non_human,0.727,non_human,0.0
815734316,human,0.596,human,0.0
815734317,human,0.646,human,0.0
815734318,human,0.925,human,0.0
815734319,human,0.684,human,0.0
815734320,human,0.938,human,0.0
815734321,non_human,0.619,non_human,0.0
815734322,human,0.983,human,0.0
815734323,human,0.86,human,0.0
815734324,non_human,0.729,human,1.0
815734325,human,0.93,human,0.0
815734326,human,0.952,human,0.0
815734327,non_human,0.915,non_human,0.0
815734329,human,0.91,human,0.0
815734330,human,0.968,human,0.0
815734331,human,0.677,non_human,1.0
815734334,human,0.875,non_human,1.0
815734335,non_human,0.626,non_human,0.0
815734336,non_human,0.634,human,1.0
815734337,human,0.783,human,0.0
815734338,non_human,0.561,human,1.0
815734339,human,0.967,human,0.0
815734340,human,0.699,human,0.0
815734341,human,0.59,non_human,1.0
815734342,human,0.961,non_human,1.0
815734343,non_human,0.521,non_human,0.0
815734344,human,0.97,human,0.0
815734347,human,0.933,human,0.0
815734348,human,0.971,human,0.0
815734350,human,0.942,non_human,1.0
815734351,human,0.967,human,0.0
815734353,human,0.579,human,0.0
815734354,human,0.907,human,0.0
815734355,human,0.909,human,0.0
815734356,human,0.704,human,0.0
815734357,human,0.782,human,0.0
815734359,human,0.662,non_human,1.0
815734360,human,0.875,human,0.0
815734361,human,0.947,human,0.0
815734362,human,0.865,human,0.0
815734363,human,0.79,human,0.0
815734365,human,0.712,human,0.0
815734366,human,0.974,human,0.0
815734367,human,0.961,non_human,1.0
815734368,human,0.754,human,0.0
815734369,human,0.596,non_human,1.0
815734370,human,0.993,human,0.0
815734371,human,0.851,human,0.0
815734375,human,0.873,non_human,1.0
815734376,human,0.879,human,0.0
815734377,human,0.645,human,0.0
815734378,human,0.984,human,0.0
815734379,human,0.794,human,0.0
815734380,human,0.885,non_human,1.0
815734381,non_human,0.736,human,1.0
815734382,human,0.925,human,0.0
815734383,human,0.819,human,0.0
815734384,human,0.742,human,0.0
815734385,human,0.842,human,0.0
815734386,human,0.941,human,0.0
815734388,human,0.973,human,0.0
815734389,non_human,0.513,human,1.0
815734390,human,0.902,human,0.0
815734392,non_human,0.629,human,1.0
815734393,human,0.71,human,0.0
815734394,human,0.981,human,0.0
815734396,human,0.938,human,0.0
815734397,human,0.913,non_human,1.0
815734398,human,0.867,non_human,1.0
815734399,human,0.956,human,0.0
815734400,human,0.819,human,0.0
815734401,human,0.859,human,0.0
815734402,non_human,0.608,non_human,0.0
815734403,human,0.979,human,0.0
815734404,human,0.913,human,0.0
815734406,human,0.621,human,0.0
815734407,human,0.544,non_human,1.0
815734408,non_human,0.509,non_human,0.0
815734409,human,0.947,human,0.0
815734410,human,0.831,non_human,1.0
815734411,human,0.997,human,0.0
815734413,human,0.982,human,0.0
815734414,human,0.825,human,0.0
815734415,human,0.819,non_human,1.0
815734416,human,0.888,human,0.0
815734417,human,0.888,human,0.0
815734419,human,0.925,human,0.0
815734420,human,0.893,non_human,1.0
815734421,human,0.603,human,0.0
815734422,human,0.973,human,0.0
815734423,human,0.977,human,0.0
815734424,human,0.966,human,0.0
815734425,non_human,0.858,non_human,0.0
815734426,non_human,0.7,human,1.0
815734427,human,0.945,human,0.0
815734428,human,0.995,human,0.0
815734429,human,0.981,human,0.0
815734430,human,0.657,human,0.0
815734432,human,0.977,human,0.0
815734433,human,0.735,non_human,1.0
815734434,human,0.906,human,0.0
815734435,non_human,0.593,non_human,0.0
815734436,non_human,0.654,human,1.0
815734437,human,0.746,non_human,1.0
815734438,human,0.764,human,0.0
815734439,human,0.819,human,0.0
815734440,human,0.853,human,0.0
815734441,non_human,0.736,non_human,0.0
815734442,human,0.637,human,0.0
815734443,human,0.915,human,0.0
815734444,non_human,0.843,non_human,0.0
815734445,human,0.983,human,0.0
815734446,human,0.976,human,0.0
815734447,human,0.948,human,0.0
815734448,human,0.582,human,0.0
815734449,human,0.989,human,0.0
815734450,human,0.954,human,0.0
815734451,human,0.964,non_human,1.0
815734452,non_human,0.815,non_human,0.0
815734453,human,0.952,human,0.0
815734454,human,0.562,human,0.0
815734455,human,0.509,human,0.0
815734457,human,0.745,human,0.0
815734458,human,0.542,human,0.0
815734459,human,0.832,human,0.0
815734460,human,0.992,human,0.0
815734461,human,0.634,human,0.0
815734462,human,0.863,human,0.0
815734463,human,0.976,human,0.0
815734465,non_human,0.724,non_human,0.0
815734466,human,0.79,human,0.0
815734467,human,0.773,human,0.0
815734468,human,0.956,human,0.0
815734469,human,0.903,human,0.0
815734470,human,0.93,human,0.0
815734471,human,0.881,human,0.0
815734472,human,0.99,human,0.0
815734473,human,0.959,human,0.0
815734474,human,0.845,human,0.0
815734477,human,0.658,non_human,1.0
815734478,human,0.86,human,0.0
815734479,human,0.63,non_human,1.0
815734480,human,0.969,human,0.0
815734481,human,0.967,human,0.0
815734482,human,0.963,human,0.0
815734483,human,0.641,human,0.0
815734484,non_human,0.631,human,1.0
815734485,human,0.891,human,0.0
815734486,human,0.86,human,0.0
815734487,non_human,0.728,non_human,0.0
815734488,human,0.976,human,0.0
815734489,non_human,0.689,non_human,0.0
815734490,human,0.83,human,0.0
815734491,human,0.73,human,0.0
815734492,human,0.894,human,0.0
815734493,human,0.983,human,0.0
815734494,human,0.883,human,0.0
815734496,human,0.805,human,0.0
815734498,human,0.537,human,0.0
815734499,human,0.882,human,0.0
815734500,human,0.996,human,0.0
815734501,human,0.973,human,0.0
815734502,human,0.758,non_human,1.0
815734506,human,0.956,human,0.0
815734507,human,0.881,human,0.0
815734509,human,0.796,human,0.0
815734510,human,0.794,human,0.0
815734511,human,0.931,non_human,1.0
815734512,human,0.628,non_human,1.0
815734513,human,0.936,non_human,1.0
815734514,human,0.903,human,0.0
815734515,human,0.871,human,0.0
815734516,human,0.914,human,0.0
815734517,human,0.905,human,0.0
815734519,human,0.77,non_human,1.0
815734520,human,0.795,human,0.0
815734521,human,0.948,human,0.0
815734522,human,0.942,human,0.0
815734523,human,0.98,human,0.0
815734524,human,0.969,non_human,1.0
815734526,human,0.987,human,0.0
815734527,human,0.966,human,0.0
815734528,human,0.925,human,0.0
815734529,human,0.952,human,0.0
815734530,human,0.843,non_human,1.0
815734531,human,0.922,human,0.0
815734532,human,0.979,human,0.0
815734533,human,0.864,human,0.0
815734535,human,0.676,human,0.0
815734536,human,0.995,human,0.0
815734537,human,0.777,human,0.0
815734538,human,0.986,human,0.0
815734540,human,0.877,human,0.0
815734541,human,0.985,human,0.0
815734542,non_human,0.807,human,1.0
815734543,human,0.976,human,0.0
815734544,human,0.973,human,0.0
815734545,non_human,0.581,non_human,0.0
815734546,human,0.923,human,0.0
815734547,human,0.927,non_human,1.0
815734548,non_human,0.816,non_human,0.0
815734550,non_human,0.542,non_human,0.0
815734551,human,0.811,human,0.0
815734553,human,0.84,human,0.0
815734554,human,0.635,human,0.0
815734555,human,0.642,human,0.0
815734556,non_human,0.565,non_human,0.0
815734557,human,0.895,human,0.0
815734558,human,0.921,human,0.0
815734559,human,0.917,non_human,1.0
815734560,human,0.977,human,0.0
815734561,human,0.806,non_human,1.0
815734562,human,0.86,human,0.0
815734563,human,0.969,human,0.0
815734564,human,0.833,non_human,1.0
815734566,non_human,0.604,human,1.0
815734567,human,0.631,non_human,1.0
815734568,human,0.808,human,0.0
815734569,human,0.904,human,0.0
815734570,human,0.687,human,0.0
815734571,human,0.9,human,0.0
815734572,human,0.846,human,0.0
815734573,human,0.772,non_human,1.0
815734574,human,0.679,non_human,1.0
815734575,human,0.988,human,0.0
815734576,human,0.948,human,0.0
815734580,human,0.935,human,0.0
815734581,human,0.891,human,0.0
815734582,human,0.985,human,0.0
815734584,human,0.962,human,0.0
815734585,human,0.605,human,0.0
815734586,human,0.92,human,0.0
815734587,human,0.94,human,0.0
815734588,human,0.987,human,0.0
815734589,human,0.967,human,0.0
815734590,non_human,0.694,non_human,0.0
815734591,non_human,0.63,human,1.0
815734593,human,0.604,non_human,1.0
815734594,human,0.873,human,0.0
815734595,human,0.928,human,0.0
815734596,human,0.989,human,0.0
815734598,human,0.927,human,0.0
815734599,human,0.986,human,0.0
815734600,human,0.555,non_human,1.0
815734601,human,0.644,human,0.0
815734602,human,0.961,human,0.0
815734603,non_human,0.656,human,1.0
815734606,human,0.958,human,0.0
815734607,human,0.969,human,0.0
815734608,human,0.972,human,0.0
815734611,human,0.916,human,0.0
815734612,human,0.966,human,0.0
815734613,human,0.767,non_human,1.0
815734614,human,0.716,human,0.0
815734615,human,0.978,human,0.0
815734616,human,0.964,human,0.0
815734617,human,0.862,human,0.0
815734618,human,0.952,human,0.0
815734619,human,0.902,human,0.0
815734621,human,0.593,non_human,1.0
815734622,non_human,0.671,non_human,0.0
815734623,human,0.95,human,0.0
815734624,human,0.501,human,0.0
815734625,human,0.85,human,0.0
815734627,human,0.749,human,0.0
815734628,human,0.949,human,0.0
815734629,human,0.885,non_human,1.0
815734630,human,0.898,human,0.0
815734631,human,0.98,human,0.0
815734632,human,0.889,human,0.0
815734633,human,0.836,non_human,1.0
815734634,non_human,0.536,non_human,0.0
815734635,human,0.834,non_human,1.0
815734636,human,0.957,human,0.0
815734639,human,0.621,non_human,1.0
815734640,human,0.846,human,0.0
815734641,human,0.977,human,0.0
815734642,human,0.876,human,0.0
815734643,non_human,0.516,human,1.0
815734644,non_human,0.509,human,1.0
815734645,non_human,0.594,human,1.0
815734647,human,0.936,human,0.0
815734649,human,0.635,human,0.0
815734650,human,0.605,non_human,1.0
815734651,human,0.616,human,0.0
815734653,human,0.917,human,0.0
815734654,human,0.689,human,0.0
815734655,non_human,0.856,non_human,0.0
815734656,human,0.584,non_human,1.0
815734657,human,0.603,human,0.0
815734658,human,0.971,human,0.0
815734659,non_human,0.63,non_human,0.0
815734660,non_human,0.734,non_human,0.0
815734661,human,0.813,human,0.0
815734662,human,0.973,human,0.0
815734663,human,0.866,human,0.0
815734664,non_human,0.635,non_human,0.0
815734665,non_human,0.595,non_human,0.0
815734666,human,0.794,human,0.0
815734667,human,0.887,human,0.0
815734668,human,0.976,human,0.0
815734669,human,0.849,human,0.0
815734670,human,0.733,non_human,1.0
815734671,human,0.837,human,0.0
815734672,human,0.817,human,0.0
815734673,human,0.988,human,0.0
815734674,human,0.991,human,0.0
815734675,human,0.757,human,0.0
815734676,human,0.684,non_human,1.0
815734677,human,0.879,human,0.0
815734678,human,0.851,human,0.0
815734679,human,0.91,human,0.0
815734682,human,0.87,human,0.0
815734683,human,0.943,human,0.0
815734684,human,0.951,human,0.0
815734686,non_human,0.88,non_human,0.0
815734687,human,0.9,human,0.0
815734689,human,0.653,human,0.0
815734690,human,0.914,non_human,1.0
815734691,non_human,0.652,non_human,0.0
815734692,human,0.926,human,0.0
815734693,human,0.936,human,0.0
815734694,human,0.822,human,0.0
815734695,human,0.94,human,0.0
815734697,human,0.942,human,0.0
815734698,human,0.943,human,0.0
815734699,human,0.977,human,0.0
815734700,human,0.989,human,0.0
815734702,human,0.954,human,0.0
815734703,human,0.837,human,0.0
815734704,human,0.969,human,0.0
815734705,human,0.876,human,0.0
815734706,human,0.902,human,0.0
815734708,human,0.92,human,0.0
815734709,human,0.547,non_human,1.0
815734710,human,0.944,human,0.0
815734711,human,0.99,human,0.0
815734712,human,0.935,human,0.0
815734713,human,0.832,human,0.0
815734714,human,0.705,human,0.0
815734715,non_human,0.58,non_human,0.0
815734716,human,0.846,human,0.0
815734717,human,0.881,human,0.0
815734718,non_human,0.805,human,1.0
815734719,human,0.869,non_human,1.0
815734720,human,0.859,human,0.0
815734721,human,0.924,human,0.0
815734722,human,0.99,human,0.0
815734724,non_human,0.78,non_human,0.0
815734726,non_human,0.52,human,1.0
815734728,human,0.996,human,0.0
815734729,human,0.974,human,0.0
815734730,human,0.892,human,0.0
815734731,human,0.937,human,0.0
815734732,human,0.946,human,0.0
815734733,human,0.759,human,0.0
815734734,human,0.958,human,0.0
815734735,human,0.849,human,0.0
815734737,human,0.821,human,0.0
815734738,human,0.963,human,0.0
815734739,human,0.696,human,0.0
815734740,human,0.731,human,0.0
815734741,human,0.824,human,0.0
815734742,non_human,0.657,non_human,0.0
815734743,human,0.995,human,0.0
815734744,human,0.96,human,0.0
815734745,human,0.827,human,0.0
815734746,human,0.886,non_human,1.0
815734747,human,0.788,human,0.0
815734748,human,0.85,human,0.0
815734749,human,0.841,human,0.0
815734750,human,0.866,human,0.0
815734751,human,0.899,human,0.0
815734753,human,0.974,human,0.0
815734754,human,0.989,human,0.0
815734755,human,0.769,human,0.0
815734756,human,0.968,human,0.0
815734757,human,0.903,human,0.0
815734758,human,0.835,human,0.0
815734759,human,0.896,human,0.0
815734760,non_human,0.747,non_human,0.0
815734761,human,0.763,human,0.0
815734762,human,0.617,human,0.0
815734764,human,0.966,human,0.0
815734765,non_human,0.556,non_human,0.0
815734766,human,0.934,human,0.0
815734767,human,0.85,non_human,1.0
815734768,human,0.591,human,0.0
815734769,human,0.722,human,0.0
815734770,non_human,0.553,non_human,0.0
815734771,human,0.971,human,0.0
815734772,human,0.681,non_human,1.0
815734773,human,0.691,human,0.0
815734774,non_human,0.738,non_human,0.0
815734775,human,0.903,human,0.0
815734776,non_human,0.765,non_human,0.0
815734777,non_human,0.565,non_human,0.0
815734778,human,0.845,human,0.0
815734779,non_human,0.513,human,1.0
815734780,human,0.905,human,0.0
815734781,non_human,0.714,non_human,0.0
815734784,human,0.89,human,0.0
815734785,human,0.97,human,0.0
815734786,human,0.984,human,0.0
815734787,human,0.868,human,0.0
815734788,non_human,0.878,non_human,0.0
815734789,human,0.722,human,0.0
815734790,human,0.617,non_human,1.0
815734791,human,0.901,human,0.0
815734792,non_human,0.815,non_human,0.0
815734793,human,0.998,human,0.0
815734794,human,0.974,human,0.0
815734795,human,0.904,human,0.0
815734796,human,0.837,human,0.0
815734797,non_human,0.625,non_human,0.0
815734798,human,0.878,human,0.0
815734799,non_human,0.68,non_human,0.0
815734800,non_human,0.5,non_human,0.0
815734801,human,0.892,human,0.0
815734802,human,0.727,human,0.0
815734803,human,0.988,human,0.0
815734804,human,0.736,human,0.0
815734805,human,0.909,non_human,1.0
815734806,human,0.835,human,0.0
815734807,human,0.854,human,0.0
815734808,human,0.614,non_human,1.0
815734809,human,0.965,human,0.0
815734810,human,0.942,human,0.0
815734814,human,0.939,human,0.0
815734815,human,0.977,human,0.0
815734817,human,0.964,human,0.0
815734818,human,0.808,human,0.0
815734819,human,0.995,human,0.0
815734820,human,0.528,non_human,1.0
815734821,non_human,0.683,non_human,0.0
815734822,human,0.754,human,0.0
815734823,human,0.955,human,0.0
815734825,human,0.845,human,0.0
815734826,human,0.894,human,0.0
815734827,human,0.903,non_human,1.0
815734828,non_human,0.861,human,1.0
815734829,non_human,0.718,non_human,0.0
815734830,human,0.833,human,0.0
815734831,human,0.98,human,0.0
815734833,human,0.861,human,0.0
815734834,human,0.972,human,0.0
815734835,human,0.954,human,0.0
815734837,human,0.963,human,0.0
815734838,human,0.904,human,0.0
815734839,human,0.963,human,0.0
815734841,human,0.909,human,0.0
815734842,human,0.807,human,0.0
815734843,human,0.99,human,0.0
815734844,human,0.973,human,0.0
815734845,non_human,0.592,non_human,0.0
815734846,human,0.926,human,0.0
815734847,human,0.826,human,0.0
815734848,human,0.942,human,0.0
815734849,human,0.971,human,0.0
815734850,human,0.763,human,0.0
815734851,human,0.859,human,0.0
815734852,human,0.603,human,0.0
815734853,human,0.935,human,0.0
815734854,human,0.896,human,0.0
815734855,human,0.538,non_human,1.0
815734856,human,0.971,human,0.0
815734857,human,0.716,human,0.0
815734858,human,0.973,human,0.0
815734859,human,0.997,human,0.0
815734860,non_human,0.541,non_human,0.0
815734862,human,0.966,human,0.0
815734863,human,0.83,human,0.0
815734864,non_human,0.534,human,1.0
815734865,human,0.944,human,0.0
815734866,human,0.989,human,0.0
815734867,human,0.973,human,0.0
815734868,human,0.978,human,0.0
815734869,human,0.914,human,0.0
815734870,human,0.739,human,0.0
815734871,human,0.67,non_human,1.0
815734872,human,0.87,human,0.0
815734873,human,0.945,human,0.0
815734874,human,0.748,non_human,1.0
815734875,non_human,0.585,non_human,0.0
815734876,human,0.833,human,0.0
815734877,non_human,0.517,non_human,0.0
815734878,human,0.883,human,0.0
815734879,human,0.846,human,0.0
815734880,non_human,0.523,non_human,0.0
815734881,human,0.979,human,0.0
815734882,human,0.929,human,0.0
815734888,human,0.78,human,0.0
815734889,human,0.847,human,0.0
815734890,human,0.672,human,0.0
815734892,human,0.948,human,0.0
815734893,human,0.984,human,0.0
815734894,human,0.991,human,0.0
815734896,human,0.868,non_human,1.0
815734897,human,0.671,human,0.0
815734898,human,0.815,human,0.0
815734899,human,0.704,human,0.0
815734901,human,0.719,human,0.0
815734902,human,0.931,human,0.0
815734903,human,0.793,human,0.0
815734904,human,0.902,human,0.0
815734905,human,0.952,human,0.0
815734906,human,0.949,human,0.0
815734908,non_human,0.523,non_human,0.0
815734909,human,0.536,human,0.0
815734910,human,0.795,human,0.0
815734911,non_human,0.604,non_human,0.0
815734913,human,0.942,non_human,1.0
815734915,human,0.958,human,0.0
815734918,human,0.534,non_human,1.0
815734919,human,0.922,human,0.0
815734920,human,0.963,human,0.0
815734922,human,0.924,human,0.0
815734923,human,0.571,human,0.0
815734924,human,0.937,human,0.0
815734925,human,0.623,non_human,1.0
815734926,human,0.872,human,0.0
815734927,human,0.623,non_human,1.0
815734928,human,0.575,non_human,1.0
815734930,human,0.955,human,0.0
815734931,non_human,0.619,non_human,0.0
815734932,human,0.961,human,0.0
815734934,human,0.997,human,0.0
815734936,human,0.871,human,0.0
815734937,human,0.559,non_human,1.0
815734939,non_human,0.78,non_human,0.0
815734940,human,0.909,human,0.0
815734941,human,0.86,human,0.0
815734942,human,0.933,human,0.0
815734943,human,0.885,human,0.0
815734944,human,0.785,human,0.0
815734945,human,0.617,human,0.0
815734946,human,0.973,human,0.0
815734947,human,0.896,human,0.0
815734948,human,0.819,non_human,1.0
815734949,human,0.986,human,0.0
815734950,human,0.527,non_human,1.0
815734951,human,0.893,human,0.0
815734952,human,0.963,human,0.0
815734954,non_human,0.585,non_human,0.0
815734955,human,0.887,human,0.0
815734956,human,0.978,human,0.0
815734957,human,0.994,human,0.0
815734958,human,0.631,human,0.0
815734959,human,0.704,human,0.0
815734960,human,0.983,human,0.0
815734961,human,0.648,human,0.0
815734962,human,0.772,human,0.0
815734963,human,0.778,human,0.0
815734964,human,0.631,non_human,1.0
815734965,human,0.931,non_human,1.0
815734966,human,0.866,human,0.0
815734967,human,0.857,human,0.0
815734968,human,0.954,human,0.0
815734969,non_human,0.586,human,1.0
815734970,human,0.854,human,0.0
815734972,human,0.972,human,0.0
815734973,non_human,0.587,human,1.0
815734974,human,0.966,human,0.0
815734975,human,0.883,human,0.0
815734976,human,0.893,human,0.0
815734977,human,0.944,human,0.0
815734978,human,0.866,human,0.0
815734979,human,0.962,human,0.0
815734980,human,0.644,human,0.0
815734981,human,0.781,human,0.0
815734982,human,0.866,human,0.0
815734984,human,0.984,human,0.0
815734985,human,0.924,human,0.0
815734986,human,0.97,human,0.0
815734987,human,0.961,human,0.0
815734992,human,0.975,human,0.0
815734994,human,0.88,human,0.0
815734996,human,0.965,non_human,1.0
815734997,human,0.91,human,0.0
815734998,human,0.807,human,0.0
815734999,human,0.978,non_human,1.0
815735000,human,0.555,non_human,1.0
815735001,human,0.952,human,0.0
815735002,human,0.832,human,0.0
815735003,human,0.939,human,0.0
815735004,human,0.975,human,0.0
815735005,human,0.813,non_human,1.0
815735006,human,0.96,human,0.0
815735007,human,0.979,human,0.0
815735008,human,0.733,non_human,1.0
815735009,human,0.916,human,0.0
815735010,human,0.943,human,0.0
815735011,human,0.645,human,0.0
815735013,human,0.749,human,0.0
815735014,human,0.847,human,0.0
815735015,human,0.85,human,0.0
815735016,human,0.983,human,0.0
815735017,human,0.991,human,0.0
815735018,human,0.941,human,0.0
815735019,human,0.814,human,0.0
815735020,human,0.981,human,0.0
815735021,human,0.898,human,0.0
815735023,non_human,0.738,non_human,0.0
815735024,human,0.87,human,0.0
815735025,human,0.936,human,0.0
815735026,human,0.941,human,0.0
815735027,human,0.89,human,0.0
815735029,human,0.941,human,0.0
815735030,human,0.956,human,0.0
815735031,non_human,0.595,non_human,0.0
815735032,human,0.89,human,0.0
815735034,human,0.997,human,0.0
815735035,non_human,0.896,non_human,0.0
815735036,non_human,0.833,non_human,0.0
815735037,human,0.925,human,0.0
815735038,human,0.904,human,0.0
815735039,human,0.928,human,0.0
815735041,human,0.781,human,0.0
815735044,non_human,0.592,human,1.0
815735045,human,0.973,human,0.0
815735046,human,0.964,human,0.0
815735047,human,0.812,human,0.0
815735048,human,0.938,human,0.0
815735049,human,0.97,human,0.0
815735050,human,0.551,human,0.0
815735052,non_human,0.618,non_human,0.0
815735053,human,0.807,non_human,1.0
815735054,human,0.945,human,0.0
815735055,human,0.817,non_human,1.0
815735056,human,0.95,human,0.0
815735057,human,0.956,human,0.0
815735058,human,0.867,human,0.0
815735059,human,0.961,human,0.0
815735060,non_human,0.806,non_human,0.0
815735061,human,0.957,human,0.0
815735062,human,0.666,human,0.0
815735063,human,0.918,human,0.0
815735065,human,0.765,human,0.0
815735066,human,0.75,human,0.0
815735067,non_human,0.685,human,1.0
815735068,human,0.733,human,0.0
815735069,human,0.98,human,0.0
815735072,human,0.992,human,0.0
815735074,human,0.958,human,0.0
815735075,human,0.977,human,0.0
815735076,human,0.937,human,0.0
815735077,non_human,0.534,human,1.0
815735078,human,0.965,human,0.0
815735079,human,0.587,human,0.0
815735080,human,0.636,human,0.0
815735081,human,0.927,human,0.0
815735082,human,0.848,human,0.0
815735083,human,0.873,non_human,1.0
815735084,human,0.984,human,0.0
815735085,human,0.971,human,0.0
815735086,human,0.786,human,0.0
815735087,human,0.71,human,0.0
815735088,human,0.88,human,0.0
815735089,human,0.76,human,0.0
815735090,human,0.824,human,0.0
815735092,human,0.978,human,0.0
815735093,human,0.957,human,0.0
815735094,human,0.751,human,0.0
815735095,human,0.975,human,0.0
815735096,non_human,0.756,non_human,0.0
815735097,human,0.959,human,0.0
815735098,non_human,0.625,human,1.0
815735099,non_human,0.686,non_human,0.0
815735100,human,0.863,human,0.0
815735101,human,0.963,human,0.0
815735102,human,0.942,human,0.0
815735103,human,0.915,non_human,1.0
815735104,non_human,0.54,non_human,0.0
815735105,human,0.574,non_human,1.0
815735106,human,0.651,non_human,1.0
815735107,human,0.75,human,0.0
815735108,human,0.996,human,0.0
815735109,human,0.924,human,0.0
815735110,human,0.875,human,0.0
815735111,human,0.801,human,0.0
815735112,human,0.98,human,0.0
815735113,human,0.786,human,0.0
815735114,non_human,0.52,non_human,0.0
815735115,human,0.771,human,0.0
815735116,human,0.644,human,0.0
815735118,human,0.849,human,0.0
815735119,human,0.983,human,0.0
815735121,human,0.858,human,0.0
815735122,human,0.689,human,0.0
815735123,human,0.864,non_human,1.0
815735124,human,0.93,human,0.0
815735126,human,0.691,human,0.0
815735127,human,0.92,human,0.0
815735128,human,0.854,non_human,1.0
815735129,human,0.508,human,0.0
815735130,human,0.984,human,0.0
815735131,human,0.876,human,0.0
815735132,human,0.967,human,0.0
815735134,human,0.99,human,0.0
815735135,human,0.673,human,0.0
815735136,human,0.832,human,0.0
815735137,human,0.607,human,0.0
815735138,human,0.88,non_human,1.0
815735141,human,0.61,non_human,1.0
815735142,non_human,0.735,human,1.0
815735144,human,0.922,human,0.0
815735145,human,0.765,human,0.0
815735146,human,0.782,non_human,1.0
815735147,non_human,0.73,non_human,0.0
815735149,non_human,0.57,human,1.0
815735150,human,0.854,human,0.0
815735151,human,0.974,human,0.0
815735152,non_human,0.558,human,1.0
815735153,human,0.546,non_human,1.0
815735154,human,0.872,human,0.0
815735155,human,0.983,human,0.0
815735156,non_human,0.733,non_human,0.0
815735158,non_human,0.545,human,1.0
815735159,human,0.822,human,0.0
815735160,human,0.92,human,0.0
815735161,non_human,0.659,non_human,0.0
815735162,non_human,0.647,non_human,0.0
815735163,non_human,0.665,non_human,0.0
815735164,human,0.995,human,0.0
815735165,human,0.899,human,0.0
815735166,human,0.98,human,0.0
815735168,human,0.604,human,0.0
815735169,human,0.632,human,0.0
815735170,human,0.759,human,0.0
815735171,human,0.782,human,0.0
815735172,non_human,0.64,non_human,0.0
815735173,human,0.547,non_human,1.0
815735174,non_human,0.774,human,1.0
815735177,human,0.56,human,0.0
815735179,human,0.849,human,0.0
815735180,human,0.972,human,0.0
815735181,non_human,0.739,non_human,0.0
815735182,human,0.941,non_human,1.0
815735183,human,0.789,human,0.0
815735184,human,0.917,human,0.0
815735186,human,0.805,human,0.0
815735187,human,0.944,human,0.0
815735188,human,0.553,non_human,1.0
815735189,human,0.791,human,0.0
815735190,human,0.929,human,0.0
815735191,non_human,0.541,non_human,0.0
815735196,human,0.629,human,0.0
815735197,human,0.515,non_human,1.0
815735198,non_human,0.513,human,1.0
815735199,human,0.88,human,0.0
815735200,non_human,0.649,non_human,0.0
815735201,human,0.844,human,0.0
815735202,human,0.915,non_human,1.0
815735203,human,0.956,human,0.0
815735206,human,0.925,human,0.0
815735207,human,0.863,human,0.0
815735208,human,0.705,human,0.0
815735209,human,0.942,human,0.0
815735210,human,0.982,human,0.0
815735211,human,0.941,human,0.0
815735212,human,0.917,human,0.0
815735213,human,0.676,non_human,1.0
815735214,human,0.98,human,0.0
815735215,human,0.992,human,0.0
815735216,human,0.863,human,0.0
815735217,human,0.942,human,0.0
815735218,human,0.747,human,0.0
815735219,human,0.96,human,0.0
815735220,human,0.945,human,0.0
815735221,human,0.641,human,0.0
815735222,human,0.876,non_human,1.0
815735223,non_human,0.642,non_human,0.0
815735224,non_human,0.668,non_human,0.0
815735225,human,0.734,non_human,1.0
815735226,human,0.978,human,0.0
815735227,human,0.693,human,0.0
815735228,human,0.616,human,0.0
815735229,human,0.799,non_human,1.0
815735230,human,0.969,human,0.0
815735231,human,0.916,human,0.0
815735232,non_human,0.919,non_human,0.0
815735233,human,0.833,human,0.0
815735234,human,0.982,human,0.0
815735235,human,0.627,human,0.0
815735237,human,0.951,human,0.0
815735238,human,0.973,human,0.0
815735240,human,0.696,human,0.0
815735241,human,0.501,human,0.0
815735242,human,0.926,human,0.0
815735243,human,0.978,human,0.0
815735244,human,0.722,non_human,1.0
815735245,non_human,0.981,human,1.0
815735246,non_human,0.5,human,1.0
815735247,human,0.511,human,0.0
815735248,non_human,0.559,human,1.0
815735249,human,0.82,human,0.0
815735250,non_human,0.77,human,1.0
815735252,human,0.832,human,0.0
815735253,human,0.987,human,0.0
815735254,non_human,0.796,human,1.0
815735255,human,0.928,human,0.0
815735256,human,0.745,non_human,1.0
815735257,human,0.614,non_human,1.0
815735259,human,0.858,human,0.0
815735260,human,0.918,human,0.0
815735261,human,0.94,human,0.0
815735262,human,0.821,human,0.0
815735263,human,0.648,non_human,1.0
815735264,human,0.849,human,0.0
815735265,human,0.924,human,0.0
815735266,human,0.909,human,0.0
815735267,human,0.872,human,0.0
815735268,human,0.943,human,0.0
815735270,human,0.752,human,0.0
815735272,human,0.858,human,0.0
815735273,human,0.924,human,0.0
815735274,human,0.675,human,0.0
815735275,human,0.895,human,0.0
815735276,human,0.908,human,0.0
815735277,non_human,0.523,human,1.0
815735278,human,0.767,human,0.0
815735279,non_human,0.572,non_human,0.0
815735280,human,0.941,human,0.0
815735281,human,0.901,human,0.0
815735282,human,0.937,non_human,1.0
815735283,human,0.826,non_human,1.0
815735284,human,0.66,non_human,1.0
815735285,human,0.929,human,0.0
815735286,human,0.609,human,0.0
815735287,human,0.884,human,0.0
815735288,human,0.661,human,0.0
815735289,non_human,0.535,non_human,0.0
815735290,human,0.921,human,0.0
815735291,human,0.8,non_human,1.0
815735292,human,0.943,non_human,1.0
815735294,human,0.762,non_human,1.0
815735295,non_human,0.639,non_human,0.0
815735300,non_human,0.6,human,1.0
815735301,human,0.904,human,0.0
815735303,non_human,0.54,human,1.0
815735304,non_human,0.688,non_human,0.0
815735305,non_human,0.514,human,1.0
815735306,human,0.921,non_human,1.0
815735307,human,0.949,human,0.0
815735308,human,0.733,human,0.0
815735310,non_human,0.581,human,1.0
815735311,human,0.779,human,0.0
815735313,human,0.975,human,0.0
815735315,human,0.893,human,0.0
815735316,human,0.733,human,0.0
815735317,human,0.952,human,0.0
815735318,human,0.748,human,0.0
815735319,non_human,0.512,non_human,0.0
815735320,human,0.996,human,0.0
815735321,human,0.756,non_human,1.0
815735322,human,0.837,human,0.0
815735323,human,0.99,human,0.0
815735324,human,0.534,non_human,1.0
815735325,human,0.714,human,0.0
815735326,human,0.661,human,0.0
815735327,human,0.931,human,0.0
815735328,human,0.955,human,0.0
815735329,human,0.898,non_human,1.0
815735330,non_human,0.714,non_human,0.0
815735331,human,0.99,human,0.0
815735332,human,0.692,human,0.0
815735333,human,0.747,human,0.0
815735334,human,0.761,human,0.0
815735336,human,0.921,human,0.0
815735337,human,0.711,human,0.0
815735339,human,0.961,human,0.0
815735340,human,0.815,human,0.0
815735341,human,0.97,human,0.0
815735342,human,0.893,human,0.0
815735343,human,0.785,human,0.0
815735344,non_human,0.668,human,1.0
815735345,human,0.52,non_human,1.0
815735346,human,0.743,human,0.0
815735347,human,0.959,human,0.0
815735348,human,0.928,human,0.0
815735349,human,0.696,non_human,1.0
815735350,human,0.903,human,0.0
815735352,human,0.856,human,0.0
815735353,human,0.997,human,0.0
815735354,non_human,0.538,non_human,0.0
815735355,human,0.974,human,0.0
815735356,human,0.899,human,0.0
815735357,human,0.881,human,0.0
815735358,human,0.923,human,0.0
815735359,human,0.95,human,0.0
815735360,human,0.896,human,0.0
815735361,human,0.966,human,0.0
815735362,human,0.736,human,0.0
815735363,non_human,0.554,human,1.0
815735364,human,0.974,non_human,1.0
815735365,human,0.955,human,0.0
815735366,human,0.985,human,0.0
815735367,human,0.84,human,0.0
815735368,human,0.8,human,0.0
815735369,human,0.901,human,0.0
815735370,non_human,0.668,human,1.0
815735371,human,0.886,non_human,1.0
815735372,human,0.773,non_human,1.0
815735373,non_human,0.733,non_human,0.0
815735374,human,0.918,human,0.0
815735375,human,0.813,human,0.0
815735376,human,0.953,human,0.0
815735377,human,0.962,human,0.0
815735378,human,0.789,human,0.0
815735379,human,0.969,human,0.0
815735380,human,0.956,human,0.0
815735381,human,0.616,human,0.0
815735383,human,0.968,human,0.0
815735384,human,0.937,human,0.0
815735385,non_human,0.876,non_human,0.0
815735386,human,0.934,human,0.0
815735387,non_human,0.743,non_human,0.0
815735388,non_human,0.769,non_human,0.0
815735389,human,0.9,non_human,1.0
815735390,human,0.99,human,0.0
815735391,human,0.883,human,0.0
815735392,human,0.854,human,0.0
815735393,human,0.787,non_human,1.0
815735394,human,0.703,non_human,1.0
815735395,human,0.839,human,0.0
815735397,human,0.583,human,0.0
815735398,non_human,0.561,non_human,0.0
815735399,human,0.845,non_human,1.0
815735402,human,0.946,human,0.0
815735403,human,0.89,human,0.0
815735404,human,0.919,human,0.0
815735405,human,0.949,human,0.0
815735406,human,0.969,human,0.0
815735408,human,0.733,human,0.0
815735409,human,0.551,non_human,1.0
815735410,human,0.903,human,0.0
815735412,non_human,0.574,non_human,0.0
815735414,human,0.933,human,0.0
815735415,human,0.963,human,0.0
815735417,human,0.837,human,0.0
815735418,human,0.822,human,0.0
815735419,non_human,0.714,non_human,0.0
815735421,human,0.699,human,0.0
815735423,human,0.611,human,0.0
815735425,human,0.991,human,0.0
815735427,human,0.86,human,0.0
815735428,human,0.979,human,0.0
815735429,human,0.95,human,0.0
815735430,human,0.951,human,0.0
815735431,human,0.687,human,0.0
815735432,human,0.57,non_human,1.0
815735433,human,0.876,human,0.0
815735435,human,0.732,non_human,1.0
815735436,human,0.829,human,0.0
815735437,human,0.67,human,0.0
815735438,human,0.943,human,0.0
815735439,human,0.929,human,0.0
815735440,human,0.818,human,0.0
815735441,human,0.808,human,0.0
815735442,human,0.916,human,0.0
815735443,human,0.923,human,0.0
815735444,human,0.929,human,0.0
815735445,human,0.941,human,0.0
815735447,human,0.965,human,0.0
815735448,human,0.921,human,0.0
815735449,human,0.785,non_human,1.0
815735450,human,0.611,non_human,1.0
815735451,human,0.621,non_human,1.0
815735452,human,0.527,human,0.0
815735453,human,0.85,human,0.0
815735454,human,0.995,human,0.0
815735455,human,0.804,human,0.0
815735456,human,0.529,non_human,1.0
815735457,human,0.877,human,0.0
815735458,non_human,0.675,non_human,0.0
815735459,human,0.814,human,0.0
815735461,human,0.907,non_human,1.0
815735462,human,0.616,human,0.0
815735463,human,0.951,human,0.0
815735464,human,0.805,human,0.0
815735466,human,0.746,human,0.0
815735467,non_human,0.91,human,1.0
815735468,human,0.974,human,0.0
815735469,human,0.931,human,0.0
815735470,human,0.938,human,0.0
815735471,human,0.979,human,0.0
815735472,human,0.996,human,0.0
815735473,human,0.955,human,0.0
815735475,human,0.882,human,0.0
815735477,human,0.514,human,0.0
815735478,human,0.568,human,0.0
815735479,non_human,0.581,human,1.0
815735480,human,0.872,human,0.0
815735481,human,0.831,human,0.0
815735482,non_human,0.807,non_human,0.0
815735483,human,0.792,human,0.0
815735484,human,0.896,human,0.0
815735485,human,0.719,human,0.0
815735486,human,0.54,non_human,1.0
815735487,human,0.867,human,0.0
815735488,human,0.639,human,0.0
815735489,human,0.875,human,0.0
815735490,human,0.875,human,0.0
815735491,human,0.554,human,0.0
815735492,human,0.974,human,0.0
815735493,human,0.913,human,0.0
815735494,human,0.845,human,0.0
815735495,human,0.967,human,0.0
815735496,human,0.74,human,0.0
815735497,human,0.86,human,0.0
815735498,human,0.918,human,0.0
815735499,human,0.987,human,0.0
815735500,human,0.837,non_human,1.0
815735503,human,0.799,human,0.0
815735504,human,0.99,human,0.0
815735505,non_human,0.555,human,1.0
815735506,human,0.977,human,0.0
815735507,human,0.955,human,0.0
815735508,non_human,0.594,non_human,0.0
815735509,human,0.924,human,0.0
815735510,human,0.812,non_human,1.0
815735511,non_human,0.872,non_human,0.0
815735512,human,0.866,human,0.0
815735514,human,0.872,human,0.0
815735515,non_human,0.774,non_human,0.0
815735516,human,0.811,human,0.0
815735517,human,0.864,human,0.0
815735518,human,0.973,human,0.0
815735519,human,0.891,human,0.0
815735520,non_human,0.599,human,1.0
815735521,human,0.654,human,0.0
815735522,human,0.956,human,0.0
815735523,human,0.791,human,0.0
815735524,human,0.903,human,0.0
815735525,human,0.775,human,0.0
815735526,human,0.863,human,0.0
815735527,human,0.719,non_human,1.0
815735528,human,0.975,human,0.0
815735529,human,0.742,non_human,1.0
815735530,human,0.961,human,0.0
815735531,human,0.946,human,0.0
815735532,human,0.986,human,0.0
815735533,human,0.912,non_human,1.0
815735534,human,0.858,non_human,1.0
815735535,human,0.771,human,0.0
815735536,human,0.921,human,0.0
815735537,non_human,0.765,non_human,0.0
815735538,human,0.773,human,0.0
815735539,human,0.722,human,0.0
815735540,human,0.891,human,0.0
815735541,human,0.964,human,0.0
815735542,human,0.542,human,0.0
815735543,human,0.878,human,0.0
815735544,human,0.991,human,0.0
815735545,non_human,0.706,non_human,0.0
815735546,non_human,0.664,non_human,0.0
815735547,non_human,0.741,human,1.0
815735549,human,0.732,human,0.0
815735550,human,0.986,human,0.0
815735551,non_human,0.655,non_human,0.0
815735552,human,0.947,human,0.0
815735553,non_human,0.65,non_human,0.0
815735554,non_human,0.666,non_human,0.0
815735555,non_human,0.786,human,1.0
815735556,human,0.949,human,0.0
815735557,human,0.9,human,0.0
815735558,human,0.812,human,0.0
815735559,non_human,0.734,non_human,0.0
815735560,human,0.611,human,0.0
815735561,human,0.947,human,0.0
815735563,human,0.968,human,0.0
815735564,non_human,0.703,human,1.0
815735565,human,0.692,human,0.0
815735566,non_human,0.744,non_human,0.0
815735567,human,0.887,human,0.0
815735568,human,0.823,human,0.0
815735569,human,0.979,human,0.0
815735570,human,0.796,human,0.0
815735571,human,0.935,human,0.0
815735572,human,0.8,human,0.0
815735573,non_human,0.836,human,1.0
815735574,human,0.548,human,0.0
815735575,non_human,0.655,human,1.0
815735576,human,0.962,human,0.0
815735577,human,0.861,non_human,1.0
815735578,human,0.966,human,0.0
815735580,human,0.862,human,0.0
815735581,human,0.864,human,0.0
815735582,human,0.767,human,0.0
815735583,human,0.92,human,0.0
815735584,human,0.905,human,0.0
815735585,human,0.753,non_human,1.0
815735586,human,0.582,non_human,1.0
815735588,human,0.649,non_human,1.0
815735589,non_human,0.578,non_human,0.0
815735591,human,0.745,human,0.0
815735592,human,0.91,human,0.0
815735593,human,0.777,human,0.0
815735594,human,0.92,human,0.0
815735596,non_human,0.733,human,1.0
815735597,human,0.878,human,0.0
815735599,human,0.852,human,0.0
815735600,non_human,0.795,non_human,0.0
815735602,non_human,0.715,non_human,0.0
815735607,human,0.929,non_human,1.0
815735608,human,0.979,human,0.0
815735609,human,0.727,human,0.0
815735610,human,0.918,human,0.0
815735611,human,0.983,human,0.0
815735612,human,0.958,human,0.0
815735613,human,0.644,non_human,1.0
815735614,non_human,0.666,human,1.0
815735615,human,0.957,human,0.0
815735616,human,0.92,human,0.0
815735617,non_human,0.643,non_human,0.0
815735618,human,0.929,human,0.0
815735619,human,0.933,human,0.0
815735620,human,0.961,human,0.0
815735621,human,0.895,human,0.0
815735622,human,0.622,human,0.0
815735623,human,0.888,human,0.0
815735624,human,0.938,non_human,1.0
815735627,non_human,0.652,non_human,0.0
815735629,human,0.872,human,0.0
815735630,human,0.583,non_human,1.0
815735631,human,0.911,human,0.0
815735635,human,0.704,human,0.0
815735636,non_human,0.58,non_human,0.0
815735637,non_human,0.549,human,1.0
815735639,human,0.897,human,0.0
815735640,human,0.934,human,0.0
815735641,human,0.975,human,0.0
815735642,human,0.82,non_human,1.0
815735643,human,0.924,human,0.0
815735645,human,0.836,human,0.0
815735648,human,0.883,human,0.0
815735649,human,0.631,non_human,1.0
815735650,human,0.963,human,0.0
815735651,human,0.51,human,0.0
815735652,human,0.952,human,0.0
815735653,human,0.71,human,0.0
815735654,human,0.865,human,0.0
815735655,human,0.842,human,0.0
815735656,human,0.72,human,0.0
815735657,human,0.572,human,0.0
815735658,human,0.9,human,0.0
815735659,human,0.972,human,0.0
815735660,human,0.844,non_human,1.0
815735661,human,0.874,human,0.0
815735662,human,0.759,human,0.0
815735663,non_human,0.64,non_human,0.0
815735664,human,0.978,human,0.0
815735665,human,0.904,human,0.0
815735666,human,0.815,non_human,1.0
815735667,human,0.55,human,0.0
815735668,human,0.713,human,0.0
815735669,human,0.989,human,0.0
815735670,human,0.741,non_human,1.0
815735671,non_human,0.557,non_human,0.0
815735672,human,0.983,human,0.0
815735674,human,0.735,human,0.0
815735675,human,0.994,human,0.0
815735676,human,0.97,human,0.0
815735677,non_human,0.78,non_human,0.0
815735678,human,0.838,human,0.0
815735679,human,0.525,human,0.0
815735680,human,0.953,human,0.0
815735681,non_human,0.712,non_human,0.0
815735682,human,0.682,human,0.0
815735684,human,0.905,human,0.0
815735685,human,0.867,human,0.0
815735686,non_human,0.89,non_human,0.0
815735687,human,0.953,non_human,1.0
815735688,human,0.836,human,0.0
815735689,human,0.937,non_human,1.0
815735690,human,0.85,human,0.0
815735691,non_human,0.615,non_human,0.0
815735692,human,0.649,human,0.0
815735693,human,0.883,human,0.0
815735694,human,0.845,non_human,1.0
815735696,human,0.973,human,0.0
815735697,human,0.99,human,0.0
815735698,human,0.927,human,0.0
815735699,non_human,0.544,human,1.0
815735700,non_human,0.705,non_human,0.0
815735701,human,0.644,non_human,1.0
815735702,human,0.996,human,0.0
815735703,human,0.978,human,0.0
815735704,non_human,0.646,non_human,0.0
815735708,human,0.91,human,0.0
815735709,non_human,0.565,non_human,0.0
815735710,non_human,0.767,non_human,0.0
815735712,human,0.77,human,0.0
815735713,human,0.618,non_human,1.0
815735714,human,0.735,human,0.0
815735715,non_human,0.581,non_human,0.0
815735717,non_human,0.933,non_human,0.0
815735718,non_human,0.827,human,1.0
815735719,human,0.905,human,0.0
815735720,non_human,0.604,non_human,0.0
815735721,non_human,0.616,human,1.0
815735722,human,0.838,human,0.0
815735723,human,0.668,human,0.0
815735724,human,0.877,human,0.0
815735725,human,0.715,human,0.0
815735727,human,0.912,human,0.0
815735729,human,0.982,human,0.0
815735730,non_human,0.715,non_human,0.0
815735731,human,0.958,human,0.0
815735732,human,0.992,human,0.0
815735733,human,0.911,human,0.0
815735734,non_human,0.509,non_human,0.0
815735735,non_human,0.668,non_human,0.0
815735736,human,0.817,human,0.0
815735738,non_human,0.757,human,1.0
815735739,non_human,0.593,non_human,0.0
815735740,human,0.858,human,0.0
815735741,human,0.828,human,0.0
815735742,human,0.919,non_human,1.0
815735743,human,0.74,human,0.0
815735744,human,0.939,human,0.0
815735745,human,0.98,human,0.0
815735746,human,0.815,human,0.0
815735747,human,0.919,human,0.0
815735748,non_human,0.646,non_human,0.0
815735749,human,0.912,human,0.0
815735750,human,0.911,human,0.0
815735753,human,0.861,human,0.0
815735754,human,0.934,human,0.0
815735755,human,0.889,human,0.0
815735757,human,0.93,human,0.0
815735759,human,0.687,non_human,1.0
815735760,human,0.832,human,0.0
815735761,human,0.891,human,0.0
815735762,human,0.976,human,0.0
815735763,human,0.785,non_human,1.0
815735764,non_human,0.698,non_human,0.0
815735765,human,0.946,human,0.0
815735766,non_human,0.547,human,1.0
815735767,human,0.927,non_human,1.0
815735768,human,0.819,human,0.0
815735769,non_human,0.896,non_human,0.0
815735770,human,0.911,human,0.0
815735771,human,0.95,human,0.0
815735772,human,0.878,human,0.0
815735773,non_human,0.701,non_human,0.0
815735774,human,0.902,human,0.0
815735775,human,0.926,human,0.0
815735776,non_human,0.84,non_human,0.0
815735777,human,0.924,human,0.0
815735778,non_human,0.794,human,1.0
815735780,non_human,0.724,human,1.0
815735781,human,0.792,human,0.0
815735782,non_human,0.587,non_human,0.0
815735784,non_human,0.832,human,1.0
815735785,non_human,0.697,human,1.0
815735786,human,0.906,human,0.0
815735788,human,0.782,human,0.0
815735789,non_human,0.672,human,1.0
815735790,human,0.616,human,0.0
815735791,non_human,0.767,human,1.0
815735793,human,0.774,human,0.0
815735794,human,0.99,human,0.0
815735795,non_human,0.679,non_human,0.0
815735796,human,0.739,non_human,1.0
815735797,human,0.713,human,0.0
815735798,human,0.832,non_human,1.0
815735799,non_human,0.593,non_human,0.0
815735800,human,0.735,non_human,1.0
815735801,non_human,0.621,human,1.0
815735802,human,0.875,human,0.0
815735803,human,0.577,non_human,1.0
815735804,non_human,0.686,non_human,0.0
815735805,non_human,0.9,non_human,0.0
815735807,non_human,0.577,non_human,0.0
815735810,human,0.949,human,0.0
815735811,non_human,0.701,non_human,0.0
815735812,non_human,0.749,human,1.0
815735814,human,0.856,human,0.0
815735815,human,0.5,human,0.0
815735816,human,0.722,human,0.0
815735817,non_human,0.597,non_human,0.0
815735818,non_human,0.837,human,1.0
815735820,non_human,0.597,human,1.0
815735821,non_human,0.58,non_human,0.0
815735822,human,0.826,human,0.0
815735823,non_human,0.677,non_human,0.0
815735824,human,0.66,human,0.0
815735825,non_human,0.774,non_human,0.0
815735826,non_human,0.688,human,1.0
815735827,human,0.949,human,0.0
815735828,non_human,0.701,human,1.0
815735829,human,0.879,human,0.0
815735831,non_human,0.622,non_human,0.0
815735832,human,0.76,non_human,1.0
815735833,human,0.945,human,0.0
815735834,human,0.765,human,0.0
815735836,human,0.718,non_human,1.0
815735837,non_human,0.571,non_human,0.0
815735839,human,0.913,human,0.0
815735840,human,0.553,non_human,1.0
815735841,non_human,0.608,non_human,0.0
815735842,non_human,0.537,human,1.0
815735843,human,0.912,human,0.0
815735844,human,0.951,human,0.0
815735845,human,0.959,human,0.0
815735846,non_human,0.645,non_human,0.0
815735847,human,0.975,human,0.0
815735848,human,0.597,human,0.0
815735849,human,0.994,human,0.0
815735850,non_human,0.738,non_human,0.0
815735851,human,0.906,human,0.0
815735852,human,0.993,human,0.0
815735853,human,0.988,human,0.0
815735854,human,0.931,human,0.0
815735855,non_human,0.506,non_human,0.0
815735856,human,0.791,non_human,1.0
815735857,human,0.891,human,0.0
815735858,human,0.603,non_human,1.0
815735859,non_human,0.83,non_human,0.0
815735860,human,0.905,human,0.0
815735861,human,0.626,human,0.0
815735862,human,0.928,human,0.0
815735863,non_human,0.544,non_human,0.0
815735864,human,0.941,human,0.0
815735865,human,0.944,human,0.0
815735867,human,0.822,non_human,1.0
815735868,non_human,0.662,non_human,0.0
815735869,human,0.718,human,0.0
815735870,non_human,0.787,non_human,0.0
815735871,human,0.93,non_human,1.0
815735872,human,0.86,human,0.0
815735873,non_human,0.635,human,1.0
815735874,human,0.976,human,0.0
815735876,non_human,0.734,human,1.0
815735877,human,0.922,human,0.0
815735878,non_human,0.719,non_human,0.0
815735879,human,0.768,human,0.0
815735880,human,0.745,human,0.0
815735881,human,0.922,human,0.0
815735882,human,0.984,human,0.0
815735883,human,0.955,human,0.0
815735884,non_human,0.83,human,1.0
815735885,non_human,0.629,human,1.0
815735886,human,0.907,human,0.0
815735887,human,0.804,human,0.0
815735888,human,0.915,human,0.0
815735889,human,0.956,non_human,1.0
815735890,non_human,0.512,human,1.0
815735891,human,0.78,non_human,1.0
815735892,human,0.815,human,0.0
815735894,human,0.85,human,0.0
815735895,human,0.936,human,0.0
815735896,human,0.907,human,0.0
815735897,human,0.972,human,0.0
815735899,human,0.933,human,0.0
815735900,human,0.845,human,0.0
815735901,human,0.941,human,0.0
815735902,human,0.582,human,0.0
815735903,human,0.98,human,0.0
815735905,non_human,0.662,non_human,0.0
815735906,human,0.903,human,0.0
815735907,human,0.52,non_human,1.0
815735908,human,0.923,human,0.0
815735909,human,0.952,human,0.0
815735911,non_human,0.526,non_human,0.0
815735912,non_human,0.635,non_human,0.0
815735915,human,0.98,human,0.0
815735916,human,0.944,non_human,1.0
815735917,human,0.69,human,0.0
815735918,human,0.936,human,0.0
815735919,human,0.968,human,0.0
815735920,human,0.826,human,0.0
815735921,human,0.95,human,0.0
815735923,human,0.977,human,0.0
815735925,human,0.985,human,0.0
815735926,human,0.896,human,0.0
815735928,human,0.833,human,0.0
815735929,non_human,0.878,non_human,0.0
815735931,non_human,0.766,non_human,0.0
815735932,human,0.852,human,0.0
815735933,non_human,0.547,human,1.0
815735934,human,0.69,human,0.0
815735935,human,0.981,human,0.0
815735936,human,0.959,human,0.0
815735937,human,0.95,human,0.0
815735938,human,0.792,non_human,1.0
815735941,human,0.76,non_human,1.0
815735942,non_human,0.669,human,1.0
815735943,human,0.834,human,0.0
815735944,human,0.853,human,0.0
815735945,human,0.731,human,0.0
815735946,human,0.67,non_human,1.0
815735947,human,0.913,human,0.0
815735948,non_human,0.832,human,1.0
815735949,human,0.905,human,0.0
815735950,human,0.895,human,0.0
815735951,human,0.917,human,0.0
815735952,human,0.714,human,0.0
815735954,human,0.957,human,0.0
815735955,human,0.913,human,0.0
815735956,human,0.825,human,0.0
815735957,non_human,0.582,non_human,0.0
815735960,human,0.562,human,0.0
815735962,human,0.787,human,0.0
815735963,human,0.651,non_human,1.0
815735964,human,0.665,human,0.0
815735965,human,0.859,human,0.0
815735967,human,0.74,non_human,1.0
815735968,human,0.916,non_human,1.0
815735969,human,0.784,human,0.0
815735970,human,0.764,human,0.0
815735972,human,0.731,human,0.0
815735973,human,0.503,human,0.0
815735975,human,0.932,human,0.0
815735978,human,0.977,human,0.0
815735979,non_human,0.686,human,1.0
815735980,human,0.877,non_human,1.0
815735981,human,0.919,human,0.0
815735982,human,0.507,non_human,1.0
815735983,human,0.801,human,0.0
815735985,human,0.884,non_human,1.0
815735986,human,0.881,human,0.0
815735987,human,0.93,human,0.0
815735988,non_human,0.85,non_human,0.0
815735989,human,0.865,human,0.0
815735990,non_human,0.68,non_human,0.0
815735994,human,0.719,non_human,1.0
815735995,human,0.928,human,0.0
815735996,human,0.819,human,0.0
815735997,human,0.943,human,0.0
815735998,human,0.841,human,0.0
815735999,human,0.862,human,0.0
815736000,human,0.778,non_human,1.0
815736001,non_human,0.721,non_human,0.0
815736002,human,0.995,human,0.0
815736003,human,0.75,human,0.0
815736004,human,0.959,human,0.0
815736005,human,0.891,human,0.0
815736007,non_human,0.625,human,1.0
815736008,human,0.951,human,0.0
815736009,human,0.693,non_human,1.0
815736010,non_human,0.537,human,1.0
815736013,human,0.887,non_human,1.0
815736014,non_human,0.624,human,1.0
815736015,human,0.948,human,0.0
815736016,human,0.753,human,0.0
815736017,human,0.853,human,0.0
815736018,human,0.881,human,0.0
815736019,human,0.898,human,0.0
815736020,human,0.773,human,0.0
815736021,human,0.939,human,0.0
815736022,human,0.829,human,0.0
815736023,human,0.928,human,0.0
815736024,non_human,0.601,human,1.0
815736025,human,0.936,human,0.0
815736026,human,0.808,non_human,1.0
815736027,human,0.939,human,0.0
815736029,human,0.764,human,0.0
815736030,human,0.6,human,0.0
815736034,human,0.796,human,0.0
815736035,human,0.943,human,0.0
815736036,non_human,0.689,human,1.0
815736037,human,0.945,human,0.0
815736038,human,0.921,human,0.0
815736039,non_human,0.52,non_human,0.0
815736040,human,0.708,human,0.0
815736041,human,0.968,human,0.0
815736042,human,0.995,human,0.0
815736043,human,0.62,human,0.0
815736044,human,0.662,non_human,1.0
815736045,human,0.974,human,0.0
815736046,human,0.882,human,0.0
815736047,non_human,0.788,non_human,0.0
815736048,human,0.909,human,0.0
815736049,non_human,0.517,human,1.0
815736050,human,0.894,human,0.0
815736051,human,0.822,human,0.0
815736052,human,0.764,human,0.0
815736053,human,0.902,human,0.0
815736054,human,0.938,human,0.0
815736055,human,0.978,human,0.0
815736056,human,0.539,human,0.0
815736057,human,0.956,human,0.0
815736058,human,0.964,human,0.0
815736059,human,0.922,human,0.0
815736060,non_human,0.737,human,1.0
815736061,human,0.821,human,0.0
815736063,human,0.774,human,0.0
815736064,human,0.963,human,0.0
815736065,human,0.888,non_human,1.0
815736066,human,0.634,human,0.0
815736068,non_human,0.771,non_human,0.0
815736069,human,0.99,human,0.0
815736070,human,0.781,human,0.0
815736071,human,0.75,human,0.0
815736072,human,0.579,non_human,1.0
815736073,human,0.966,human,0.0
815736074,human,0.836,human,0.0
815736075,human,0.802,human,0.0
815736076,human,0.566,human,0.0
815736077,human,0.692,human,0.0
815736078,human,0.878,human,0.0
815736079,human,0.679,human,0.0
815736080,human,0.95,human,0.0
815736081,human,0.992,human,0.0
815736083,human,0.984,human,0.0
815736084,human,0.993,human,0.0
815736085,human,0.846,human,0.0
815736086,non_human,0.773,non_human,0.0
815736087,human,0.865,human,0.0
815736088,human,0.97,human,0.0
815736089,human,0.877,human,0.0
815736090,human,0.987,human,0.0
815736091,non_human,0.699,non_human,0.0
815736092,human,0.738,human,0.0
815736093,human,0.571,non_human,1.0
815736095,human,0.946,non_human,1.0
815736096,human,0.992,human,0.0
815736097,human,0.92,human,0.0
815736098,human,0.933,human,0.0
815736099,human,0.948,human,0.0
815736100,human,0.756,human,0.0
815736101,human,0.933,human,0.0
815736102,human,0.804,human,0.0
815736103,human,0.995,human,0.0
815736104,human,0.889,human,0.0
815736105,human,0.733,human,0.0
815736106,human,0.503,non_human,1.0
815736107,human,0.923,human,0.0
815736108,human,0.807,human,0.0
815736109,human,0.974,human,0.0
815736110,human,0.73,non_human,1.0
815736111,human,0.683,human,0.0
815736112,human,0.889,human,0.0
815736115,human,0.972,human,0.0
815736116,human,0.858,human,0.0
815736117,human,0.986,human,0.0
815736118,human,0.923,human,0.0
815736119,human,0.932,human,0.0
815736120,human,0.804,human,0.0
815736122,human,0.805,human,0.0
815736123,non_human,0.774,human,1.0
815736124,human,0.765,human,0.0
815736125,human,0.819,human,0.0
815736126,human,0.795,human,0.0
815736127,human,0.972,human,0.0
815736129,human,0.885,human,0.0
815736130,human,0.938,human,0.0
815736131,human,0.98,human,0.0
815736132,human,0.745,human,0.0
815736133,human,0.716,non_human,1.0
815736134,human,0.869,non_human,1.0
815736135,non_human,0.57,non_human,0.0
815736137,non_human,0.636,non_human,0.0
815736139,human,0.871,human,0.0
815736140,human,0.897,human,0.0
815736141,human,0.892,human,0.0
815736142,human,0.594,human,0.0
815736143,non_human,0.7,non_human,0.0
815736144,human,0.813,non_human,1.0
815736146,human,0.891,human,0.0
815736147,human,0.799,non_human,1.0
815736148,human,0.874,human,0.0
815736149,human,0.651,non_human,1.0
815736150,human,0.769,human,0.0
815736151,human,0.887,human,0.0
815736152,human,0.897,human,0.0
815736153,human,0.871,human,0.0
815736154,human,0.941,non_human,1.0
815736156,human,0.793,human,0.0
815736157,non_human,0.704,non_human,0.0
815736159,human,0.862,human,0.0
815736160,human,0.978,human,0.0
815736161,human,0.939,human,0.0
815736162,human,0.879,human,0.0
815736163,human,0.824,human,0.0
815736165,human,0.859,human,0.0
815736166,human,0.517,human,0.0
815736167,human,0.939,human,0.0
815736168,human,0.753,non_human,1.0
815736169,human,0.809,human,0.0
815736170,human,0.942,human,0.0
815736171,human,0.825,human,0.0
815736172,human,0.741,human,0.0
815736173,human,0.828,non_human,1.0
815736174,non_human,0.852,human,1.0
815736175,human,0.631,human,0.0
815736176,human,0.966,human,0.0
815736177,human,0.96,non_human,1.0
815736178,human,0.742,human,0.0
815736179,non_human,0.933,non_human,0.0
815736180,human,0.875,human,0.0
815736181,non_human,0.91,non_human,0.0
815736182,human,0.881,human,0.0
815736183,human,0.953,human,0.0
815736184,human,0.884,human,0.0
815736185,human,0.979,human,0.0
815736186,human,0.954,human,0.0
815736187,human,0.99,human,0.0
815736188,human,0.833,human,0.0
815736189,human,0.967,human,0.0
815736190,human,0.963,human,0.0
815736191,non_human,0.617,human,1.0
815736192,human,0.759,non_human,1.0
815736193,non_human,0.903,non_human,0.0
815736195,human,0.526,human,0.0
815736196,human,0.772,human,0.0
815736197,human,0.922,human,0.0
815736198,human,0.978,human,0.0
815736199,human,0.969,human,0.0
815736200,human,0.817,human,0.0
815736201,human,0.922,human,0.0
815736202,human,0.983,human,0.0
815736203,human,0.901,human,0.0
815736204,human,0.895,human,0.0
815736205,human,0.914,human,0.0
815736206,non_human,0.52,human,1.0
815736207,human,0.928,human,0.0
815736208,human,0.66,human,0.0
815736209,human,0.844,human,0.0
815736211,human,0.848,human,0.0
815736212,human,0.805,human,0.0
815736213,non_human,0.691,non_human,0.0
815736214,non_human,0.56,human,1.0
815736217,human,0.613,non_human,1.0
815736219,non_human,0.522,human,1.0
815736220,human,0.927,human,0.0
815736221,human,0.782,human,0.0
815736223,human,0.969,human,0.0
815736224,human,0.98,human,0.0
815736225,non_human,0.723,non_human,0.0
815736226,non_human,0.837,non_human,0.0
815736227,human,0.924,human,0.0
815736228,non_human,0.541,human,1.0
815736229,human,0.833,human,0.0
815736230,human,0.83,human,0.0
815736232,human,0.927,human,0.0
815736234,human,0.97,human,0.0
815736235,human,0.842,human,0.0
815736236,human,0.762,non_human,1.0
815736237,human,0.946,human,0.0
815736238,human,0.864,human,0.0
815736239,human,0.838,human,0.0
815736240,human,0.965,non_human,1.0
815736241,human,0.969,human,0.0
815736242,human,0.937,human,0.0
815736244,human,0.721,human,0.0
815736245,non_human,0.757,non_human,0.0
815736246,human,0.946,human,0.0
815736247,human,0.834,non_human,1.0
815736248,human,0.806,human,0.0
815736249,non_human,0.672,non_human,0.0
815736251,non_human,0.55,human,1.0
815736252,human,0.687,human,0.0
815736253,human,0.911,human,0.0
815736255,human,0.917,human,0.0
815736256,human,0.749,human,0.0
815736258,non_human,0.512,human,1.0
815736259,human,0.94,human,0.0
815736261,human,0.738,non_human,1.0
815736263,human,0.985,human,0.0
815736264,non_human,0.695,non_human,0.0
815736265,human,0.95,human,0.0
815736266,human,0.949,human,0.0
815736267,human,0.849,human,0.0
815736268,human,0.694,non_human,1.0
815736269,human,0.947,human,0.0
815736270,human,0.85,non_human,1.0
815736271,human,0.818,human,0.0
815736272,human,0.626,human,0.0
815736273,human,0.808,human,0.0
815736274,non_human,0.504,human,1.0
815736275,human,0.902,human,0.0
815736276,human,0.548,non_human,1.0
815736277,human,0.762,human,0.0
815736278,human,0.947,human,0.0
815736279,non_human,0.595,non_human,0.0
815736280,human,0.796,human,0.0
815736281,human,0.919,non_human,1.0
815736282,non_human,0.517,non_human,0.0
815736283,non_human,0.777,non_human,0.0
815736284,human,0.944,human,0.0
815736285,non_human,0.649,human,1.0
815736286,non_human,0.729,non_human,0.0
815736287,human,0.998,human,0.0
815736288,human,0.617,non_human,1.0
815736289,non_human,0.672,non_human,0.0
815736290,human,0.914,human,0.0
815736291,human,0.841,human,0.0
815736292,non_human,0.786,non_human,0.0
815736293,human,0.956,non_human,1.0
815736294,human,0.597,non_human,1.0
815736295,human,0.861,human,0.0
815736296,non_human,0.706,non_human,0.0
815736297,non_human,0.748,non_human,0.0
815736299,human,0.664,human,0.0
815736300,human,0.978,human,0.0
815736301,human,0.916,non_human,1.0
815736302,human,0.899,human,0.0
815736303,human,0.599,human,0.0
815736304,human,0.603,non_human,1.0
815736305,human,0.973,human,0.0
815736307,human,0.803,human,0.0
815736308,human,0.878,human,0.0
815736309,human,0.919,human,0.0
815736310,human,0.88,human,0.0
815736311,human,0.994,human,0.0
815736313,human,0.714,human,0.0
815736314,human,0.693,human,0.0
815736315,human,0.877,human,0.0
815736316,non_human,0.608,non_human,0.0
815736319,human,0.721,human,0.0
815736320,human,0.963,human,0.0
815736321,non_human,0.678,non_human,0.0
815736322,human,0.538,human,0.0
815736323,human,0.929,human,0.0
815736325,non_human,0.906,non_human,0.0
815736326,human,0.655,human,0.0
815736327,non_human,0.541,non_human,0.0
815736328,non_human,0.592,non_human,0.0
815736329,human,0.601,human,0.0
815736330,human,0.93,non_human,1.0
815736331,human,0.925,human,0.0
815736332,human,0.68,non_human,1.0
815736333,non_human,0.842,human,1.0
815736334,human,0.972,human,0.0
815736335,human,0.567,non_human,1.0
815736336,human,0.963,human,0.0
815736337,human,0.954,human,0.0
815736338,human,0.993,human,0.0
815736340,human,0.55,human,0.0
815736341,human,0.918,human,0.0
815736342,human,0.644,human,0.0
815736343,human,0.69,human,0.0
815736344,human,0.791,non_human,1.0
815736345,human,0.779,human,0.0
815736346,human,0.841,non_human,1.0
815736347,human,0.538,non_human,1.0
815736348,non_human,0.529,non_human,0.0
815736349,human,0.912,human,0.0
815736350,human,0.972,human,0.0
815736351,human,0.788,non_human,1.0
815736352,human,0.986,human,0.0
815736353,human,0.733,human,0.0
815736355,non_human,0.73,non_human,0.0
815736356,non_human,0.698,non_human,0.0
815736357,human,0.913,human,0.0
815736360,human,0.684,human,0.0
815736361,non_human,0.574,non_human,0.0
815736362,human,0.734,human,0.0
815736363,human,0.924,human,0.0
815736364,non_human,0.636,non_human,0.0
815736365,non_human,0.548,human,1.0
815736366,non_human,0.58,human,1.0
815736367,human,0.972,human,0.0
815736368,human,0.964,human,0.0
815736369,human,0.815,human,0.0
815736370,human,0.943,human,0.0
815736371,human,0.601,non_human,1.0
815736372,human,0.954,human,0.0
815736373,non_human,0.761,non_human,0.0
815736374,human,0.916,non_human,1.0
815736375,human,0.942,human,0.0
815736376,human,0.991,human,0.0
815736377,human,0.868,human,0.0
815736378,human,0.939,human,0.0
815736379,human,0.698,non_human,1.0
815736380,human,0.774,human,0.0
815736381,human,0.834,human,0.0
815736382,human,0.896,human,0.0
815736383,human,0.585,non_human,1.0
815736384,human,0.976,human,0.0
815736386,non_human,0.725,human,1.0
815736387,non_human,0.629,human,1.0
815736388,human,0.872,human,0.0
815736389,human,0.785,human,0.0
815736390,human,0.901,human,0.0
815736391,human,0.735,human,0.0
815736392,human,0.949,human,0.0
815736393,human,0.985,human,0.0
815736395,human,0.517,non_human,1.0
815736396,human,0.889,human,0.0
815736397,non_human,0.648,non_human,0.0
815736398,human,0.964,human,0.0
815736399,non_human,0.58,non_human,0.0
815736400,human,0.987,human,0.0
815736401,human,0.919,human,0.0
815736402,human,0.961,human,0.0
815736403,human,0.844,human,0.0
815736404,human,0.925,human,0.0
815736406,non_human,0.559,human,1.0
815736407,human,0.629,human,0.0
815736408,human,0.897,non_human,1.0
815736409,human,0.592,human,0.0
815736410,human,0.591,human,0.0
815736411,human,0.842,human,0.0
815736412,human,0.905,non_human,1.0
815736413,human,0.886,human,0.0
815736414,human,0.957,human,0.0
815736415,human,0.685,human,0.0
815736416,human,0.871,human,0.0
815736417,human,0.952,human,0.0
815736418,human,0.778,human,0.0
815736421,human,0.523,human,0.0
815736422,human,0.971,human,0.0
815736423,human,0.881,human,0.0
815736424,human,0.588,non_human,1.0
815736425,human,0.73,human,0.0
815736426,human,0.978,human,0.0
815736427,human,0.665,non_human,1.0
815736428,human,0.721,human,0.0
815736429,human,0.974,human,0.0
815736431,human,0.552,human,0.0
815736432,non_human,0.69,non_human,0.0
815736433,human,0.722,human,0.0
815736434,human,0.985,human,0.0
815736435,human,0.849,human,0.0
815736436,human,0.802,non_human,1.0
815736437,non_human,0.82,non_human,0.0
815736438,human,0.989,human,0.0
815736439,human,0.828,human,0.0
815736440,human,0.919,human,0.0
815736441,non_human,0.691,non_human,0.0
815736442,non_human,0.756,non_human,0.0
815736443,human,0.727,human,0.0
815736444,human,0.894,human,0.0
815736445,non_human,0.563,human,1.0
815736446,human,0.897,human,0.0
815736447,human,0.807,human,0.0
815736448,human,0.798,human,0.0
815736449,non_human,0.69,non_human,0.0
815736450,human,0.945,human,0.0
815736451,human,0.74,human,0.0
815736453,non_human,0.863,non_human,0.0
815736454,human,0.968,human,0.0
815736456,human,0.951,human,0.0
815736457,human,0.823,human,0.0
815736458,human,0.74,human,0.0
815736459,human,0.919,human,0.0
815736460,human,0.927,human,0.0
815736461,human,0.973,non_human,1.0
815736462,human,0.729,non_human,1.0
815736463,human,0.906,human,0.0
815736465,non_human,0.526,human,1.0
815736466,non_human,0.902,human,1.0
815736467,human,0.804,human,0.0
815736469,non_human,0.703,human,1.0
815736470,human,0.978,human,0.0
815736471,human,0.937,human,0.0
815736472,non_human,0.718,non_human,0.0
815736474,human,0.867,non_human,1.0
815736475,human,0.989,human,0.0
815736476,human,0.839,human,0.0
815736478,human,0.86,human,0.0
815736479,non_human,0.507,non_human,0.0
815736480,human,0.73,human,0.0
815736481,human,0.666,human,0.0
815736482,human,0.515,non_human,1.0
815736483,human,0.81,human,0.0
815736484,human,0.973,human,0.0
815736485,human,0.781,non_human,1.0
815736486,human,0.923,human,0.0
815736488,human,0.867,human,0.0
815736489,human,0.739,non_human,1.0
815736490,non_human,0.55,non_human,0.0
815736492,human,0.67,non_human,1.0
815736493,non_human,0.563,non_human,0.0
815736494,human,0.833,human,0.0
815736495,human,0.957,human,0.0
815736496,human,0.981,human,0.0
815736497,human,0.948,human,0.0
815736498,human,0.807,human,0.0
815736500,human,0.993,human,0.0
815736501,human,0.944,human,0.0
815736502,human,0.571,non_human,1.0
815736503,human,0.858,non_human,1.0
815736504,human,0.75,human,0.0
815736506,human,0.929,human,0.0
815736507,human,0.859,human,0.0
815736508,human,0.957,human,0.0
815736509,human,0.991,human,0.0
815736510,non_human,0.852,non_human,0.0
815736513,human,0.902,human,0.0
815736514,non_human,0.75,non_human,0.0
815736515,human,0.789,human,0.0
815736516,human,0.977,human,0.0
815736518,human,0.897,human,0.0
815736519,human,0.696,non_human,1.0
815736520,human,0.895,human,0.0
815736523,human,0.987,human,0.0
815736524,human,0.846,human,0.0
815736525,human,0.58,human,0.0
815736527,human,0.769,human,0.0
815736528,human,0.903,human,0.0
815736529,human,0.965,human,0.0
815736530,human,0.815,human,0.0
815736531,human,0.858,human,0.0
815736532,human,0.973,human,0.0
815736533,human,0.993,human,0.0
815736534,human,0.583,human,0.0
815736535,human,0.928,human,0.0
815736536,human,0.549,human,0.0
815736537,non_human,0.811,non_human,0.0
815736538,human,0.995,human,0.0
815736539,human,0.67,human,0.0
815736540,human,0.917,human,0.0
815736541,human,0.988,human,0.0
815736542,human,0.971,human,0.0
815736543,human,0.975,human,0.0
815736544,human,0.619,human,0.0
815736545,human,0.939,human,0.0
815736547,human,0.957,human,0.0
815736548,human,0.8,human,0.0
815736549,human,0.935,human,0.0
815736550,human,0.591,non_human,1.0
815736551,human,0.94,human,0.0
815736552,human,0.965,human,0.0
815736553,human,0.996,human,0.0
815736554,human,0.819,human,0.0
815736555,human,0.805,non_human,1.0
815736556,human,0.765,human,0.0
815736558,human,0.891,human,0.0
815736561,human,0.81,human,0.0
815736562,human,0.579,non_human,1.0
815736563,human,0.886,human,0.0
815736564,human,0.926,human,0.0
815736565,human,0.994,human,0.0
815736566,human,0.81,human,0.0
815736567,human,0.941,human,0.0
815736568,non_human,0.527,human,1.0
815736569,human,0.972,human,0.0
815736571,human,0.856,human,0.0
815736572,human,0.671,non_human,1.0
815736573,human,0.91,human,0.0
815736574,human,0.831,human,0.0
815736575,human,0.93,human,0.0
815736576,human,0.899,human,0.0
815736577,human,0.865,human,0.0
815736578,human,0.56,human,0.0
815736579,non_human,0.654,human,1.0
815736580,human,0.513,non_human,1.0
815736581,human,0.955,human,0.0
815736582,human,0.92,human,0.0
815736583,human,0.721,human,0.0
815736584,human,0.937,human,0.0
815736585,human,0.774,human,0.0
815736586,human,0.88,human,0.0
815736587,human,0.698,human,0.0
815736588,human,0.84,human,0.0
815736589,human,0.904,non_human,1.0
815736591,human,0.988,human,0.0
815736594,human,0.847,human,0.0
815736595,human,0.977,human,0.0
815736596,human,0.992,human,0.0
815736597,human,0.946,human,0.0
815736601,human,0.933,non_human,1.0
815736602,human,0.901,human,0.0
815736603,human,0.777,human,0.0
815736606,human,0.989,human,0.0
815736607,human,0.605,human,0.0
815736608,human,0.898,human,0.0
815736609,human,0.94,human,0.0
815736611,human,0.746,human,0.0
815736612,human,0.949,human,0.0
815736613,human,0.783,human,0.0
815736615,human,0.896,non_human,1.0
815736616,human,0.889,human,0.0
815736617,human,0.87,human,0.0
815736618,human,0.993,human,0.0
815736619,non_human,0.83,non_human,0.0
815736620,human,0.635,human,0.0
815736621,non_human,0.631,human,1.0
815736622,human,0.933,human,0.0
815736626,human,0.901,human,0.0
815736627,human,0.992,human,0.0
815736628,human,0.957,human,0.0
815736629,human,0.984,human,0.0
815736630,human,0.959,human,0.0
815736631,human,0.832,human,0.0
815736632,human,0.852,human,0.0
815736633,human,0.764,human,0.0
815736634,human,0.98,human,0.0
815736635,human,0.731,human,0.0
815736636,non_human,0.539,human,1.0
815736638,human,0.98,human,0.0
815736639,human,0.607,human,0.0
815736642,human,0.837,human,0.0
815736644,non_human,0.814,non_human,0.0
815736645,human,0.987,human,0.0
815736646,human,0.676,human,0.0
815736647,human,0.561,human,0.0
815736648,non_human,0.599,non_human,0.0
815736649,human,0.952,human,0.0
815736650,human,0.92,human,0.0
815736652,human,0.844,human,0.0
815736653,human,0.526,human,0.0
815736655,human,0.975,human,0.0
815736656,human,0.962,human,0.0
815736657,human,0.834,human,0.0
815736658,human,0.839,human,0.0
815736659,non_human,0.529,human,1.0
815736660,human,0.896,human,0.0
815736661,human,0.962,human,0.0
815736662,human,0.957,human,0.0
815736663,human,0.952,human,0.0
815736664,human,0.781,human,0.0
815736665,human,0.942,human,0.0
815736668,human,0.645,human,0.0
815736669,human,0.532,non_human,1.0
815736670,non_human,0.728,non_human,0.0
815736671,non_human,0.614,non_human,0.0
815736672,human,0.895,human,0.0
815736675,human,0.882,non_human,1.0
815736676,human,0.821,human,0.0
815736677,human,0.826,human,0.0
815736678,human,0.926,human,0.0
815736679,human,0.956,human,0.0
815736680,human,0.871,human,0.0
815736681,human,0.895,human,0.0
815736682,human,0.98,human,0.0
815736684,human,0.804,human,0.0
815736685,non_human,0.545,non_human,0.0
815736686,human,0.985,human,0.0
815736687,human,0.559,non_human,1.0
815736688,human,0.94,human,0.0
815736690,human,0.846,human,0.0
815736691,human,0.629,non_human,1.0
815736692,human,0.589,human,0.0
815736693,human,0.867,non_human,1.0
815736694,human,0.864,non_human,1.0
815736695,human,0.65,human,0.0
815736696,human,0.829,non_human,1.0
815736697,human,0.989,human,0.0
815736699,human,0.953,human,0.0
815736700,human,0.562,human,0.0
815736701,human,0.568,human,0.0
815736702,human,0.774,human,0.0
815736703,human,0.939,human,0.0
815736704,human,0.853,human,0.0
815736705,human,0.975,human,0.0
815736707,human,0.831,human,0.0
815736708,human,0.767,human,0.0
815736709,non_human,0.709,human,1.0
815736710,human,0.939,human,0.0
815736711,human,0.565,human,0.0
815736712,human,0.985,human,0.0
815736713,human,0.789,human,0.0
815736714,human,0.883,human,0.0
815736715,human,0.724,human,0.0
815736716,human,0.977,human,0.0
815736717,human,0.597,non_human,1.0
815736718,human,0.862,human,0.0
815736719,human,0.929,human,0.0
815736720,human,0.916,human,0.0
815736721,human,0.923,human,0.0
815736722,human,0.921,non_human,1.0
815736723,human,0.951,human,0.0
815736724,human,0.814,human,0.0
815736725,human,0.986,human,0.0
815736728,human,0.935,human,0.0
815736730,human,0.729,non_human,1.0
815736731,human,0.887,human,0.0
815736732,human,0.974,human,0.0
815736733,human,0.76,non_human,1.0
815736734,human,0.795,human,0.0
815736735,human,0.832,non_human,1.0
815736736,human,0.832,non_human,1.0
815736737,human,0.804,human,0.0
815736738,human,0.801,human,0.0
815736739,human,0.702,human,0.0
815736740,human,0.659,human,0.0
815736741,human,0.94,human,0.0
815736742,human,0.847,human,0.0
815736743,human,0.947,human,0.0
815736744,human,0.943,human,0.0
815736745,human,0.843,human,0.0
815736746,human,0.988,human,0.0
815736747,human,0.781,human,0.0
815736748,human,0.687,human,0.0
815736749,human,0.976,human,0.0
815736750,human,0.919,human,0.0
815736751,human,0.852,human,0.0
815736752,human,0.97,human,0.0
815736753,human,0.99,human,0.0
815736754,human,0.96,human,0.0
815736755,human,0.752,human,0.0
815736756,non_human,0.829,non_human,0.0
815736757,human,0.995,human,0.0
815736758,human,0.955,human,0.0
815736760,human,0.792,human,0.0
815736761,human,0.841,human,0.0
815736762,human,0.945,human,0.0
815736763,human,0.95,human,0.0
815736764,human,0.995,human,0.0
815736766,human,0.965,human,0.0
815736768,human,0.979,human,0.0
815736769,human,0.883,human,0.0
815736770,human,0.595,human,0.0
815736771,human,0.832,human,0.0
815736772,non_human,0.631,non_human,0.0
815736773,human,0.782,non_human,1.0
815736775,human,0.719,human,0.0
815736776,human,0.896,human,0.0
815736777,non_human,0.543,non_human,0.0
815736778,human,0.709,non_human,1.0
815736779,non_human,0.552,human,1.0
815736780,non_human,0.519,human,1.0
815736781,human,0.75,human,0.0
815736782,human,0.723,human,0.0
815736783,human,0.792,non_human,1.0
815736784,human,0.956,human,0.0
815736785,human,0.963,human,0.0
815736786,human,0.977,human,0.0
815736787,human,0.971,human,0.0
815736788,human,0.879,non_human,1.0
815736789,human,0.951,human,0.0
815736790,human,0.622,human,0.0
815736791,non_human,0.536,human,1.0
815736792,human,0.805,human,0.0
815736793,human,0.625,human,0.0
815736794,human,0.548,human,0.0
815736795,human,0.633,human,0.0
815736796,human,0.843,human,0.0
815736797,human,0.793,human,0.0
815736798,non_human,0.848,non_human,0.0
815736799,human,0.803,non_human,1.0
815736800,human,0.581,human,0.0
815736801,human,0.981,human,0.0
815736802,human,0.975,human,0.0
815736803,human,0.938,human,0.0
815736804,human,0.925,human,0.0
815736805,human,0.948,human,0.0
815736807,human,0.672,human,0.0
815736808,human,0.781,human,0.0
815736809,human,0.995,human,0.0
815736810,human,0.708,non_human,1.0
815736811,human,0.676,non_human,1.0
815736813,human,0.724,human,0.0
815736814,human,0.973,human,0.0
815736815,human,0.799,human,0.0
815736816,human,0.823,human,0.0
815736817,human,0.782,non_human,1.0
815736819,non_human,0.66,human,1.0
815736820,human,0.85,human,0.0
815736821,human,0.937,human,0.0
815736822,human,0.872,non_human,1.0
815736823,human,0.678,human,0.0
815736824,human,0.933,human,0.0
815736825,human,0.97,human,0.0
815736826,human,0.932,human,0.0
815736827,human,0.843,human,0.0
815736831,human,0.6,human,0.0
815736832,human,0.632,human,0.0
815736833,non_human,0.816,non_human,0.0
815736834,human,0.798,human,0.0
815736835,human,0.9,human,0.0
815736836,human,0.692,human,0.0
815736837,human,0.982,human,0.0
815736838,human,0.814,human,0.0
815736840,human,0.542,human,0.0
815736842,non_human,0.66,non_human,0.0
815736843,human,0.916,human,0.0
815736844,non_human,0.68,non_human,0.0
815736846,human,0.983,human,0.0
815736847,human,0.918,human,0.0
815736848,human,0.979,human,0.0
815736849,human,0.934,human,0.0
815736850,human,0.842,human,0.0
815736851,human,0.623,human,0.0
815736852,human,0.833,human,0.0
815736853,human,0.686,non_human,1.0
815736854,human,0.958,human,0.0
815736855,human,0.805,human,0.0
815736857,human,0.588,non_human,1.0
815736859,human,0.953,human,0.0
815736860,human,0.909,human,0.0
815736861,human,0.85,human,0.0
815736862,human,0.549,non_human,1.0
815736863,human,0.822,human,0.0
815736864,human,0.842,human,0.0
815736865,human,0.955,human,0.0
815736866,human,0.97,human,0.0
815736867,human,0.942,human,0.0
815736868,non_human,0.575,non_human,0.0
815736870,human,0.896,human,0.0
815736871,human,0.944,human,0.0
815736872,human,0.774,human,0.0
815736873,human,0.884,human,0.0
815736874,human,0.737,human,0.0
815736875,human,0.969,human,0.0
815736876,human,0.748,human,0.0
815736877,human,0.947,human,0.0
815736878,human,0.94,human,0.0
815736879,human,0.813,human,0.0
815736880,human,0.872,human,0.0
815736881,human,0.723,human,0.0
815736883,human,0.974,human,0.0
815736884,human,0.824,human,0.0
815736885,human,0.932,human,0.0
815736886,human,0.898,human,0.0
815736887,human,0.945,human,0.0
815736888,human,0.862,human,0.0
815736889,human,0.543,human,0.0
815736890,human,0.898,human,0.0
815736892,human,0.978,human,0.0
815736893,human,0.776,non_human,1.0
815736894,non_human,0.525,human,1.0
815736895,human,0.935,human,0.0
815736896,human,0.969,human,0.0
815736897,human,0.809,human,0.0
815736899,human,0.506,human,0.0
815736900,human,0.908,human,0.0
815736901,human,0.854,human,0.0
815736902,human,0.95,human,0.0
815736903,human,0.736,human,0.0
815736904,human,0.781,human,0.0
815736905,human,0.987,human,0.0
815736906,human,0.956,human,0.0
815736908,human,0.842,human,0.0
815736909,human,0.769,non_human,1.0
815736910,human,0.813,human,0.0
815736911,human,0.938,human,0.0
815736912,human,0.72,non_human,1.0
815736913,human,0.864,human,0.0
815736916,human,0.69,non_human,1.0
815736918,human,0.736,human,0.0
815736919,human,0.985,human,0.0
815736920,human,0.916,human,0.0
815736921,human,0.847,human,0.0
815736922,human,0.966,human,0.0
815736923,human,0.935,human,0.0
815736924,human,0.768,non_human,1.0
815736925,human,0.932,human,0.0
815736926,human,0.986,human,0.0
815736927,human,0.991,human,0.0
815736928,human,0.975,human,0.0
815736929,non_human,0.612,non_human,0.0
815736932,human,0.768,human,0.0
815736933,human,0.852,human,0.0
815736934,human,0.914,human,0.0
815736935,human,0.987,human,0.0
815736936,human,0.704,human,0.0
815736937,human,0.848,human,0.0
815736938,human,0.98,human,0.0
815736939,human,0.928,non_human,1.0
815736940,human,0.949,human,0.0
815736941,human,0.966,human,0.0
815736942,human,0.893,human,0.0
815736943,human,0.843,non_human,1.0
815736944,human,0.891,human,0.0
815736945,human,0.807,non_human,1.0
815736946,human,0.93,human,0.0
815736947,human,0.558,non_human,1.0
815736948,human,0.809,human,0.0
815736949,human,0.727,non_human,1.0
815736950,non_human,0.52,human,1.0
815736951,human,0.925,human,0.0
815736952,human,0.935,human,0.0
815736953,human,0.909,human,0.0
815736954,human,0.72,human,0.0
815736955,human,0.789,human,0.0
815736956,human,0.827,non_human,1.0
815736957,human,0.939,human,0.0
815736959,non_human,0.645,human,1.0
815736960,human,0.662,human,0.0
815736961,human,0.961,human,0.0
815736962,human,0.989,non_human,1.0
815736963,human,0.984,human,0.0
815736965,human,0.615,human,0.0
815736966,non_human,0.534,non_human,0.0
815736967,non_human,0.671,non_human,0.0
815736968,human,0.767,human,0.0
815736970,human,0.898,human,0.0
815736972,human,0.619,non_human,1.0
815736973,human,0.607,human,0.0
815736974,human,0.915,human,0.0
815736975,human,0.919,human,0.0
815736976,human,0.611,human,0.0
815736977,human,0.845,human,0.0
815736978,human,0.882,human,0.0
815736979,human,0.991,human,0.0
815736980,human,0.761,human,0.0
815736983,human,0.869,human,0.0
815736984,human,0.77,human,0.0
815736985,human,0.868,human,0.0
815736987,human,0.645,human,0.0
815736988,human,0.947,human,0.0
815736989,human,0.707,non_human,1.0
815736990,human,0.639,non_human,1.0
815736991,human,0.904,human,0.0
815736992,human,0.826,human,0.0
815736993,human,0.777,human,0.0
815736994,human,0.882,non_human,1.0
815736995,human,0.935,human,0.0
815736996,non_human,0.586,non_human,0.0
815736997,non_human,0.823,non_human,0.0
815736998,human,0.748,non_human,1.0
815736999,human,0.906,human,0.0
815737000,human,0.989,human,0.0
815737001,human,0.97,human,0.0
815737002,human,0.771,human,0.0
815737003,human,0.882,human,0.0
815737004,human,0.926,non_human,1.0
815737007,human,0.851,human,0.0
815737008,human,0.844,human,0.0
815737009,non_human,0.72,human,1.0
815737010,human,0.763,human,0.0
815737011,non_human,0.698,non_human,0.0
815737012,human,0.972,human,0.0
815737013,human,0.928,human,0.0
815737014,human,0.815,human,0.0
815737015,human,0.967,human,0.0
815737016,human,0.741,human,0.0
815737017,human,0.791,human,0.0
815737018,human,0.879,non_human,1.0
815737019,human,0.983,human,0.0
815737021,human,0.804,human,0.0
815737023,human,0.629,human,0.0
815737024,human,0.657,human,0.0
815737025,human,0.812,human,0.0
815737026,human,0.993,human,0.0
815737027,human,0.787,non_human,1.0
815737028,human,0.805,non_human,1.0
815737029,non_human,0.816,human,1.0
815737030,human,0.976,human,0.0
815737031,human,0.6,human,0.0
815737036,human,0.983,non_human,1.0
815737037,human,0.687,human,0.0
815737038,human,0.797,non_human,1.0
815737039,human,0.985,human,0.0
815737040,human,0.907,human,0.0
815737041,human,0.893,human,0.0
815737042,human,0.921,human,0.0
815737043,human,0.726,human,0.0
815737044,non_human,0.916,non_human,0.0
815737045,human,0.781,human,0.0
815737047,human,0.623,non_human,1.0
815737048,non_human,0.839,non_human,0.0
815737049,human,0.845,human,0.0
815737050,human,0.933,non_human,1.0
815737051,human,0.995,human,0.0
815737052,human,0.813,human,0.0
815737053,human,0.899,human,0.0
815737055,non_human,0.627,human,1.0
815737056,human,0.59,human,0.0
815737058,non_human,0.501,non_human,0.0
815737059,non_human,0.88,non_human,0.0
815737060,human,0.883,human,0.0
815737061,human,0.958,human,0.0
815737064,non_human,0.752,non_human,0.0
815737065,human,0.964,human,0.0
815737066,human,0.906,human,0.0
815737068,human,0.673,human,0.0
815737069,human,0.981,human,0.0
815737070,human,0.637,human,0.0
815737071,human,0.913,human,0.0
815737072,human,0.598,human,0.0
815737073,human,0.807,human,0.0
815737074,human,0.943,human,0.0
815737075,human,0.972,human,0.0
815737076,human,0.675,human,0.0
815737077,human,0.955,human,0.0
815737078,non_human,0.708,non_human,0.0
815737079,human,0.659,human,0.0
815737080,non_human,0.654,human,1.0
815737081,human,0.913,human,0.0
815737082,human,0.549,human,0.0
815737083,non_human,0.692,non_human,0.0
815737084,human,0.507,human,0.0
815737085,non_human,0.561,human,1.0
815737086,human,0.929,human,0.0
815737087,human,0.928,non_human,1.0
815737088,human,0.901,human,0.0
815737089,human,0.504,non_human,1.0
815737090,human,0.798,human,0.0
815737091,human,0.934,human,0.0
815737093,non_human,0.701,non_human,0.0
815737094,human,0.634,human,0.0
815737095,human,0.747,human,0.0
815737096,human,0.941,human,0.0
815737098,human,0.924,human,0.0
815737099,human,0.839,human,0.0
815737100,human,0.858,human,0.0
815737101,human,0.796,human,0.0
815737102,human,0.977,human,0.0
815737103,human,0.9,human,0.0
815737104,human,0.892,human,0.0
815737105,non_human,0.811,non_human,0.0
815737107,non_human,0.598,non_human,0.0
815737108,human,0.842,human,0.0
815737110,human,0.888,human,0.0
815737111,human,0.927,non_human,1.0
815737112,non_human,0.912,non_human,0.0
815737113,non_human,0.516,human,1.0
815737114,human,0.984,human,0.0
815737115,human,0.662,human,0.0
815737116,human,0.755,human,0.0
815737117,human,0.838,human,0.0
815737118,human,0.587,human,0.0
815737119,human,0.734,human,0.0
815737120,human,0.91,human,0.0
815737122,human,0.667,non_human,1.0
815737123,human,0.787,human,0.0
815737124,human,0.903,human,0.0
815737125,human,0.783,human,0.0
815737126,human,0.898,human,0.0
815737127,human,0.846,human,0.0
815737128,human,0.976,human,0.0
815737129,human,0.882,human,0.0
815737130,human,0.87,human,0.0
815737131,human,0.988,human,0.0
815737132,non_human,0.774,non_human,0.0
815737133,human,0.715,human,0.0
815737134,human,0.892,human,0.0
815737136,human,0.876,non_human,1.0
815737137,human,0.794,human,0.0
815737138,human,0.604,human,0.0
815737139,human,0.92,human,0.0
815737140,human,0.881,human,0.0
815737141,human,0.627,non_human,1.0
815737142,human,0.901,human,0.0
815737143,human,0.793,human,0.0
815737145,human,0.839,non_human,1.0
815737147,human,0.882,human,0.0
815737149,human,0.912,human,0.0
815737150,non_human,0.844,non_human,0.0
815737151,human,0.887,human,0.0
815737152,human,0.802,human,0.0
815737153,human,0.944,human,0.0
815737154,human,0.733,human,0.0
815737155,human,0.92,human,0.0
815737156,human,0.928,human,0.0
815737157,non_human,0.684,human,1.0
815737158,human,0.914,human,0.0
815737160,human,0.974,human,0.0
815737162,human,0.723,human,0.0
815737163,human,0.957,human,0.0
815737164,human,0.656,human,0.0
815737165,human,0.926,human,0.0
815737166,human,0.984,human,0.0
815737167,non_human,0.526,non_human,0.0
815737168,human,0.994,human,0.0
815737169,human,0.992,human,0.0
815737170,human,0.735,human,0.0
815737171,non_human,0.536,non_human,0.0
815737172,non_human,0.634,human,1.0
815737174,human,0.959,human,0.0
815737175,human,0.726,non_human,1.0
815737176,human,0.926,human,0.0
815737177,human,0.974,human,0.0
815737178,human,0.692,human,0.0
815737179,human,0.896,human,0.0
815737180,human,0.915,human,0.0
815737181,human,0.961,non_human,1.0
815737182,human,0.759,non_human,1.0
815737183,non_human,0.816,non_human,0.0
815737184,human,0.954,human,0.0
815737185,human,0.903,human,0.0
815737186,human,0.91,non_human,1.0
815737187,human,0.892,human,0.0
815737188,human,0.917,human,0.0
815737189,human,0.92,human,0.0
815737190,non_human,0.732,non_human,0.0
815737192,non_human,0.553,human,1.0
815737194,non_human,0.621,human,1.0
815737195,human,0.961,human,0.0
815737196,human,0.781,non_human,1.0
815737197,human,0.943,human,0.0
815737198,human,0.939,human,0.0
815737199,human,0.764,human,0.0
815737201,human,0.965,human,0.0
815737202,non_human,0.777,non_human,0.0
815737204,non_human,0.738,human,1.0
815737205,human,0.9,human,0.0
815737206,human,0.975,human,0.0
815737207,human,0.7,human,0.0
815737209,non_human,0.506,non_human,0.0
815737210,human,0.947,human,0.0
815737211,human,0.975,human,0.0
815737212,human,0.944,human,0.0
815737213,human,0.753,human,0.0
815737214,human,0.907,non_human,1.0
815737215,human,0.819,human,0.0
815737216,human,0.63,human,0.0
815737217,non_human,0.765,non_human,0.0
815737218,human,0.727,human,0.0
815737219,human,0.695,human,0.0
815737220,non_human,0.508,non_human,0.0
815737223,human,0.562,human,0.0
815737224,human,0.644,human,0.0
815737225,human,0.873,human,0.0
815737226,human,0.884,human,0.0
815737227,human,0.838,human,0.0
815737228,human,0.935,human,0.0
815737229,human,0.978,human,0.0
815737230,non_human,0.56,non_human,0.0
815737231,human,0.941,human,0.0
815737232,human,0.765,non_human,1.0
815737233,human,0.932,human,0.0
815737234,human,0.765,human,0.0
815737235,human,0.669,human,0.0
815737239,non_human,0.687,human,1.0
815737240,non_human,0.655,non_human,0.0
815737241,human,0.524,non_human,1.0
815737242,non_human,0.601,human,1.0
815737243,human,0.916,human,0.0
815737244,human,0.922,non_human,1.0
815737245,human,0.843,human,0.0
815737246,human,0.925,human,0.0
815737247,human,0.938,human,0.0
815737248,human,0.67,human,0.0
815737249,human,0.824,human,0.0
815737250,human,0.876,human,0.0
815737251,human,0.818,human,0.0
815737252,non_human,0.525,non_human,0.0
815737253,human,0.691,human,0.0
815737254,human,0.561,non_human,1.0
815737255,human,0.762,non_human,1.0
815737256,human,0.905,human,0.0
815737257,non_human,0.544,non_human,0.0
815737258,human,0.892,human,0.0
815737259,human,0.958,human,0.0
815737261,human,0.921,human,0.0
815737262,human,0.968,human,0.0
815737263,human,0.726,human,0.0
815737264,human,0.785,human,0.0
815737265,human,0.876,human,0.0
815737266,human,0.841,human,0.0
815737267,human,0.545,human,0.0
815737268,human,0.907,human,0.0
815737269,human,0.88,human,0.0
815737270,human,0.615,non_human,1.0
815737271,human,0.884,non_human,1.0
815737272,human,0.941,human,0.0
815737273,human,0.995,human,0.0
815737274,human,0.801,human,0.0
815737275,non_human,0.542,human,1.0
815737276,human,0.746,human,0.0
815737277,non_human,0.535,human,1.0
815737278,human,0.966,human,0.0
815737279,human,0.838,human,0.0
815737280,human,0.775,human,0.0
815737283,human,0.785,human,0.0
815737284,human,0.68,human,0.0
815737285,non_human,0.654,non_human,0.0
815737286,non_human,0.708,non_human,0.0
815737288,human,0.947,human,0.0
815737289,human,0.923,non_human,1.0
815737290,human,0.913,human,0.0
815737291,human,0.898,human,0.0
815737292,human,0.574,non_human,1.0
815737293,human,0.81,human,0.0
815737294,human,0.77,human,0.0
815737295,human,0.951,human,0.0
815737297,non_human,0.58,human,1.0
815737298,human,0.851,human,0.0
815737299,human,0.543,human,0.0
815737300,human,0.869,human,0.0
815737301,human,0.75,human,0.0
815737302,human,0.978,human,0.0
815737303,human,0.979,non_human,1.0
815737304,human,0.702,human,0.0
815737305,human,0.971,human,0.0
815737306,human,0.884,non_human,1.0
815737309,human,0.92,human,0.0
815737311,human,0.522,human,0.0
815737312,human,0.879,human,0.0
815737313,human,0.873,human,0.0
815737314,non_human,0.589,human,1.0
815737315,human,0.927,human,0.0
815737317,human,0.974,human,0.0
815737318,human,0.88,human,0.0
815737319,human,0.928,human,0.0
815737320,human,0.979,human,0.0
815737321,non_human,0.811,non_human,0.0
815737322,human,0.934,human,0.0
815737323,non_human,0.599,human,1.0
815737324,human,0.914,human,0.0
815737325,non_human,0.707,human,1.0
815737326,human,0.755,non_human,1.0
815737327,human,0.722,human,0.0
815737328,human,0.773,human,0.0
815737329,human,0.758,human,0.0
815737330,human,0.98,human,0.0
815737331,human,0.616,human,0.0
815737332,human,0.962,human,0.0
815737333,human,0.857,human,0.0
815737334,human,0.925,human,0.0
815737335,human,0.909,human,0.0
815737336,human,0.931,human,0.0
815737337,human,0.825,non_human,1.0
815737338,human,0.888,human,0.0
815737343,human,0.967,human,0.0
815737345,human,0.97,human,0.0
815737346,human,0.871,non_human,1.0
815737347,human,0.924,human,0.0
815737348,human,0.922,human,0.0
815737350,human,0.971,human,0.0
815737351,human,0.968,human,0.0
815737352,human,0.943,human,0.0
815737353,human,0.644,human,0.0
815737354,human,0.982,human,0.0
815737355,human,0.96,human,0.0
815737356,human,0.915,human,0.0
815737357,human,0.911,human,0.0
815737358,human,0.83,human,0.0
815737359,human,0.865,human,0.0
815737360,human,0.977,human,0.0
815737361,human,0.979,human,0.0
815737362,human,0.953,human,0.0
815737363,non_human,0.649,non_human,0.0
815737365,non_human,0.634,non_human,0.0
815737366,human,0.783,human,0.0
815737367,human,0.548,non_human,1.0
815737368,human,0.941,human,0.0
815737369,human,0.914,human,0.0
815737372,human,0.903,human,0.0
815737374,human,0.987,human,0.0
815737375,human,0.959,human,0.0
815737376,non_human,0.727,non_human,0.0
815737377,non_human,0.567,human,1.0
815737378,human,0.628,human,0.0
815737379,human,0.881,human,0.0
815737380,human,0.532,human,0.0
815737381,human,0.819,non_human,1.0
815737382,human,0.752,human,0.0
815737383,human,0.777,human,0.0
815737384,non_human,0.509,human,1.0
815737385,human,0.962,human,0.0
815737386,human,0.995,human,0.0
815737387,human,0.874,human,0.0
815737388,human,0.67,human,0.0
815737389,human,0.992,human,0.0
815737390,human,0.823,human,0.0
815737391,human,0.971,human,0.0
815737393,human,0.939,non_human,1.0
815737394,human,0.876,human,0.0
815737395,human,0.539,non_human,1.0
815737396,human,0.961,human,0.0
815737398,human,0.984,human,0.0
815737400,human,0.532,human,0.0
815737401,human,0.91,human,0.0
815737402,human,0.969,human,0.0
815737403,human,0.989,human,0.0
815737404,human,0.884,non_human,1.0
815737405,human,0.862,human,0.0
815737407,human,0.912,human,0.0
815737408,non_human,0.798,human,1.0
815737409,human,0.981,human,0.0
815737411,non_human,0.512,non_human,0.0
815737412,human,0.801,human,0.0
815737414,human,0.896,human,0.0
815737415,human,0.994,human,0.0
815737417,human,0.819,non_human,1.0
815737418,human,0.782,human,0.0
815737419,non_human,0.715,non_human,0.0
815737420,human,0.946,human,0.0
815737421,human,0.874,human,0.0
815737422,non_human,0.523,human,1.0
815737423,human,0.919,human,0.0
815737424,human,0.653,non_human,1.0
815737425,human,0.89,human,0.0
815737426,human,0.977,human,0.0
815737427,human,0.969,human,0.0
815737428,human,0.991,human,0.0
815737429,non_human,0.771,non_human,0.0
815737431,non_human,0.82,non_human,0.0
815737432,human,0.758,human,0.0
815737434,human,0.93,human,0.0
815737435,human,0.942,human,0.0
815737436,human,0.809,human,0.0
815737437,non_human,0.795,non_human,0.0
815737438,human,0.566,human,0.0
815737439,human,0.63,human,0.0
815737440,human,0.788,human,0.0
815737441,human,0.975,human,0.0
815737442,human,0.874,human,0.0
815737444,human,0.813,human,0.0
815737445,human,0.893,human,0.0
815737448,human,0.954,human,0.0
815737449,human,0.716,human,0.0
815737450,non_human,0.743,non_human,0.0
815737452,human,0.669,human,0.0
815737453,human,0.959,human,0.0
815737454,human,0.896,human,0.0
815737455,human,0.931,human,0.0
815737456,human,0.746,human,0.0
815737457,non_human,0.611,non_human,0.0
815737458,human,0.94,human,0.0
815737459,human,0.985,human,0.0
815737460,human,0.871,human,0.0
815737461,human,0.732,human,0.0
815737462,human,0.919,human,0.0
815737463,human,0.667,non_human,1.0
815737465,human,0.965,human,0.0
815737466,human,0.992,human,0.0
815737467,human,0.945,human,0.0
815737468,human,0.984,human,0.0
815737469,human,0.669,human,0.0
815737471,human,0.666,human,0.0
815737473,human,0.942,human,0.0
815737475,human,0.729,human,0.0
815737476,human,0.556,human,0.0
815737477,human,0.679,human,0.0
815737478,human,0.973,human,0.0
815737479,non_human,0.533,non_human,0.0
815737480,human,0.828,human,0.0
815737482,non_human,0.506,human,1.0
815737483,human,0.939,human,0.0
815737484,non_human,0.622,non_human,0.0
815737485,human,0.985,human,0.0
815737486,human,0.627,human,0.0
815737487,non_human,0.662,non_human,0.0
815737488,human,0.841,human,0.0
815737489,non_human,0.715,non_human,0.0
815737490,human,0.924,non_human,1.0
815737493,human,0.697,human,0.0
815737494,human,0.838,human,0.0
815737495,non_human,0.769,non_human,0.0
815737496,human,0.84,human,0.0
815737497,human,0.976,human,0.0
815737498,human,0.964,human,0.0
815737499,human,0.745,human,0.0
815737500,non_human,0.526,human,1.0
815737501,human,0.774,human,0.0
815737502,human,0.997,human,0.0
815737503,human,0.942,human,0.0
815737504,human,0.921,human,0.0
815737505,human,0.896,human,0.0
815737506,non_human,0.572,non_human,0.0
815737507,human,0.871,non_human,1.0
815737508,human,0.856,human,0.0
815737509,human,0.925,non_human,1.0
815737511,human,0.974,human,0.0
815737513,human,0.913,non_human,1.0
815737514,human,0.989,human,0.0
815737515,human,0.662,non_human,1.0
815737516,human,0.51,non_human,1.0
815737517,human,0.985,human,0.0
815737518,human,0.86,human,0.0
815737519,human,0.937,human,0.0
815737520,human,0.922,human,0.0
815737521,human,0.763,non_human,1.0
815737522,human,0.535,non_human,1.0
815737523,non_human,0.577,non_human,0.0
815737524,human,0.855,human,0.0
815737525,human,0.968,human,0.0
815737526,human,0.988,human,0.0
815737528,human,0.768,human,0.0
815737529,human,0.901,human,0.0
815737530,non_human,0.571,human,1.0
815737531,human,0.817,human,0.0
815737532,human,0.681,human,0.0
815737534,human,0.817,human,0.0
815737535,human,0.87,human,0.0
815737536,human,0.984,human,0.0
815737537,human,0.764,human,0.0
815737538,human,0.555,non_human,1.0
815737539,human,0.993,human,0.0
815737541,non_human,0.702,non_human,0.0
815737542,human,0.867,human,0.0
815737543,human,0.99,human,0.0
815737544,human,0.921,human,0.0
815737547,human,0.562,human,0.0
815737549,human,0.977,human,0.0
815737550,human,0.75,non_human,1.0
815737551,human,0.956,human,0.0
815737552,human,0.882,human,0.0
815737553,human,0.834,human,0.0
815737554,human,0.967,non_human,1.0
815737555,human,0.849,human,0.0
815737556,human,0.793,human,0.0
815737558,non_human,0.583,human,1.0
815737560,human,0.762,human,0.0
815737561,human,0.918,human,0.0
815737562,human,0.988,human,0.0
815737563,human,0.893,human,0.0
815737564,human,0.737,human,0.0
815737565,human,0.941,human,0.0
815737566,human,0.855,human,0.0
815737567,human,0.964,human,0.0
815737568,human,0.972,human,0.0
815737569,non_human,0.771,non_human,0.0
815737571,human,0.763,non_human,1.0
815737572,human,0.873,human,0.0
815737573,human,0.777,human,0.0
815737574,human,0.929,human,0.0
815737575,human,0.837,human,0.0
815737576,human,0.951,human,0.0
815737577,human,0.56,human,0.0
815737578,human,0.543,non_human,1.0
815737579,human,0.879,human,0.0
815737580,human,0.578,human,0.0
815737581,non_human,0.804,non_human,0.0
815737582,non_human,0.632,human,1.0
815737583,non_human,0.842,human,1.0
815737584,human,0.943,human,0.0
815737585,human,0.977,human,0.0
815737586,human,0.961,human,0.0
815737587,non_human,0.638,non_human,0.0
815737588,human,0.857,non_human,1.0
815737589,human,0.642,human,0.0
815737590,non_human,0.612,human,1.0
815737591,human,0.943,human,0.0
815737592,human,0.929,human,0.0
815737593,non_human,0.812,non_human,0.0
815737594,human,0.952,human,0.0
815737597,human,0.736,human,0.0
815737598,human,0.874,human,0.0
815737599,human,0.963,human,0.0
815737601,human,0.984,human,0.0
815737602,non_human,0.674,human,1.0
815737604,human,0.938,human,0.0
815737606,human,0.782,non_human,1.0
815737608,human,0.859,human,0.0
815737609,human,0.967,human,0.0
815737611,human,0.842,human,0.0
815737612,human,0.978,human,0.0
815737613,human,0.964,non_human,1.0
815737614,non_human,0.608,non_human,0.0
815737615,non_human,0.571,human,1.0
815737616,human,0.891,human,0.0
815737618,human,0.569,non_human,1.0
815737619,human,0.984,human,0.0
815737620,human,0.967,human,0.0
815737621,non_human,0.57,human,1.0
815737622,human,0.649,human,0.0
815737623,human,0.858,human,0.0
815737624,human,0.983,human,0.0
815737625,human,0.615,human,0.0
815737627,human,0.686,human,0.0
815737628,human,0.979,human,0.0
815737629,human,0.944,human,0.0
815737630,human,0.984,human,0.0
815737631,non_human,0.609,non_human,0.0
815737632,human,0.782,human,0.0
815737633,non_human,0.573,human,1.0
815737634,human,0.977,human,0.0
815737635,human,0.743,human,0.0
815737637,human,0.638,human,0.0
815737638,human,0.973,human,0.0
815737639,human,0.869,human,0.0
815737640,human,0.932,human,0.0
815737641,human,0.954,human,0.0
815737642,non_human,0.632,non_human,0.0
815737643,human,0.606,human,0.0
815737644,human,0.952,human,0.0
815737645,human,0.801,human,0.0
815737646,human,0.967,human,0.0
815737650,human,0.965,human,0.0
815737651,human,0.898,human,0.0
815737652,non_human,0.715,human,1.0
815737653,human,0.76,non_human,1.0
815737654,human,0.922,human,0.0
815737655,human,0.938,human,0.0
815737656,human,0.956,human,0.0
815737657,human,0.97,human,0.0
815737658,human,0.95,human,0.0
815737659,human,0.971,human,0.0
815737660,non_human,0.525,non_human,0.0
815737661,human,0.955,human,0.0
815737664,human,0.866,human,0.0
815737665,human,0.976,human,0.0
815737666,non_human,0.903,non_human,0.0
815737667,human,0.709,human,0.0
815737668,human,0.961,human,0.0
815737669,human,0.936,human,0.0
815737670,human,0.591,human,0.0
815737671,non_human,0.637,non_human,0.0
815737673,human,0.984,human,0.0
815737674,human,0.888,human,0.0
815737675,human,0.811,human,0.0
815737676,human,0.974,human,0.0
815737679,human,0.964,human,0.0
815737680,non_human,0.778,non_human,0.0
815737681,human,0.991,human,0.0
815737682,human,0.731,human,0.0
815737683,human,0.926,human,0.0
815737684,non_human,0.828,human,1.0
815737685,human,0.557,non_human,1.0
815737687,human,0.75,non_human,1.0
815737688,human,0.902,human,0.0
815737691,human,0.849,human,0.0
815737692,human,0.992,human,0.0
815737693,human,0.981,human,0.0
815737694,human,0.934,human,0.0
815737695,human,0.989,human,0.0
815737696,human,0.906,human,0.0
815737697,human,0.911,non_human,1.0
815737698,human,0.956,non_human,1.0
815737699,human,0.851,human,0.0
815737700,human,0.653,non_human,1.0
815737701,human,0.855,human,0.0
815737702,human,0.987,human,0.0
815737703,non_human,0.916,non_human,0.0
815737704,human,0.792,human,0.0
815737705,non_human,0.638,non_human,0.0
815737706,human,0.927,human,0.0
815737707,human,0.973,human,0.0
815737708,non_human,0.765,non_human,0.0
815737709,human,0.85,human,0.0
815737710,non_human,0.839,human,1.0
815737711,non_human,0.649,human,1.0
815737712,human,0.783,human,0.0
815737713,human,0.881,human,0.0
815737714,human,0.922,human,0.0
815737715,human,0.859,human,0.0
815737716,human,0.968,human,0.0
815737718,human,0.869,human,0.0
815737719,human,0.988,human,0.0
815737720,human,0.981,human,0.0
815737721,human,0.706,human,0.0
815737722,human,0.958,human,0.0
815737724,human,0.97,human,0.0
815737725,human,0.666,human,0.0
815737726,human,0.944,human,0.0
815737727,human,0.807,human,0.0
815737729,non_human,0.938,human,1.0
815737731,human,0.535,human,0.0
815737733,human,0.948,human,0.0
815737734,human,0.905,human,0.0
815737735,human,0.988,human,0.0
815737737,human,0.901,human,0.0
815737739,human,0.95,human,0.0
815737740,non_human,0.747,non_human,0.0
815737741,human,0.944,human,0.0
815737742,human,0.93,human,0.0
815737743,human,0.757,human,0.0
815737744,human,0.831,human,0.0
815737745,human,0.801,non_human,1.0
815737746,human,0.924,human,0.0
815737747,human,0.989,human,0.0
815737748,human,0.944,human,0.0
815737749,human,0.716,human,0.0
815737753,human,0.88,non_human,1.0
815737754,human,0.869,human,0.0
815737755,human,0.983,human,0.0
815737756,human,0.918,human,0.0
815737757,human,0.967,human,0.0
815737759,human,0.922,human,0.0
815737760,human,0.764,non_human,1.0
815737761,human,0.87,human,0.0
815737762,human,0.681,human,0.0
815737764,human,0.584,human,0.0
815737765,human,0.885,human,0.0
815737767,non_human,0.622,human,1.0
815737768,human,0.626,non_human,1.0
815737769,human,0.813,non_human,1.0
815737772,human,0.973,human,0.0
815737773,human,0.911,human,0.0
815737774,human,0.9,human,0.0
815737775,non_human,0.508,non_human,0.0
815737777,human,0.554,human,0.0
815737778,human,0.759,human,0.0
815737779,human,0.61,human,0.0
815737780,non_human,0.75,human,1.0
815737782,human,0.666,human,0.0
815737783,non_human,0.818,non_human,0.0
815737784,human,0.964,human,0.0
815737786,human,0.72,human,0.0
815737787,human,0.844,human,0.0
815737788,human,0.97,human,0.0
815737789,human,0.847,human,0.0
815737790,human,0.896,human,0.0
815737791,non_human,0.6,non_human,0.0
815737794,human,0.847,human,0.0
815737795,human,0.865,human,0.0
815737796,human,0.69,human,0.0
815737797,non_human,0.522,human,1.0
815737798,human,0.632,non_human,1.0
815737799,human,0.983,human,0.0
815737800,human,0.865,human,0.0
815737801,human,0.868,human,0.0
815737802,human,0.717,non_human,1.0
815737804,human,0.885,human,0.0
815737805,human,0.955,human,0.0
815737806,human,0.654,human,0.0
815737807,human,0.636,human,0.0
815737809,human,0.873,human,0.0
815737810,non_human,0.501,human,1.0
815737811,human,0.703,non_human,1.0
815737812,human,0.886,human,0.0
815737813,human,0.988,human,0.0
815737814,human,0.844,non_human,1.0
815737815,human,0.518,non_human,1.0
815737816,human,0.922,human,0.0
815737817,human,0.683,non_human,1.0
815737818,human,0.99,human,0.0
815737819,non_human,0.676,human,1.0
815737820,human,0.502,non_human,1.0
815737821,human,0.862,human,0.0
815737822,human,0.763,human,0.0
815737823,human,0.966,human,0.0
815737824,human,0.871,human,0.0
815737825,non_human,0.652,human,1.0
815737826,human,0.778,human,0.0
815737827,human,0.709,human,0.0
815737828,human,0.746,human,0.0
815737829,human,0.952,human,0.0
815737830,human,0.97,human,0.0
815737831,human,0.759,human,0.0
815737833,non_human,0.699,non_human,0.0
815737834,human,0.598,non_human,1.0
815737835,human,0.948,human,0.0
815737836,non_human,0.688,human,1.0
815737837,human,0.967,human,0.0
815737838,human,0.993,human,0.0
815737840,human,0.903,human,0.0
815737842,human,0.897,human,0.0
815737843,human,0.898,human,0.0
815737844,human,0.833,human,0.0
815737845,human,0.867,human,0.0
815737846,human,0.888,human,0.0
815737847,non_human,0.566,human,1.0
815737848,human,0.983,human,0.0
815737849,human,0.929,human,0.0
815737850,human,0.571,non_human,1.0
815737851,human,0.893,human,0.0
815737856,non_human,0.573,non_human,0.0
815737857,non_human,0.521,human,1.0
815737858,human,0.976,human,0.0
815737860,human,0.817,human,0.0
815737861,human,0.888,human,0.0
815737862,human,0.963,human,0.0
815737863,human,0.891,non_human,1.0
815737864,human,0.949,human,0.0
815737865,human,0.929,human,0.0
815737866,human,0.594,non_human,1.0
815737867,human,0.968,non_human,1.0
815737869,human,0.913,human,0.0
815737870,human,0.835,non_human,1.0
815737871,non_human,0.506,human,1.0
815737872,human,0.924,human,0.0
815737873,human,0.836,human,0.0
815737874,human,0.506,human,0.0
815737875,human,0.617,non_human,1.0
815737878,human,0.514,non_human,1.0
815737879,non_human,0.852,non_human,0.0
815737880,non_human,0.509,human,1.0
815737881,human,0.646,human,0.0
815737882,non_human,0.651,human,1.0
815737885,human,0.866,human,0.0
815737886,non_human,0.507,human,1.0
815737887,human,0.939,human,0.0
815737889,human,0.943,human,0.0
815737890,human,0.52,human,0.0
815737891,human,0.797,human,0.0
815737892,human,0.713,human,0.0
815737893,non_human,0.542,human,1.0
815737895,non_human,0.828,non_human,0.0
815737896,human,0.918,human,0.0
815737897,human,0.861,human,0.0
815737899,human,0.988,human,0.0
815737900,non_human,0.815,non_human,0.0
815737901,human,0.996,human,0.0
815737902,human,0.873,non_human,1.0
815737903,human,0.507,non_human,1.0
815737904,human,0.8,human,0.0
815737905,non_human,0.895,human,1.0
815737906,human,0.684,non_human,1.0
815737907,human,0.945,human,0.0
815737908,human,0.817,human,0.0
815737909,human,0.982,human,0.0
815737910,human,0.962,human,0.0
815737911,human,0.651,non_human,1.0
815737912,human,0.923,human,0.0
815737913,human,0.922,human,0.0
815737914,human,0.828,human,0.0
815737915,human,0.951,human,0.0
815737916,human,0.954,human,0.0
815737918,human,0.764,human,0.0
815737919,human,0.729,human,0.0
815737920,human,0.953,non_human,1.0
815737921,human,0.99,human,0.0
815737922,human,0.92,human,0.0
815737923,non_human,0.713,non_human,0.0
815737924,non_human,0.6,human,1.0
815737925,human,0.651,non_human,1.0
815737926,human,0.949,human,0.0
815737927,non_human,0.703,non_human,0.0
815737928,non_human,0.789,non_human,0.0
815737929,human,0.798,human,0.0
815737930,human,0.914,human,0.0
815737931,human,0.891,human,0.0
815737934,non_human,0.575,human,1.0
815737935,human,0.781,human,0.0
815737936,human,0.862,human,0.0
815737937,human,0.86,human,0.0
815737938,human,0.873,human,0.0
815737939,human,0.961,human,0.0
815737940,human,0.62,human,0.0
815737941,human,0.834,non_human,1.0
815737942,human,0.96,human,0.0
815737944,human,0.963,human,0.0
815737945,human,0.782,non_human,1.0
815737946,non_human,0.704,non_human,0.0
815737947,human,0.992,human,0.0
815737948,human,0.976,human,0.0
815737949,human,0.747,non_human,1.0
815737950,human,0.986,human,0.0
815737951,human,0.959,human,0.0
815737952,human,0.946,human,0.0
815737953,human,0.971,human,0.0
815737954,human,0.844,human,0.0
815737955,human,0.941,human,0.0
815737960,human,0.967,non_human,1.0
815737961,non_human,0.852,non_human,0.0
815737962,human,0.974,human,0.0
815737963,human,0.947,human,0.0
815737964,human,0.904,human,0.0
815737965,human,0.603,human,0.0
815737966,human,0.936,human,0.0
815737967,human,0.899,non_human,1.0
815737968,non_human,0.562,human,1.0
815737969,non_human,0.551,non_human,0.0
815737970,human,0.72,non_human,1.0
815737971,non_human,0.593,non_human,0.0
815737972,human,0.717,non_human,1.0
815737973,human,0.72,non_human,1.0
815737974,human,0.859,human,0.0
815737975,human,0.783,human,0.0
815737976,human,0.991,human,0.0
815737977,human,0.595,human,0.0
815737979,non_human,0.826,non_human,0.0
815737980,human,0.802,human,0.0
815737981,human,0.904,human,0.0
815737982,human,0.981,human,0.0
815737983,human,0.956,human,0.0
815737984,human,0.937,human,0.0
815737986,human,0.834,human,0.0
815737987,human,0.68,non_human,1.0
815737988,human,0.903,human,0.0
815737989,human,0.993,human,0.0
815737990,human,0.967,human,0.0
815737991,human,0.811,human,0.0
815737992,human,0.777,human,0.0
815737993,human,0.99,human,0.0
815737994,human,0.9,human,0.0
815737995,human,0.879,human,0.0
815737996,human,0.54,human,0.0
815737997,non_human,0.525,non_human,0.0
815737998,human,0.94,human,0.0
815737999,non_human,0.577,human,1.0
815738000,non_human,0.807,non_human,0.0
815738001,human,0.745,human,0.0
815738002,human,0.523,human,0.0
815738003,non_human,0.59,non_human,0.0
815738004,human,0.95,human,0.0
815738005,human,0.659,non_human,1.0
815738006,human,0.97,human,0.0
815738007,human,0.965,human,0.0
815738008,human,0.896,human,0.0
815738009,human,0.876,non_human,1.0
815738010,human,0.959,human,0.0
815738011,non_human,0.645,human,1.0
815738012,human,0.946,non_human,1.0
815738013,human,0.965,human,0.0
815738014,human,0.745,human,0.0
815738015,human,0.791,human,0.0
815738016,human,0.502,non_human,1.0
815738017,human,0.776,human,0.0
815738018,human,0.909,human,0.0
815738019,human,0.963,human,0.0
815738020,human,0.915,human,0.0
815738021,human,0.899,human,0.0
815738022,human,0.794,human,0.0
815738023,human,0.821,human,0.0
815738024,human,0.879,human,0.0
815738025,human,0.937,human,0.0
815738026,human,0.929,human,0.0
815738027,human,0.795,human,0.0
815738028,human,0.724,human,0.0
815738030,human,0.818,human,0.0
815738031,human,0.854,human,0.0
815738032,human,0.918,human,0.0
815738033,non_human,0.522,human,1.0
815738034,human,0.858,human,0.0
815738035,human,0.931,human,0.0
815738036,human,0.888,human,0.0
815738037,non_human,0.765,non_human,0.0
815738038,human,0.941,human,0.0
815738040,human,0.984,human,0.0
815738041,human,0.538,human,0.0
815738042,human,0.914,human,0.0
815738044,human,0.873,human,0.0
815738045,human,0.724,human,0.0
815738046,human,0.846,human,0.0
815738047,human,0.915,human,0.0
815738048,non_human,0.81,non_human,0.0
815738049,human,0.974,human,0.0
815738050,non_human,0.723,human,1.0
815738051,human,0.598,non_human,1.0
815738052,non_human,0.833,non_human,0.0
815738053,human,0.933,human,0.0
815738054,human,0.981,human,0.0
815738056,non_human,0.874,non_human,0.0
815738059,human,0.989,human,0.0
815738061,non_human,0.563,human,1.0
815738062,human,0.645,human,0.0
815738063,human,0.698,non_human,1.0
815738064,human,0.775,human,0.0
815738065,human,0.842,human,0.0
815738066,non_human,0.549,human,1.0
815738067,human,0.677,non_human,1.0
815738068,human,0.983,human,0.0
815738069,human,0.717,human,0.0
815738070,human,0.704,non_human,1.0
815738071,human,0.869,human,0.0
815738072,human,0.854,human,0.0
815738073,human,0.837,human,0.0
815738074,human,0.921,human,0.0
815738075,human,0.887,non_human,1.0
815738076,human,0.914,human,0.0
815738077,non_human,0.659,non_human,0.0
815738078,human,0.776,human,0.0
815738079,human,0.891,human,0.0
815738080,human,0.912,human,0.0
815738081,human,0.989,human,0.0
815738082,human,0.907,human,0.0
815738083,human,0.97,human,0.0
815738084,human,0.987,human,0.0
815738086,human,0.986,human,0.0
815738087,human,0.908,human,0.0
815738088,human,0.672,human,0.0
815738089,human,0.723,non_human,1.0
815738090,human,0.984,human,0.0
815738091,human,0.6,non_human,1.0
815738092,non_human,0.629,non_human,0.0
815738093,human,0.909,human,0.0
815738094,human,0.76,human,0.0
815738095,human,0.758,non_human,1.0
815738096,human,0.925,human,0.0
815738098,human,0.939,human,0.0
815738100,human,0.775,human,0.0
815738101,human,0.806,human,0.0
815738102,human,0.856,human,0.0
815738103,human,0.898,human,0.0
815738105,human,0.933,human,0.0
815738106,human,0.986,human,0.0
815738107,human,0.725,human,0.0
815738109,non_human,0.682,human,1.0
815738110,human,0.544,human,0.0
815738112,human,0.913,human,0.0
815738113,human,0.825,human,0.0
815738114,human,0.663,human,0.0
815738115,human,0.943,human,0.0
815738116,human,0.699,human,0.0
815738117,human,0.968,human,0.0
815738118,human,0.938,human,0.0
815738119,human,0.95,human,0.0
815738120,non_human,0.755,non_human,0.0
815738121,human,0.559,non_human,1.0
815738122,human,0.734,non_human,1.0
815738123,human,0.949,human,0.0
815738124,human,0.951,human,0.0
815738125,non_human,0.799,non_human,0.0
815738126,human,0.549,non_human,1.0
815738127,human,0.863,human,0.0
815738128,human,0.981,human,0.0
815738129,human,0.768,human,0.0
815738130,human,0.935,non_human,1.0
815738132,non_human,0.587,non_human,0.0
815738133,human,0.627,non_human,1.0
815738134,human,0.597,human,0.0
815738135,human,0.976,human,0.0
815738136,human,0.938,human,0.0
815738138,human,0.964,human,0.0
815738139,human,0.976,human,0.0
815738141,human,0.941,human,0.0
815738142,human,0.869,human,0.0
815738143,human,0.933,human,0.0
815738144,human,0.831,human,0.0
815738145,human,0.847,human,0.0
815738146,human,0.666,non_human,1.0
815738147,human,0.787,human,0.0
815738148,human,0.879,human,0.0
815738149,human,0.84,human,0.0
815738150,non_human,0.531,non_human,0.0
815738151,human,0.989,human,0.0
815738152,human,0.939,human,0.0
815738155,non_human,0.617,human,1.0
815738156,human,0.91,human,0.0
815738157,human,0.544,human,0.0
815738158,human,0.71,human,0.0
815738159,human,0.951,human,0.0
815738160,non_human,0.548,human,1.0
815738164,non_human,0.663,human,1.0
815738165,non_human,0.727,non_human,0.0
815738166,non_human,0.547,non_human,0.0
815738167,non_human,0.616,non_human,0.0
815738168,human,0.931,human,0.0
815738169,human,0.967,human,0.0
815738170,human,0.987,human,0.0
815738171,human,0.813,human,0.0
815738172,human,0.829,human,0.0
815738173,non_human,0.564,human,1.0
815738174,human,0.698,human,0.0
815738175,non_human,0.792,human,1.0
815738176,human,0.915,human,0.0
815738177,human,0.788,non_human,1.0
815738179,human,0.992,human,0.0
815738180,human,0.955,human,0.0
815738181,non_human,0.562,human,1.0
815738182,human,0.96,human,0.0
815738183,non_human,0.53,non_human,0.0
815738184,human,0.89,non_human,1.0
815738185,human,0.96,human,0.0
815738186,human,0.988,human,0.0
815738187,human,0.512,non_human,1.0
815738188,human,0.973,human,0.0
815738189,human,0.99,human,0.0
815738190,human,0.916,human,0.0
815738191,human,0.526,non_human,1.0
815738192,human,0.934,human,0.0
815738193,human,0.967,human,0.0
815738194,human,0.951,human,0.0
815738196,human,0.787,human,0.0
815738197,human,0.685,human,0.0
815738198,human,0.989,human,0.0
815738199,human,0.967,human,0.0
815738200,human,0.957,human,0.0
815738201,human,0.846,human,0.0
815738202,human,0.87,human,0.0
815738203,human,0.987,human,0.0
815738205,human,0.975,non_human,1.0
815738206,human,0.974,human,0.0
815738207,non_human,0.504,non_human,0.0
815738209,human,0.737,human,0.0
815738210,human,0.697,human,0.0
815738212,non_human,0.592,human,1.0
815738213,human,0.729,human,0.0
815738216,human,0.989,human,0.0
815738217,human,0.77,human,0.0
815738218,human,0.925,human,0.0
815738219,non_human,0.561,human,1.0
815738220,human,0.89,human,0.0
815738221,human,0.974,human,0.0
815738222,human,0.678,non_human,1.0
815738223,human,0.925,human,0.0
815738224,human,0.967,human,0.0
815738226,non_human,0.774,non_human,0.0
815738227,human,0.633,human,0.0
815738230,human,0.987,human,0.0
815738231,human,0.6,human,0.0
815738233,human,0.734,human,0.0
815738234,human,0.727,human,0.0
815738235,human,0.97,human,0.0
815738236,non_human,0.801,human,1.0
815738237,non_human,0.76,human,1.0
815738238,human,0.87,human,0.0
815738239,human,0.604,human,0.0
815738240,non_human,0.654,non_human,0.0
815738241,non_human,0.798,non_human,0.0
815738243,human,0.986,human,0.0
815738244,human,0.813,human,0.0
815738245,human,0.604,human,0.0
815738246,human,0.921,human,0.0
815738247,human,0.91,human,0.0
815738250,human,0.551,human,0.0
815738251,human,0.958,human,0.0
815738252,non_human,0.578,non_human,0.0
815738253,human,0.923,non_human,1.0
815738254,human,0.731,human,0.0
815738256,human,0.927,human,0.0
815738257,human,0.849,human,0.0
815738258,human,0.955,human,0.0
815738259,human,0.905,human,0.0
815738260,human,0.931,human,0.0
815738261,human,0.887,human,0.0
815738262,non_human,0.825,human,1.0
815738267,non_human,0.584,non_human,0.0
815738268,human,0.616,human,0.0
815738269,human,0.921,human,0.0
815738270,human,0.915,human,0.0
815738271,human,0.534,non_human,1.0
815738273,human,0.556,non_human,1.0
815738275,human,0.893,human,0.0
815738276,human,0.955,human,0.0
815738277,human,0.526,human,0.0
815738279,human,0.827,human,0.0
815738280,human,0.983,human,0.0
815738281,human,0.996,human,0.0
815738282,non_human,0.679,non_human,0.0
815738283,human,0.934,human,0.0
815738285,human,0.981,human,0.0
815738286,human,0.962,human,0.0
815738287,human,0.85,human,0.0
815738288,human,0.604,human,0.0
815738289,non_human,0.68,non_human,0.0
815738290,human,0.968,human,0.0
815738291,human,0.884,non_human,1.0
815738292,human,0.932,human,0.0
815738293,human,0.809,human,0.0
815738296,non_human,0.611,non_human,0.0
815738297,human,0.938,human,0.0
815738299,human,0.964,human,0.0
815738300,human,0.835,non_human,1.0
815738301,human,0.888,human,0.0
815738302,human,0.836,non_human,1.0
815738303,non_human,0.545,non_human,0.0
815738304,human,0.541,non_human,1.0
815738305,human,0.891,human,0.0
815738307,human,0.95,human,0.0
815738310,human,0.796,human,0.0
815738311,human,0.507,non_human,1.0
815738312,human,0.874,human,0.0
815738313,non_human,0.518,non_human,0.0
815738314,non_human,0.522,non_human,0.0
815738315,human,0.551,non_human,1.0
815738316,human,0.717,human,0.0
815738317,non_human,0.558,non_human,0.0
815738318,human,0.901,human,0.0
815738319,human,0.797,human,0.0
815738320,human,0.941,human,0.0
815738321,human,0.74,human,0.0
815738322,human,0.968,human,0.0
815738323,human,0.531,non_human,1.0
815738324,non_human,0.733,human,1.0
815738325,human,0.89,human,0.0
815738326,non_human,0.825,non_human,0.0
815738327,human,0.982,human,0.0
815738328,human,0.952,human,0.0
815738329,human,0.694,non_human,1.0
815738330,human,0.906,human,0.0
815738331,human,0.936,human,0.0
815738332,human,0.923,human,0.0
815738334,human,0.848,human,0.0
815738335,human,0.982,human,0.0
815738336,human,0.877,human,0.0
815738337,human,0.572,non_human,1.0
815738338,human,0.566,non_human,1.0
815738339,human,0.861,human,0.0
815738340,non_human,0.553,human,1.0
815738341,human,0.967,human,0.0
815738342,human,0.992,human,0.0
815738343,human,0.615,human,0.0
815738345,non_human,0.551,human,1.0
815738346,non_human,0.606,non_human,0.0
815738347,human,0.949,human,0.0
815738348,human,0.959,human,0.0
815738349,human,0.967,human,0.0
815738350,non_human,0.862,non_human,0.0
815738351,non_human,0.774,non_human,0.0
815738352,human,0.832,human,0.0
815738353,human,0.99,human,0.0
815738355,human,0.875,human,0.0
815738356,human,0.591,human,0.0
815738359,human,0.955,human,0.0
815738360,human,0.946,human,0.0
815738361,human,0.91,non_human,1.0
815738362,human,0.612,human,0.0
815738363,human,0.781,non_human,1.0
815738364,human,0.853,human,0.0
815738365,human,0.532,non_human,1.0
815738368,human,0.839,human,0.0
815738369,human,0.516,non_human,1.0
815738370,human,0.621,human,0.0
815738371,human,0.976,human,0.0
815738372,human,0.89,non_human,1.0
815738373,human,0.936,human,0.0
815738374,human,0.747,human,0.0
815738375,human,0.962,human,0.0
815738376,human,0.712,non_human,1.0
815738377,human,0.597,human,0.0
815738378,human,0.91,human,0.0
815738379,human,0.766,non_human,1.0
815738380,human,0.956,human,0.0
815738381,human,0.708,human,0.0
815738382,human,0.889,human,0.0
815738383,human,0.952,human,0.0
815738384,non_human,0.737,non_human,0.0
815738386,non_human,0.795,non_human,0.0
815738387,human,0.982,human,0.0
815738388,human,0.924,human,0.0
815738389,human,0.79,human,0.0
815738390,human,0.953,human,0.0
815738391,non_human,0.646,non_human,0.0
815738392,non_human,0.843,non_human,0.0
815738393,human,0.662,human,0.0
815738394,human,0.801,human,0.0
815738395,human,0.986,human,0.0
815738396,human,0.505,human,0.0
815738397,human,0.791,human,0.0
815738399,human,0.873,human,0.0
815738400,human,0.841,human,0.0
815738402,human,0.905,human,0.0
815738403,human,0.979,human,0.0
815738404,human,0.794,human,0.0
815738405,non_human,0.501,human,1.0
815738406,non_human,0.598,human,1.0
815738407,human,0.793,non_human,1.0
815738409,human,0.689,non_human,1.0
815738410,human,0.957,human,0.0
815738411,human,0.748,human,0.0
815738412,human,0.945,non_human,1.0
815738414,human,0.992,human,0.0
815738415,human,0.968,human,0.0
815738416,non_human,0.664,non_human,0.0
815738417,human,0.838,non_human,1.0
815738419,non_human,0.873,non_human,0.0
815738420,human,0.843,human,0.0
815738421,human,0.882,human,0.0
815738422,non_human,0.894,non_human,0.0
815738423,human,0.806,human,0.0
815738424,non_human,0.673,non_human,0.0
815738425,human,0.508,non_human,1.0
815738426,non_human,0.579,human,1.0
815738427,human,0.772,non_human,1.0
815738428,non_human,0.78,non_human,0.0
815738429,non_human,0.784,non_human,0.0
815738430,human,0.866,human,0.0
815738431,human,0.861,human,0.0
815738433,human,0.606,non_human,1.0
815738434,non_human,0.75,non_human,0.0
815738435,non_human,0.872,non_human,0.0
815738436,human,0.703,human,0.0
815738437,human,0.648,non_human,1.0
815738439,human,0.737,human,0.0
815738440,human,0.626,non_human,1.0
815738441,non_human,0.563,human,1.0
815738442,non_human,0.54,non_human,0.0
815738443,human,0.694,human,0.0
815738444,human,0.58,human,0.0
815738445,human,0.669,non_human,1.0
815738446,human,0.662,non_human,1.0
815738449,human,0.927,human,0.0
815738450,human,0.715,human,0.0
815738451,human,0.695,non_human,1.0
815738452,non_human,0.504,non_human,0.0
815738454,human,0.948,human,0.0
815738455,human,0.665,human,0.0
815738456,human,0.852,non_human,1.0
815738458,non_human,0.791,non_human,0.0
815738459,human,0.593,non_human,1.0
815738460,human,0.919,human,0.0
815738461,human,0.964,human,0.0
815738462,human,0.543,human,0.0
815738465,human,0.959,human,0.0
815738466,human,0.837,human,0.0
815738467,human,0.918,non_human,1.0
815738469,human,0.669,human,0.0
815738470,human,0.858,non_human,1.0
815738471,human,0.824,human,0.0
815738472,human,0.705,human,0.0
815738473,human,0.65,human,0.0
815738474,human,0.735,non_human,1.0
815738475,non_human,0.884,non_human,0.0
815738477,human,0.605,non_human,1.0
815738479,non_human,0.732,human,1.0
815738480,human,0.59,human,0.0
815738481,human,0.607,human,0.0
815738482,human,0.612,human,0.0
815738483,human,0.714,human,0.0
815738484,human,0.605,non_human,1.0
815738486,human,0.974,human,0.0
815738487,human,0.778,non_human,1.0
815738488,human,0.785,non_human,1.0
815738489,human,0.889,human,0.0
815738491,human,0.939,human,0.0
815738492,human,0.904,human,0.0
815738493,human,0.642,human,0.0
815738494,non_human,0.668,non_human,0.0
815738495,human,0.929,human,0.0
815738496,human,0.774,human,0.0
815738497,human,0.838,human,0.0
815738498,human,0.823,human,0.0
815738499,human,0.637,non_human,1.0
815738500,non_human,0.927,human,1.0
815738501,non_human,0.599,human,1.0
815738502,human,0.712,non_human,1.0
815738503,non_human,0.749,non_human,0.0
815738504,human,0.896,human,0.0
815738505,human,0.618,non_human,1.0
815738506,human,0.609,human,0.0
815738507,human,0.768,human,0.0
815738508,human,0.714,non_human,1.0
815738510,human,0.901,human,0.0
815738511,human,0.877,non_human,1.0
815738512,human,0.864,human,0.0
815738513,human,0.956,human,0.0
815738514,human,0.687,human,0.0
815738515,human,0.718,human,0.0
815738516,non_human,0.592,human,1.0
815738517,human,0.725,non_human,1.0
815738518,human,0.824,human,0.0
815738520,human,0.765,human,0.0
815738521,human,0.721,human,0.0
815738522,non_human,0.849,non_human,0.0
815738523,human,0.769,human,0.0
815738524,non_human,0.897,non_human,0.0
815738525,non_human,0.599,non_human,0.0
815738526,human,0.962,human,0.0
815738527,non_human,0.708,non_human,0.0
815738528,human,0.886,human,0.0
815738529,non_human,0.858,human,1.0
815738530,human,0.972,human,0.0
815738531,human,0.9,human,0.0
815738532,human,0.937,human,0.0
815738533,human,0.943,human,0.0
815738534,human,0.599,non_human,1.0
815738535,human,0.727,non_human,1.0
815738536,human,0.76,human,0.0
815738537,human,0.624,non_human,1.0
815738538,human,0.738,human,0.0
815738539,human,0.718,non_human,1.0
815738540,human,0.63,non_human,1.0
815738541,human,0.709,non_human,1.0
815738542,human,0.663,non_human,1.0
815738543,human,0.611,non_human,1.0
815738544,human,0.535,human,0.0
815738545,human,0.58,human,0.0
815738546,human,0.739,human,0.0
815738547,human,0.729,non_human,1.0
815738548,human,0.718,human,0.0
815738550,human,0.517,human,0.0
815738551,human,0.908,human,0.0
815738552,human,0.96,human,0.0
815738553,non_human,0.686,human,1.0
815738554,human,0.976,human,0.0
815738555,human,0.877,human,0.0
815738556,human,0.953,human,0.0
815738557,human,0.959,human,0.0
815738559,human,0.992,human,0.0
815738560,non_human,0.633,non_human,0.0
815738561,human,0.834,human,0.0
815738562,non_human,0.76,human,1.0
815738563,human,0.525,non_human,1.0
815738564,human,0.899,human,0.0
815738565,human,0.752,human,0.0
815738566,human,0.945,human,0.0
815738567,human,0.91,human,0.0
815738568,human,0.886,non_human,1.0
815738569,human,0.701,non_human,1.0
815738570,human,0.923,human,0.0
815738571,human,0.968,human,0.0
815738572,human,0.947,human,0.0
815738573,non_human,0.642,non_human,0.0
815738575,human,0.709,non_human,1.0
815738576,human,0.965,non_human,1.0
815738577,human,0.681,non_human,1.0
815738578,human,0.924,human,0.0
815738579,human,0.965,human,0.0
815738580,human,0.901,human,0.0
815738581,human,0.769,human,0.0
815738582,non_human,0.522,non_human,0.0
815738583,human,0.731,human,0.0
815738584,human,0.695,non_human,1.0
815738585,human,0.949,human,0.0
815738586,human,0.58,human,0.0
815738588,human,0.608,non_human,1.0
815738589,human,0.681,non_human,1.0
815738590,human,0.67,human,0.0
815738591,human,0.717,non_human,1.0
815738592,human,0.748,non_human,1.0
815738593,human,0.73,human,0.0
815738594,human,0.65,human,0.0
815738595,human,0.552,human,0.0
815738596,human,0.701,human,0.0
815738597,human,0.747,human,0.0
815738598,human,0.694,human,0.0
815738599,human,0.652,human,0.0
815738600,non_human,0.863,non_human,0.0
815738601,human,0.901,human,0.0
815738602,human,0.811,human,0.0
815738603,human,0.886,human,0.0
815738604,human,0.827,non_human,1.0
815738605,human,0.951,non_human,1.0
815738606,human,0.819,human,0.0
815738607,human,0.797,human,0.0
815738608,human,0.585,human,0.0
815738610,human,0.547,human,0.0
815738611,non_human,0.555,human,1.0
815738612,human,0.584,human,0.0
815738614,human,0.592,non_human,1.0
815738615,human,0.953,human,0.0
815738616,non_human,0.655,human,1.0
815738617,non_human,0.57,human,1.0
815738619,non_human,0.915,human,1.0
815738620,human,0.618,human,0.0
815738621,human,0.608,human,0.0
815738622,human,0.608,non_human,1.0
815738623,human,0.862,human,0.0
815738625,human,0.809,human,0.0
815738626,non_human,0.713,human,1.0
815738627,human,0.539,non_human,1.0
815738628,human,0.798,human,0.0
815738629,human,0.928,human,0.0
815738630,human,0.881,human,0.0
815738631,human,0.731,human,0.0
815738632,human,0.983,non_human,1.0
815738633,human,0.835,human,0.0
815738634,human,0.879,human,0.0
815738635,human,0.825,human,0.0
815738636,human,0.822,human,0.0
815738637,human,0.986,human,0.0
815738638,human,0.753,human,0.0
815738639,human,0.673,human,0.0
815738640,human,0.955,human,0.0
815738642,human,0.952,human,0.0
815738645,human,0.898,human,0.0
815738646,human,0.996,human,0.0
815738648,human,0.592,non_human,1.0
815738649,non_human,0.502,non_human,0.0
815738650,human,0.645,human,0.0
815738651,human,0.606,human,0.0
815738652,human,0.575,human,0.0
815738653,human,0.673,non_human,1.0
815738654,human,0.778,human,0.0
815738655,human,0.977,human,0.0
815738656,human,0.83,human,0.0
815738657,human,0.875,human,0.0
815738658,human,0.963,human,0.0
815738659,human,0.911,human,0.0
815738660,human,0.917,human,0.0
815738662,human,0.924,human,0.0
815738663,human,0.96,human,0.0
815738665,human,0.912,human,0.0
815738666,human,0.822,human,0.0
815738667,human,0.935,human,0.0
815738668,human,0.775,human,0.0
815738672,human,0.92,non_human,1.0
815738673,non_human,0.607,human,1.0
815738674,human,0.797,non_human,1.0
815738675,human,0.948,human,0.0
815738676,human,0.857,human,0.0
815738677,human,0.973,human,0.0
815738678,human,0.809,human,0.0
815738679,human,0.613,human,0.0
815738680,human,0.973,human,0.0
815738681,human,0.939,non_human,1.0
815738682,human,0.611,non_human,1.0
815738683,non_human,0.555,human,1.0
815738684,human,0.722,human,0.0
815738686,human,0.833,non_human,1.0
815738687,human,0.617,human,0.0
815738688,human,0.598,non_human,1.0
815738689,human,0.814,non_human,1.0
815738690,human,0.625,human,0.0
815738691,human,0.66,human,0.0
815738692,human,0.539,human,0.0
815738693,non_human,0.516,human,1.0
815738694,non_human,0.516,human,1.0
815738695,human,0.77,human,0.0
815738696,non_human,0.578,non_human,0.0
815738697,non_human,0.554,human,1.0
815738698,human,0.589,non_human,1.0
815738699,human,0.513,non_human,1.0
815738700,non_human,0.684,non_human,0.0
815738701,human,0.906,human,0.0
815738702,human,0.773,human,0.0
815738703,human,0.843,human,0.0
815738704,non_human,0.603,non_human,0.0
815738705,human,0.865,human,0.0
815738706,human,0.749,non_human,1.0
815738707,non_human,0.853,human,1.0
815738709,human,0.843,human,0.0
815738710,human,0.689,non_human,1.0
815738711,human,0.97,human,0.0
815738712,non_human,0.699,non_human,0.0
815738713,human,0.655,human,0.0
815738714,human,0.505,human,0.0
815738716,human,0.722,non_human,1.0
815738717,human,0.74,non_human,1.0
815738718,human,0.979,human,0.0
815738720,human,0.763,human,0.0
815738721,non_human,0.812,non_human,0.0
815738722,human,0.99,human,0.0
815738723,human,0.924,human,0.0
815738725,human,0.813,non_human,1.0
815738726,human,0.968,human,0.0
815738727,human,0.783,non_human,1.0
815738728,non_human,0.719,human,1.0
815738732,human,0.941,human,0.0
815738734,human,0.658,non_human,1.0
815738735,human,0.98,human,0.0
815738736,human,0.983,human,0.0
815738737,human,0.933,human,0.0
815738738,human,0.888,human,0.0
815738739,human,0.523,non_human,1.0
815738740,human,0.601,human,0.0
815738741,human,0.862,human,0.0
815738742,human,0.908,human,0.0
815738743,human,0.953,human,0.0
815738744,human,0.958,human,0.0
815738745,non_human,0.549,human,1.0
815738746,human,0.973,human,0.0
815738747,human,0.967,human,0.0
815738748,human,0.917,human,0.0
815738749,human,0.697,human,0.0
815738750,human,0.639,human,0.0
815738751,human,0.963,human,0.0
815738753,human,0.587,non_human,1.0
815738754,non_human,0.569,non_human,0.0
815738755,non_human,0.753,non_human,0.0
815738756,human,0.558,non_human,1.0
815738757,human,0.995,human,0.0
815738758,non_human,0.781,non_human,0.0
815738759,human,0.979,human,0.0
815738760,non_human,0.5,non_human,0.0
815738761,human,0.945,human,0.0
815738763,human,0.914,human,0.0
815738764,human,0.908,human,0.0
815738765,human,0.867,human,0.0
815738766,human,0.967,human,0.0
815738767,human,0.85,human,0.0
815738768,human,0.985,human,0.0
815738769,human,0.921,non_human,1.0
815738770,human,0.671,human,0.0
815738771,non_human,0.583,non_human,0.0
815738772,human,0.577,human,0.0
815738775,human,0.568,human,0.0
815738776,human,0.949,human,0.0
815738777,human,0.523,non_human,1.0
815738778,human,0.664,human,0.0
815738779,human,0.744,non_human,1.0
815738780,human,0.521,human,0.0
815738781,non_human,0.529,human,1.0
815738782,non_human,0.528,non_human,0.0
815738783,human,0.664,human,0.0
815738784,non_human,0.928,non_human,0.0
815738785,human,0.586,human,0.0
815738786,human,0.683,non_human,1.0
815738787,human,0.592,human,0.0
815738788,non_human,0.683,non_human,0.0
815738789,non_human,0.602,human,1.0
815738790,human,0.515,non_human,1.0
815738791,non_human,0.508,human,1.0
815738792,human,0.674,non_human,1.0
815738794,human,0.592,non_human,1.0
815738795,human,0.975,human,0.0
815738796,human,0.766,human,0.0
815738797,human,0.565,non_human,1.0
815738799,non_human,0.593,non_human,0.0
815738800,human,0.928,human,0.0
815738803,non_human,0.542,non_human,0.0
815738804,human,0.606,human,0.0
815738805,non_human,0.556,human,1.0
815738806,human,0.859,human,0.0
815738807,human,0.795,non_human,1.0
815738808,human,0.985,human,0.0
815738809,human,0.873,human,0.0
815738810,human,0.751,human,0.0
815738812,human,0.691,non_human,1.0
815738814,human,0.952,human,0.0
815738815,non_human,0.888,non_human,0.0
815738816,human,0.555,human,0.0
815738817,human,0.548,non_human,1.0
815738819,human,0.758,human,0.0
815738820,human,0.568,non_human,1.0
815738821,human,0.681,non_human,1.0
815738822,non_human,0.526,human,1.0
815738824,human,0.977,human,0.0
815738825,non_human,0.632,human,1.0
815738826,human,0.539,human,0.0
815738827,human,0.68,human,0.0
815738828,human,0.936,human,0.0
815738829,human,0.971,human,0.0
815738830,human,0.903,human,0.0
815738831,human,0.562,non_human,1.0
815738832,human,0.534,human,0.0
815738833,human,0.959,human,0.0
815738834,human,0.945,human,0.0
815738835,human,0.738,non_human,1.0
815738836,human,0.931,human,0.0
815738837,human,0.962,human,0.0
815738838,human,0.948,human,0.0
815738840,non_human,0.635,human,1.0
815738841,human,0.853,human,0.0
815738842,human,0.804,human,0.0
815738843,human,0.886,non_human,1.0
815738845,non_human,0.555,human,1.0
815738846,human,0.679,non_human,1.0
815738847,human,0.994,human,0.0
815738848,human,0.614,human,0.0
815738849,human,0.885,human,0.0
815738850,human,0.951,human,0.0
815738851,human,0.831,non_human,1.0
815738852,human,0.722,non_human,1.0
815738853,human,0.74,non_human,1.0
815738854,human,0.581,human,0.0
815738855,human,0.606,non_human,1.0
815738857,human,0.801,human,0.0
815738859,human,0.523,human,0.0
815738860,human,0.719,non_human,1.0
815738861,human,0.664,non_human,1.0
815738862,non_human,0.911,human,1.0
815738863,human,0.959,human,0.0
815738864,human,0.644,non_human,1.0
815738866,human,0.798,human,0.0
815738867,human,0.56,human,0.0
815738868,human,0.631,human,0.0
815738869,human,0.587,human,0.0
815738870,human,0.668,human,0.0
815738871,human,0.984,human,0.0
815738872,human,0.938,human,0.0
815738874,human,0.982,human,0.0
815738877,human,0.76,human,0.0
815738878,human,0.62,human,0.0
815738879,human,0.987,human,0.0
815738880,human,0.833,human,0.0
815738881,human,0.603,non_human,1.0
815738882,human,0.7,human,0.0
815738883,non_human,0.741,human,1.0
815738884,human,0.994,human,0.0
815738885,human,0.88,human,0.0
815738886,human,0.92,human,0.0
815738887,human,0.929,human,0.0
815738888,human,0.513,non_human,1.0
815738889,non_human,0.775,non_human,0.0
815738890,human,0.661,human,0.0
815738891,human,0.948,human,0.0
815738893,human,0.993,human,0.0
815738894,human,0.866,human,0.0
815738895,human,0.912,human,0.0
815738896,human,0.809,non_human,1.0
815738897,human,0.659,non_human,1.0
815738898,human,0.898,human,0.0
815738899,human,0.949,human,0.0
815738900,human,0.583,non_human,1.0
815738901,human,0.592,human,0.0
815738902,human,0.945,human,0.0
815738903,human,0.586,human,0.0
815738904,human,0.897,human,0.0
815738905,human,0.885,human,0.0
815738906,human,0.881,human,0.0
815738907,non_human,0.609,non_human,0.0
815738909,non_human,0.735,non_human,0.0
815738911,non_human,0.587,non_human,0.0
815738912,human,0.631,non_human,1.0
815738913,non_human,0.502,human,1.0
815738914,human,0.768,human,0.0
815738915,human,0.709,human,0.0
815738917,human,0.615,non_human,1.0
815738918,human,0.635,human,0.0
815738920,human,0.662,non_human,1.0
815738921,human,0.729,human,0.0
815738923,human,0.96,human,0.0
815738924,human,0.868,human,0.0
815738926,human,0.646,human,0.0
815738927,human,0.702,human,0.0
815738928,non_human,0.569,human,1.0
815738929,human,0.919,human,0.0
815738931,human,0.756,human,0.0
815738932,human,0.754,non_human,1.0
815738933,human,0.855,human,0.0
815738934,human,0.98,human,0.0
815738935,human,0.913,human,0.0
815738936,human,0.889,human,0.0
815738937,human,0.957,human,0.0
815738938,human,0.705,human,0.0
815738939,non_human,0.672,non_human,0.0
815738940,non_human,0.517,human,1.0
815738941,human,0.869,human,0.0
815738942,human,0.98,human,0.0
815738943,human,0.965,human,0.0
815738944,human,0.901,human,0.0
815738946,human,0.602,human,0.0
815738947,human,0.769,non_human,1.0
815738948,human,0.866,non_human,1.0
815738949,human,0.69,non_human,1.0
815738950,human,0.773,human,0.0
815738951,human,0.984,human,0.0
815738952,human,0.893,human,0.0
815738953,non_human,0.726,non_human,0.0
815738954,human,0.982,human,0.0
815738955,human,0.979,human,0.0
815738956,human,0.983,human,0.0
815738957,human,0.908,human,0.0
815738958,human,0.949,human,0.0
815738959,human,0.589,human,0.0
815738960,human,0.609,human,0.0
815738961,human,0.501,human,0.0
815738962,human,0.907,human,0.0
815738963,human,0.564,human,0.0
815738964,human,0.938,human,0.0
815738965,non_human,0.589,human,1.0
815738966,human,0.919,human,0.0
815738967,human,0.985,human,0.0
815738968,human,0.843,human,0.0
815738969,human,0.808,human,0.0
815738970,human,0.777,human,0.0
815738971,human,0.533,non_human,1.0
815738972,human,0.669,human,0.0
815738973,human,0.705,human,0.0
815738974,non_human,0.61,human,1.0
815738976,human,0.549,non_human,1.0
815738981,human,0.58,human,0.0
815738982,human,0.716,human,0.0
815738983,human,0.631,non_human,1.0
815738985,human,0.887,human,0.0
815738986,human,0.584,human,0.0
815738987,human,0.671,human,0.0
815738988,human,0.951,non_human,1.0
815738989,human,0.939,non_human,1.0
815738990,human,0.721,human,0.0
815738991,human,0.904,human,0.0
815738993,human,0.87,human,0.0
815738994,human,0.835,human,0.0
815738996,human,0.883,human,0.0
815738997,human,0.879,human,0.0
815738998,human,0.514,human,0.0
815738999,human,0.959,human,0.0
815739000,non_human,0.56,non_human,0.0
815739001,human,0.738,human,0.0
815739002,human,0.923,human,0.0
815739003,human,0.943,human,0.0
815739004,human,0.881,human,0.0
815739005,human,0.714,non_human,1.0
815739006,non_human,0.557,non_human,0.0
815739008,human,0.93,human,0.0
815739009,human,0.525,human,0.0
815739010,human,0.951,human,0.0
815739011,human,0.633,human,0.0
815739012,human,0.936,human,0.0
815739013,human,0.849,human,0.0
815739015,human,0.848,non_human,1.0
815739016,non_human,0.81,non_human,0.0
815739018,human,0.851,human,0.0
815739019,human,0.839,human,0.0
815739020,human,0.969,human,0.0
815739021,human,0.939,human,0.0
815739022,human,0.924,non_human,1.0
815739024,non_human,0.795,non_human,0.0
815739025,non_human,0.52,non_human,0.0
815739026,human,0.822,human,0.0
815739027,human,0.884,human,0.0
815739029,non_human,0.611,non_human,0.0
815739030,human,0.902,human,0.0
815739031,human,0.97,human,0.0
815739032,human,0.514,human,0.0
815739033,non_human,0.818,non_human,0.0
815739035,non_human,0.745,human,1.0
815739037,human,0.959,human,0.0
815739038,human,0.912,human,0.0
815739039,non_human,0.681,human,1.0
815739040,human,0.99,human,0.0
815739041,non_human,0.589,human,1.0
815739042,human,0.982,human,0.0
815739043,human,0.773,non_human,1.0
815739045,human,0.937,human,0.0
815739046,human,0.883,non_human,1.0
815739047,non_human,0.792,human,1.0
815739048,non_human,0.71,non_human,0.0
815739049,human,0.836,human,0.0
815739050,human,0.866,human,0.0
815739051,human,0.992,human,0.0
815739052,human,0.726,human,0.0
815739053,human,0.825,human,0.0
815739054,human,0.929,human,0.0
815739055,non_human,0.672,human,1.0
815739056,human,0.855,human,0.0
815739057,human,0.901,human,0.0
815739060,human,0.892,human,0.0
815739061,human,0.776,human,0.0
815739062,non_human,0.768,human,1.0
815739063,human,0.802,human,0.0
815739064,non_human,0.718,non_human,0.0
815739065,human,0.819,human,0.0
815739066,human,0.984,human,0.0
815739067,human,0.99,human,0.0
815739068,human,0.92,human,0.0
815739069,human,0.969,human,0.0
815739070,human,0.676,human,0.0
815739071,human,0.822,human,0.0
815739072,human,0.701,non_human,1.0
815739073,non_human,0.756,non_human,0.0
815739075,human,0.712,human,0.0
815739076,human,0.837,human,0.0
815739077,human,0.904,human,0.0
815739078,human,0.638,non_human,1.0
815739079,human,0.56,human,0.0
815739083,human,0.867,human,0.0
815739084,human,0.849,human,0.0
815739085,non_human,0.728,non_human,0.0
815739087,human,0.624,human,0.0
815739090,human,0.695,non_human,1.0
815739091,human,0.69,human,0.0
815739092,human,0.62,human,0.0
815739093,human,0.58,human,0.0
815739094,human,0.747,human,0.0
815739095,human,0.968,human,0.0
815739096,human,0.991,human,0.0
815739097,human,0.978,human,0.0
815739098,human,0.876,human,0.0
815739099,human,0.702,non_human,1.0
815739102,human,0.823,human,0.0
815739103,human,0.884,human,0.0
815739104,human,0.874,human,0.0
815739105,human,0.687,human,0.0
815739106,human,0.873,human,0.0
815739107,human,0.966,human,0.0
815739108,human,0.97,human,0.0
815739109,non_human,0.864,non_human,0.0
815739110,human,0.941,human,0.0
815739111,human,0.717,human,0.0
815739112,human,0.782,human,0.0
815739113,human,0.898,human,0.0
815739115,non_human,0.716,human,1.0
815739116,human,0.921,human,0.0
815739117,human,0.784,human,0.0
815739118,human,0.701,human,0.0
815739119,human,0.895,human,0.0
815739120,human,0.663,human,0.0
815739121,human,0.977,human,0.0
815739122,human,0.95,human,0.0
815739123,human,0.669,human,0.0
815739124,human,0.52,human,0.0
815739125,human,0.788,human,0.0
815739127,human,0.941,human,0.0
815739128,human,0.591,non_human,1.0
815739130,non_human,0.944,non_human,0.0
815739131,human,0.517,non_human,1.0
815739132,human,0.518,human,0.0
815739133,human,0.612,human,0.0
815739134,non_human,0.528,human,1.0
815739135,human,0.615,human,0.0
815739136,human,0.725,non_human,1.0
815739137,human,0.57,human,0.0
815739138,human,0.75,non_human,1.0
815739139,human,0.646,non_human,1.0
815739140,human,0.711,human,0.0
815739141,human,0.769,human,0.0
815739142,human,0.835,non_human,1.0
815739144,human,0.858,human,0.0
815739145,human,0.872,human,0.0
815739146,human,0.923,human,0.0
815739147,human,0.557,human,0.0
815739148,human,0.957,human,0.0
815739149,human,0.865,human,0.0
815739151,human,0.863,human,0.0
815739152,human,0.99,human,0.0
815739153,human,0.882,human,0.0
815739154,human,0.772,human,0.0
815739155,human,0.843,human,0.0
815739156,human,0.904,human,0.0
815739157,human,0.777,human,0.0
815739158,human,0.95,human,0.0
815739159,human,0.908,human,0.0
815739160,human,0.995,human,0.0
815739161,non_human,0.726,non_human,0.0
815739162,human,0.722,human,0.0
815739163,human,0.974,human,0.0
815739164,human,0.844,human,0.0
815739165,human,0.72,non_human,1.0
815739166,human,0.868,human,0.0
815739167,human,0.979,human,0.0
815739168,human,0.875,human,0.0
815739169,human,0.709,human,0.0
815739171,human,0.815,human,0.0
815739172,human,0.939,human,0.0
815739173,human,0.97,human,0.0
815739174,human,0.981,human,0.0
815739175,human,0.502,human,0.0
815739177,human,0.691,human,0.0
815739178,human,0.756,human,0.0
815739179,human,0.802,human,0.0
815739180,human,0.749,human,0.0
815739181,non_human,0.893,non_human,0.0
815739182,human,0.8,human,0.0
815739187,human,0.61,non_human,1.0
815739188,human,0.713,non_human,1.0
815739190,human,0.788,human,0.0
815739191,human,0.913,human,0.0
815739192,human,0.991,human,0.0
815739193,human,0.944,human,0.0
815739194,non_human,0.649,human,1.0
815739196,human,0.871,human,0.0
815739197,non_human,0.804,non_human,0.0
815739198,human,0.759,human,0.0
815739201,human,0.73,human,0.0
815739202,human,0.905,non_human,1.0
815739204,non_human,0.619,non_human,0.0
815739205,non_human,0.688,human,1.0
815739206,human,0.643,human,0.0
815739207,non_human,0.519,non_human,0.0
815739208,human,0.874,human,0.0
815739209,human,0.716,human,0.0
815739210,human,0.884,human,0.0
815739211,non_human,0.511,human,1.0
815739212,non_human,0.745,non_human,0.0
815739213,non_human,0.745,non_human,0.0
815739215,human,0.517,human,0.0
815739216,non_human,0.572,non_human,0.0
815739217,human,0.722,human,0.0
815739218,human,0.718,non_human,1.0
815739219,human,0.99,human,0.0
815739220,human,0.793,human,0.0
815739221,human,0.51,non_human,1.0
815739222,non_human,0.66,human,1.0
815739223,human,0.89,human,0.0
815739224,human,0.859,human,0.0
815739225,human,0.594,human,0.0
815739226,non_human,0.814,non_human,0.0
815739227,human,0.894,human,0.0
815739228,human,0.942,human,0.0
815739229,non_human,0.758,human,1.0
815739230,human,0.833,human,0.0
815739231,human,0.654,non_human,1.0
815739232,human,0.849,human,0.0
815739233,human,0.985,human,0.0
815739234,human,0.95,human,0.0
815739235,human,0.722,human,0.0
815739236,non_human,0.897,non_human,0.0
815739237,non_human,0.814,non_human,0.0
815739238,human,0.957,human,0.0
815739239,human,0.866,human,0.0
815739240,human,0.911,human,0.0
815739241,human,0.844,non_human,1.0
815739242,human,0.973,human,0.0
815739243,human,0.803,human,0.0
815739244,human,0.503,human,0.0
815739245,non_human,0.549,human,1.0
815739246,non_human,0.585,human,1.0
815739247,human,0.922,human,0.0
815739248,non_human,0.781,non_human,0.0
815739249,human,0.899,human,0.0
815739250,human,0.99,human,0.0
815739251,non_human,0.823,non_human,0.0
815739252,human,0.962,human,0.0
815739253,human,0.868,human,0.0
815739255,non_human,0.508,human,1.0
815739257,human,0.971,human,0.0
815739258,human,0.921,human,0.0
815739259,human,0.944,human,0.0
815739261,human,0.925,human,0.0
815739262,human,0.956,human,0.0
815739263,human,0.873,human,0.0
815739264,non_human,0.827,human,1.0
815739265,human,0.718,human,0.0
815739266,human,0.752,human,0.0
815739267,non_human,0.802,non_human,0.0
815739268,human,0.89,human,0.0
815739269,human,0.91,human,0.0
815739270,human,0.943,non_human,1.0
815739271,human,0.891,non_human,1.0
815739272,human,0.962,human,0.0
815739274,non_human,0.514,human,1.0
815739275,human,0.643,human,0.0
815739276,human,0.965,human,0.0
815739277,non_human,0.609,human,1.0
815739278,human,0.621,human,0.0
815739279,non_human,0.537,non_human,0.0
815739280,human,0.924,human,0.0
815739281,human,0.923,human,0.0
815739282,human,0.955,human,0.0
815739284,human,0.619,non_human,1.0
815739285,human,0.886,human,0.0
815739286,human,0.579,non_human,1.0
815739291,human,0.67,human,0.0
815739292,non_human,0.717,non_human,0.0
815739293,human,0.842,human,0.0
815739295,human,0.625,non_human,1.0
815739296,human,0.877,human,0.0
815739297,human,0.854,human,0.0
815739298,human,0.837,human,0.0
815739299,human,0.933,human,0.0
815739300,human,0.792,non_human,1.0
815739301,human,0.968,human,0.0
815739302,human,0.785,non_human,1.0
815739303,non_human,0.756,non_human,0.0
815739304,human,0.902,human,0.0
815739305,human,0.884,human,0.0
815739306,human,0.897,human,0.0
815739307,human,0.752,non_human,1.0
815739309,human,0.559,human,0.0
815739310,human,0.827,human,0.0
815739311,human,0.734,human,0.0
815739312,human,0.944,human,0.0
815739314,human,0.985,human,0.0
815739315,human,0.975,human,0.0
815739316,non_human,0.622,non_human,0.0
815739317,human,0.904,non_human,1.0
815739318,human,0.501,non_human,1.0
815739319,human,0.892,human,0.0
815739320,human,0.985,human,0.0
815739321,human,0.978,human,0.0
815739322,non_human,0.601,human,1.0
815739324,human,0.911,human,0.0
815739325,human,0.791,human,0.0
815739326,human,0.98,human,0.0
815739328,human,0.935,human,0.0
815739329,human,0.92,human,0.0
815739332,human,0.988,human,0.0
815739333,human,0.95,human,0.0
815739334,human,0.971,human,0.0
815739335,human,0.9,human,0.0
815739336,human,0.805,human,0.0
815739337,human,0.927,human,0.0
815739338,human,0.97,human,0.0
815739339,human,0.93,human,0.0
815739340,human,0.807,human,0.0
815739341,human,0.831,human,0.0
815739342,human,0.908,human,0.0
815739343,human,0.871,human,0.0
815739344,human,0.96,human,0.0
815739347,human,0.746,human,0.0
815739348,human,0.658,non_human,1.0
815739349,human,0.945,human,0.0
815739350,human,0.97,non_human,1.0
815739351,human,0.927,human,0.0
815739352,human,0.969,human,0.0
815739353,human,0.989,human,0.0
815739354,human,0.935,human,0.0
815739355,human,0.982,human,0.0
815739356,human,0.922,human,0.0
815739357,non_human,0.883,non_human,0.0
815739358,human,0.955,human,0.0
815739360,non_human,0.501,human,1.0
815739361,human,0.82,human,0.0
815739362,human,0.953,human,0.0
815739363,human,0.551,human,0.0
815739365,human,0.968,human,0.0
815739366,human,0.989,human,0.0
815739367,human,0.961,human,0.0
815739368,human,0.841,human,0.0
815739369,human,0.933,human,0.0
815739370,non_human,0.725,human,1.0
815739372,human,0.977,human,0.0
815739373,human,0.746,human,0.0
815739374,human,0.973,human,0.0
815739375,human,0.814,human,0.0
815739377,human,0.932,non_human,1.0
815739378,human,0.858,human,0.0
815739379,human,0.552,human,0.0
815739380,human,0.993,human,0.0
815739381,human,0.875,human,0.0
815739382,human,0.926,human,0.0
815739383,human,0.865,human,0.0
815739384,human,0.979,human,0.0
815739385,human,0.937,human,0.0
815739386,human,0.716,human,0.0
815739387,human,0.91,human,0.0
815739388,human,0.973,human,0.0
815739389,human,0.962,human,0.0
815739390,non_human,0.836,human,1.0
815739394,human,0.946,human,0.0
815739395,human,0.943,human,0.0
815739396,human,0.949,human,0.0
815739397,human,0.579,human,0.0
815739398,human,0.967,human,0.0
815739399,human,0.898,human,0.0
815739400,human,0.988,human,0.0
815739402,human,0.943,non_human,1.0
815739403,human,0.841,human,0.0
815739404,human,0.828,human,0.0
815739406,non_human,0.643,non_human,0.0
815739407,human,0.964,human,0.0
815739408,human,0.977,human,0.0
815739409,non_human,0.851,non_human,0.0
815739411,human,0.849,human,0.0
815739412,human,0.825,human,0.0
815739414,human,0.966,human,0.0
815739415,non_human,0.93,non_human,0.0
815739416,human,0.967,human,0.0
815739417,human,0.931,human,0.0
815739419,human,0.932,human,0.0
815739420,human,0.653,human,0.0
815739421,human,0.692,human,0.0
815739423,human,0.871,human,0.0
815739424,non_human,0.571,human,1.0
815739425,human,0.973,human,0.0
815739426,human,0.941,human,0.0
815739427,human,0.888,human,0.0
815739428,human,0.592,human,0.0
815739429,human,0.897,non_human,1.0
815739430,human,0.904,human,0.0
815739431,human,0.905,human,0.0
815739432,human,0.728,human,0.0
815739433,human,0.845,human,0.0
815739434,human,0.722,human,0.0
815739435,human,0.926,human,0.0
815739439,human,0.966,human,0.0
815739440,human,0.931,human,0.0
815739441,human,0.924,human,0.0
815739442,human,0.806,human,0.0
815739443,human,0.89,human,0.0
815739444,human,0.603,human,0.0
815739446,human,0.614,human,0.0
815739447,human,0.888,human,0.0
815739448,human,0.845,human,0.0
815739449,human,0.921,human,0.0
815739450,human,0.959,human,0.0
815739451,human,0.853,human,0.0
815739452,human,0.948,human,0.0
815739454,human,0.952,human,0.0
815739456,human,0.665,human,0.0
815739457,human,0.979,human,0.0
815739458,non_human,0.56,human,1.0
815739460,human,0.899,human,0.0
815739461,human,0.917,human,0.0
815739462,human,0.805,human,0.0
815739464,human,0.963,human,0.0
815739465,human,0.938,human,0.0
815739466,human,0.877,human,0.0
815739467,human,0.944,human,0.0
815739468,human,0.867,human,0.0
815739469,human,0.965,human,0.0
815739470,human,0.857,human,0.0
815739472,human,0.883,human,0.0
815739473,human,0.869,human,0.0
815739474,human,0.95,human,0.0
815739475,human,0.807,human,0.0
815739476,human,0.894,human,0.0
815739477,human,0.94,human,0.0
815739478,non_human,0.824,non_human,0.0
815739481,human,0.908,human,0.0
815739483,human,0.91,human,0.0
815739485,human,0.895,human,0.0
815739486,human,0.925,human,0.0
815739487,human,0.934,human,0.0
815739488,human,0.975,human,0.0
815739489,human,0.964,human,0.0
815739490,human,0.946,human,0.0
815739491,human,0.978,human,0.0
815739492,human,0.904,human,0.0
815739493,human,0.948,human,0.0
815739494,human,0.958,human,0.0
815739495,human,0.552,human,0.0
815739496,human,0.762,human,0.0
815739497,human,0.741,human,0.0
815739498,human,0.81,human,0.0
815739499,human,0.759,human,0.0
815739500,human,0.726,human,0.0
815739501,non_human,0.563,human,1.0
815739502,human,0.971,human,0.0
815739503,human,0.98,human,0.0
815739505,human,0.953,human,0.0
815739506,human,0.739,human,0.0
815739508,human,0.873,human,0.0
815739509,human,0.941,human,0.0
815739510,human,0.785,human,0.0
815739511,human,0.671,human,0.0
815739512,human,0.814,human,0.0
815739513,human,0.981,human,0.0
815739514,human,0.988,human,0.0
815739515,human,0.982,human,0.0
815739516,human,0.922,human,0.0
815739518,human,0.766,human,0.0
815739521,human,0.902,human,0.0
815739522,human,0.707,human,0.0
815739523,non_human,0.515,non_human,0.0
815739524,human,0.826,non_human,1.0
815739525,human,0.856,human,0.0
815739526,human,0.968,human,0.0
815739527,human,0.694,human,0.0
815739528,human,0.979,human,0.0
815739529,non_human,0.698,non_human,0.0
815739530,human,0.975,human,0.0
815739531,human,0.882,human,0.0
815739532,human,0.658,human,0.0
815739533,human,0.89,human,0.0
815739534,human,0.766,human,0.0
815739535,human,0.856,human,0.0
815739536,non_human,0.644,non_human,0.0
815739537,human,0.857,human,0.0
815739538,human,0.955,human,0.0
815739539,non_human,0.566,human,1.0
815739540,human,0.952,non_human,1.0
815739542,human,0.929,human,0.0
815739544,human,0.669,human,0.0
815739545,human,0.832,human,0.0
815739546,human,0.83,human,0.0
815739547,human,0.694,non_human,1.0
815739549,human,0.927,human,0.0
815739550,human,0.95,human,0.0
815739552,human,0.958,human,0.0
815739553,human,0.791,human,0.0
815739555,human,0.852,human,0.0
815739556,human,0.967,human,0.0
815739557,non_human,0.665,human,1.0
815739558,human,0.966,human,0.0
815739559,human,0.622,human,0.0
815739560,human,0.729,human,0.0
815739561,non_human,0.597,non_human,0.0
815739562,non_human,0.636,non_human,0.0
815739563,human,0.884,human,0.0
815739564,human,0.978,human,0.0
815739565,human,0.884,human,0.0
815739566,human,0.769,non_human,1.0
815739567,human,0.539,human,0.0
815739568,non_human,0.586,non_human,0.0
815739569,human,0.924,human,0.0
815739570,human,0.939,human,0.0
815739571,human,0.812,human,0.0
815739572,non_human,0.692,human,1.0
815739573,human,0.924,human,0.0
815739574,human,0.963,human,0.0
815739575,human,0.914,human,0.0
815739576,non_human,0.594,human,1.0
815739577,human,0.976,human,0.0
815739578,human,0.995,human,0.0
815739579,human,0.665,human,0.0
815739580,human,0.969,non_human,1.0
815739582,human,0.986,human,0.0
815739584,human,0.646,human,0.0
815739585,human,0.98,human,0.0
815739586,human,0.791,human,0.0
815739587,human,0.989,human,0.0
815739588,non_human,0.573,human,1.0
815739589,human,0.974,human,0.0
815739590,human,0.982,human,0.0
815739591,human,0.881,human,0.0
815739592,human,0.767,human,0.0
815739593,human,0.789,human,0.0
815739594,human,0.907,non_human,1.0
815719245,human,0.817,unknown,
815719318,human,0.899,unknown,
815719341,human,0.705,unknown,
815719342,non_human,0.874,unknown,
815719371,human,0.829,unknown,
815719390,human,0.926,unknown,
815719423,human,0.894,unknown,
815719427,human,0.968,unknown,
815719449,human,0.884,unknown,
815719470,human,0.9,unknown,
815719480,human,0.84,unknown,
815719540,human,0.652,unknown,
815719559,human,0.985,unknown,
815719616,human,0.945,unknown,
815719633,human,0.859,unknown,
815719641,human,0.911,unknown,
815719703,human,0.717,unknown,
815719717,human,0.767,unknown,
815719718,human,0.887,unknown,
815719733,non_human,0.681,unknown,
815719747,human,0.689,unknown,
815719753,human,0.975,unknown,
815719762,human,0.805,unknown,
815719763,human,0.891,unknown,
815719767,human,0.66,unknown,
815719772,non_human,0.56,unknown,
815719799,human,0.958,unknown,
815719801,non_human,0.654,unknown,
815719811,human,0.794,unknown,
815719813,human,0.653,unknown,
815719815,non_human,0.735,unknown,
815719825,human,0.684,unknown,
815719838,human,0.876,unknown,
815719842,human,0.669,unknown,
815719850,human,0.946,unknown,
815719861,human,0.71,unknown,
815719898,human,0.938,unknown,
815719910,human,0.877,unknown,
815719915,human,0.93,unknown,
815719917,human,0.729,unknown,
815719928,human,0.873,unknown,
815719964,non_human,0.534,unknown,
815719974,human,0.752,unknown,
815720004,human,0.815,unknown,
815720075,human,0.908,unknown,
815720166,non_human,0.753,unknown,
815720184,non_human,0.886,unknown,
815720191,human,0.653,unknown,
815720226,non_human,0.742,unknown,
815720233,human,0.922,unknown,
815720275,human,0.828,unknown,
815720277,non_human,0.796,unknown,
815720292,human,0.918,unknown,
815720295,human,0.982,unknown,
815720302,non_human,0.687,unknown,
815720341,human,0.976,unknown,
815720355,human,0.715,unknown,
815720395,human,0.861,unknown,
815720427,human,0.839,unknown,
815720428,human,0.557,unknown,
815720440,human,0.899,unknown,
815720449,non_human,0.54,unknown,
815720457,human,0.795,unknown,
815720485,human,0.796,unknown,
815720538,human,0.936,unknown,
815720550,human,0.81,unknown,
815720582,human,0.622,unknown,
815720598,human,0.989,unknown,
815720604,human,0.669,unknown,
815720624,human,0.997,unknown,
815720649,human,0.562,unknown,
815720682,human,0.857,unknown,
815720683,human,0.943,unknown,
815720691,human,0.848,unknown,
815720733,human,0.942,unknown,
815720745,human,0.722,unknown,
815720847,non_human,0.75,unknown,
815720848,non_human,0.569,unknown,
815720868,human,0.547,unknown,
815720883,non_human,0.648,unknown,
815720923,human,0.976,unknown,
815721005,human,0.759,unknown,
815721011,human,0.906,unknown,
815721013,non_human,0.823,unknown,
815721031,human,0.989,unknown,
815721036,human,0.501,unknown,
815721040,human,0.902,unknown,
815721079,human,0.841,unknown,
815721099,human,0.511,unknown,
815721104,human,0.585,unknown,
815721136,non_human,0.56,unknown,
815721201,human,0.661,unknown,
815721225,non_human,0.865,unknown,
815721245,human,0.815,unknown,
815721250,human,0.502,unknown,
815721256,human,0.813,unknown,
815721284,human,0.798,unknown,
815721292,human,0.588,unknown,
815721308,human,0.988,unknown,
815721314,human,0.618,unknown,
815721317,human,0.811,unknown,
815721320,non_human,0.577,unknown,
815721327,human,0.737,unknown,
815721332,human,0.809,unknown,
815721348,human,0.702,unknown,
815721350,human,0.927,unknown,
815721357,human,0.584,unknown,
815721368,human,0.799,unknown,
815721383,human,0.963,unknown,
815721403,non_human,0.515,unknown,
815721442,human,0.91,unknown,
815721448,non_human,0.675,unknown,
815721464,non_human,0.59,unknown,
815721500,human,0.646,unknown,
815721506,human,0.87,unknown,
815721510,human,0.831,unknown,
815721513,human,0.934,unknown,
815721559,human,0.604,unknown,
815721570,human,0.917,unknown,
815721631,non_human,0.576,unknown,
815721632,human,0.863,unknown,
815721656,human,0.83,unknown,
815721685,human,0.929,unknown,
815721686,human,0.722,unknown,
815721698,human,0.875,unknown,
815721708,human,0.971,unknown,
815721748,human,0.895,unknown,
815721760,human,0.718,unknown,
815721764,human,0.845,unknown,
815721840,human,0.754,unknown,
815721846,human,0.894,unknown,
815721848,human,0.755,unknown,
815721849,human,0.563,unknown,
815721885,human,0.673,unknown,
815721891,human,0.827,unknown,
815721943,human,0.889,unknown,
815721945,human,0.9,unknown,
815721983,human,0.661,unknown,
815722108,non_human,0.643,unknown,
815722144,human,0.962,unknown,
815722162,human,0.903,unknown,
815722168,human,0.913,unknown,
815722247,human,0.923,unknown,
815722258,non_human,0.89,unknown,
815722270,human,0.546,unknown,
815722284,human,0.905,unknown,
815722288,human,0.928,unknown,
815722299,human,0.647,unknown,
815722304,human,0.921,unknown,
815722306,non_human,0.895,unknown,
815722323,human,0.806,unknown,
815722349,human,0.727,unknown,
815722405,human,0.719,unknown,
815722412,human,0.932,unknown,
815722416,non_human,0.621,unknown,
815722484,non_human,0.621,unknown,
815722559,human,0.793,unknown,
815722582,human,0.565,unknown,
815722620,human,0.543,unknown,
815722644,human,0.807,unknown,
815722661,human,0.663,unknown,
815722663,human,0.982,unknown,
815722678,human,0.57,unknown,
815722683,human,0.8,unknown,
815722688,human,0.679,unknown,
815722722,human,0.7,unknown,
815722723,human,0.602,unknown,
815722765,human,0.573,unknown,
815722776,human,0.866,unknown,
815722779,human,0.948,unknown,
815722781,non_human,0.749,unknown,
815722782,human,0.863,unknown,
815722829,human,0.622,unknown,
815722897,human,0.766,unknown,
815722954,human,0.786,unknown,
815722988,human,0.7,unknown,
815722997,human,0.786,unknown,
815723007,human,0.754,unknown,
815723050,human,0.894,unknown,
815723074,human,0.851,unknown,
815723118,human,0.91,unknown,
815723133,non_human,0.54,unknown,
815723138,non_human,0.792,unknown,
815723145,human,0.807,unknown,
815723161,human,0.929,unknown,
815723162,human,0.874,unknown,
815723178,human,0.798,unknown,
815723180,human,0.58,unknown,
815723182,human,0.884,unknown,
815723190,human,0.818,unknown,
815723194,human,0.723,unknown,
815723211,human,0.832,unknown,
815723277,human,0.814,unknown,
815723346,human,0.907,unknown,
815723394,human,0.939,unknown,
815723443,human,0.944,unknown,
815723448,human,0.901,unknown,
815723478,human,0.685,unknown,
815723486,human,0.736,unknown,
815723526,human,0.913,unknown,
815723561,human,0.882,unknown,
815723565,human,0.936,unknown,
815723584,non_human,0.848,unknown,
815723606,human,0.957,unknown,
815723632,human,0.689,unknown,
815723668,human,0.867,unknown,
815723751,human,0.832,unknown,
815723764,human,0.908,unknown,
815723766,non_human,0.973,unknown,
815723801,human,0.895,unknown,
815723835,non_human,0.816,unknown,
815723863,non_human,0.987,unknown,
815723879,human,0.543,unknown,
815723958,human,0.867,unknown,
815723982,human,0.587,unknown,
815723983,non_human,0.641,unknown,
815724029,human,0.713,unknown,
815724040,human,0.904,unknown,
815724079,non_human,0.985,unknown,
815724114,human,0.898,unknown,
815724182,human,0.675,unknown,
815724188,non_human,0.986,unknown,
815724221,human,0.76,unknown,
815724248,human,0.83,unknown,
815724249,human,0.952,unknown,
815724254,human,0.952,unknown,
815724270,non_human,0.972,unknown,
815724287,human,0.835,unknown,
815724289,human,0.939,unknown,
815724309,non_human,0.987,unknown,
815724333,non_human,0.985,unknown,
815724356,non_human,0.986,unknown,
815724360,non_human,0.987,unknown,
815724388,non_human,0.834,unknown,
815724403,human,0.81,unknown,
815724429,human,0.792,unknown,
815724433,non_human,0.986,unknown,
815724434,non_human,0.987,unknown,
815724444,non_human,0.987,unknown,
815724450,non_human,0.973,unknown,
815724451,non_human,0.957,unknown,
815724453,human,0.628,unknown,
815724458,non_human,0.986,unknown,
815724467,non_human,0.987,unknown,
815724480,human,0.854,unknown,
815724506,human,0.939,unknown,
815724543,non_human,0.894,unknown,
815724551,non_human,0.986,unknown,
815724586,human,0.903,unknown,
815724596,non_human,0.986,unknown,
815724601,human,0.857,unknown,
815724619,non_human,0.985,unknown,
815724658,human,0.771,unknown,
815724678,human,0.706,unknown,
815724682,non_human,0.985,unknown,
815724689,non_human,0.55,unknown,
815724725,human,0.938,unknown,
815724728,non_human,0.972,unknown,
815724740,human,0.954,unknown,
815724754,human,0.639,unknown,
815724811,human,0.872,unknown,
815724827,non_human,0.987,unknown,
815724862,non_human,0.985,unknown,
815724882,non_human,0.987,unknown,
815724890,non_human,0.984,unknown,
815724893,human,0.873,unknown,
815724894,human,0.918,unknown,
815724904,non_human,0.987,unknown,
815724946,non_human,0.986,unknown,
815724959,non_human,0.984,unknown,
815724997,non_human,0.987,unknown,
815724999,non_human,0.986,unknown,
815725004,non_human,0.987,unknown,
815725009,non_human,0.985,unknown,
815725017,non_human,0.987,unknown,
815725053,human,0.815,unknown,
815725054,non_human,0.986,unknown,
815725057,non_human,0.971,unknown,
815725064,non_human,0.987,unknown,
815725072,non_human,0.987,unknown,
815725074,non_human,0.987,unknown,
815725093,non_human,0.642,unknown,
815725096,human,0.754,unknown,
815725113,non_human,0.987,unknown,
815725115,non_human,0.984,unknown,
815725136,non_human,0.693,unknown,
815725138,non_human,0.984,unknown,
815725188,human,0.974,unknown,
815725195,non_human,0.986,unknown,
815725201,non_human,0.522,unknown,
815725208,non_human,0.987,unknown,
815725219,human,0.988,unknown,
815725247,human,0.882,unknown,
815725252,non_human,0.987,unknown,
815725256,human,0.944,unknown,
815725265,non_human,0.956,unknown,
815725268,human,0.944,unknown,
815725284,human,0.888,unknown,
815725336,non_human,0.987,unknown,
815725355,non_human,0.988,unknown,
815725372,non_human,0.974,unknown,
815725375,human,0.985,unknown,
815725394,human,0.911,unknown,
815725404,non_human,0.986,unknown,
815725406,non_human,0.76,unknown,
815725409,human,0.97,unknown,
815725415,non_human,0.987,unknown,
815725440,non_human,0.985,unknown,
815725445,human,0.778,unknown,
815725469,non_human,0.985,unknown,
815725487,non_human,0.987,unknown,
815725493,human,0.992,unknown,
815725497,non_human,0.709,unknown,
815725503,non_human,0.963,unknown,
815725522,human,0.814,unknown,
815725530,non_human,0.986,unknown,
815725531,non_human,0.987,unknown,
815725538,non_human,0.984,unknown,
815725553,human,0.921,unknown,
815725561,non_human,0.986,unknown,
815725566,non_human,0.987,unknown,
815725567,human,0.809,unknown,
815725582,non_human,0.974,unknown,
815725597,human,0.871,unknown,
815725611,non_human,0.987,unknown,
815725675,non_human,0.525,unknown,
815725687,non_human,0.986,unknown,
815725812,non_human,0.975,unknown,
815725846,non_human,0.987,unknown,
815725849,non_human,0.987,unknown,
815725863,non_human,0.987,unknown,
815725875,non_human,0.985,unknown,
815725894,non_human,0.986,unknown,
815725906,non_human,0.984,unknown,
815725913,non_human,0.985,unknown,
815725952,non_human,0.987,unknown,
815725957,non_human,0.986,unknown,
815725968,non_human,0.987,unknown,
815725972,non_human,0.951,unknown,
815725989,human,0.694,unknown,
815725993,human,0.849,unknown,
815726000,non_human,0.947,unknown,
815726006,human,0.929,unknown,
815726007,non_human,0.986,unknown,
815726025,non_human,0.985,unknown,
815726031,non_human,0.986,unknown,
815726032,non_human,0.985,unknown,
815726033,non_human,0.987,unknown,
815726034,non_human,0.974,unknown,
815726054,non_human,0.986,unknown,
815726107,non_human,0.986,unknown,
815726118,non_human,0.987,unknown,
815726132,non_human,0.987,unknown,
815726133,non_human,0.986,unknown,
815726144,non_human,0.986,unknown,
815726152,human,0.716,unknown,
815726192,non_human,0.987,unknown,
815726207,non_human,0.987,unknown,
815726232,human,0.753,unknown,
815726271,human,0.56,unknown,
815726284,human,0.91,unknown,
815726306,human,0.802,unknown,
815726312,non_human,0.987,unknown,
815726316,non_human,0.987,unknown,
815726327,non_human,0.688,unknown,
815726329,non_human,0.986,unknown,
815726330,human,0.654,unknown,
815726334,non_human,0.959,unknown,
815726344,human,0.848,unknown,
815726353,non_human,0.987,unknown,
815726355,non_human,0.987,unknown,
815726358,non_human,0.986,unknown,
815726389,human,0.576,unknown,
815726396,non_human,0.972,unknown,
815726400,non_human,0.986,unknown,
815726424,non_human,0.979,unknown,
815726426,non_human,0.987,unknown,
815726453,non_human,0.987,unknown,
815726468,non_human,0.986,unknown,
815726470,human,0.978,unknown,
815726473,non_human,0.986,unknown,
815726511,non_human,0.987,unknown,
815726519,human,0.713,unknown,
815726520,human,0.977,unknown,
815726523,human,0.662,unknown,
815726525,non_human,0.987,unknown,
815726543,non_human,0.987,unknown,
815726558,human,0.799,unknown,
815726569,non_human,0.796,unknown,
815726574,non_human,0.987,unknown,
815726586,non_human,0.713,unknown,
815726593,non_human,0.986,unknown,
815726595,non_human,0.585,unknown,
815726608,human,0.793,unknown,
815726621,human,0.76,unknown,
815726637,non_human,0.987,unknown,
815726658,non_human,0.987,unknown,
815726660,non_human,0.986,unknown,
815726672,non_human,0.985,unknown,
815726742,non_human,0.986,unknown,
815726750,human,0.929,unknown,
815726803,non_human,0.986,unknown,
815726807,human,0.765,unknown,
815726811,human,0.758,unknown,
815726822,human,0.857,unknown,
815726834,human,0.526,unknown,
815726841,human,0.969,unknown,
815726857,non_human,0.826,unknown,
815726885,non_human,0.987,unknown,
815726898,non_human,0.985,unknown,
815726910,human,0.7,unknown,
815726924,human,0.738,unknown,
815726932,non_human,0.985,unknown,
815726944,human,0.909,unknown,
815726979,human,0.802,unknown,
815726983,non_human,0.986,unknown,
815727009,non_human,0.987,unknown,
815727018,non_human,0.985,unknown,
815727021,non_human,0.986,unknown,
815727031,human,0.942,unknown,
815727042,non_human,0.987,unknown,
815727045,human,0.932,unknown,
815727049,non_human,0.98,unknown,
815727061,non_human,0.987,unknown,
815727100,human,0.928,unknown,
815727138,non_human,0.795,unknown,
815727150,non_human,0.985,unknown,
815727164,human,0.789,unknown,
815727223,human,0.975,unknown,
815727225,non_human,0.628,unknown,
815727239,human,0.775,unknown,
815727247,non_human,0.987,unknown,
815727269,human,0.972,unknown,
815727311,human,0.953,unknown,
815727315,human,0.857,unknown,
815727336,human,0.764,unknown,
815727344,non_human,0.986,unknown,
815727371,non_human,0.985,unknown,
815727406,non_human,0.623,unknown,
815727427,non_human,0.715,unknown,
815727428,non_human,0.986,unknown,
815727432,human,0.811,unknown,
815727439,non_human,0.988,unknown,
815727476,non_human,0.988,unknown,
815727482,non_human,0.985,unknown,
815727528,non_human,0.986,unknown,
815727540,non_human,0.985,unknown,
815727550,human,0.867,unknown,
815727565,non_human,0.986,unknown,
815727588,human,0.902,unknown,
815727593,non_human,0.986,unknown,
815727594,non_human,0.606,unknown,
815727596,non_human,0.973,unknown,
815727604,non_human,0.987,unknown,
815727615,non_human,0.987,unknown,
815727620,human,0.991,unknown,
815727629,human,0.91,unknown,
815727645,human,0.99,unknown,
815727647,human,0.519,unknown,
815727679,non_human,0.986,unknown,
815727680,non_human,0.988,unknown,
815727686,human,0.843,unknown,
815727700,human,0.981,unknown,
815727705,non_human,0.987,unknown,
815727706,non_human,0.987,unknown,
815727748,human,0.872,unknown,
815727783,non_human,0.986,unknown,
815727793,human,0.983,unknown,
815727798,non_human,0.986,unknown,
815727804,human,0.71,unknown,
815727819,human,0.874,unknown,
815727826,human,0.884,unknown,
815727850,non_human,0.985,unknown,
815727936,human,0.765,unknown,
815727946,human,0.828,unknown,
815727963,non_human,0.986,unknown,
815727972,human,0.747,unknown,
815727986,non_human,0.988,unknown,
815727995,human,0.877,unknown,
815728034,human,0.948,unknown,
815728048,human,0.791,unknown,
815728049,non_human,0.985,unknown,
815728065,human,0.519,unknown,
815728070,human,0.993,unknown,
815728093,non_human,0.988,unknown,
815728102,non_human,0.985,unknown,
815728112,non_human,0.987,unknown,
815728126,non_human,0.985,unknown,
815728151,non_human,0.987,unknown,
815728156,non_human,0.987,unknown,
815728191,non_human,0.986,unknown,
815728215,human,0.933,unknown,
815728227,human,0.725,unknown,
815728255,non_human,0.988,unknown,
815728260,non_human,0.988,unknown,
815728266,human,0.811,unknown,
815728330,non_human,0.985,unknown,
815728360,human,0.794,unknown,
815728362,human,0.825,unknown,
815728414,non_human,0.986,unknown,
815728416,human,0.912,unknown,
815728429,non_human,0.986,unknown,
815728445,non_human,0.987,unknown,
815728484,human,0.834,unknown,
815728488,non_human,0.987,unknown,
815728505,human,0.917,unknown,
815728510,non_human,0.986,unknown,
815728517,non_human,0.987,unknown,
815728526,non_human,0.759,unknown,
815728527,non_human,0.986,unknown,
815728546,human,0.847,unknown,
815728562,non_human,0.987,unknown,
815728566,non_human,0.988,unknown,
815728567,non_human,0.986,unknown,
815728587,non_human,0.97,unknown,
815728588,non_human,0.988,unknown,
815728593,human,0.992,unknown,
815728609,human,0.914,unknown,
815728640,human,0.931,unknown,
815728654,non_human,0.987,unknown,
815728659,non_human,0.987,unknown,
815728663,non_human,0.987,unknown,
815728667,non_human,0.986,unknown,
815728669,non_human,0.985,unknown,
815728688,human,0.901,unknown,
815728698,non_human,0.987,unknown,
815728699,non_human,0.988,unknown,
815728712,non_human,0.953,unknown,
815728713,human,0.944,unknown,
815728737,non_human,0.985,unknown,
815728750,non_human,0.986,unknown,
815728756,non_human,0.987,unknown,
815728757,non_human,0.987,unknown,
815728758,non_human,0.804,unknown,
815728778,human,0.802,unknown,
815728795,human,0.725,unknown,
815728802,human,0.784,unknown,
815728815,non_human,0.756,unknown,
815728857,non_human,0.956,unknown,
815728862,non_human,0.986,unknown,
815728866,non_human,0.986,unknown,
815728886,human,0.646,unknown,
815728887,human,0.915,unknown,
815728919,non_human,0.987,unknown,
815728934,human,0.647,unknown,
815728935,human,0.684,unknown,
815728954,human,0.965,unknown,
815728963,human,0.925,unknown,
815728980,non_human,0.987,unknown,
815728984,non_human,0.986,unknown,
815728989,non_human,0.987,unknown,
815729011,human,0.799,unknown,
815729043,human,0.7,unknown,
815729049,non_human,0.986,unknown,
815729070,human,0.877,unknown,
815729118,human,0.993,unknown,
815729121,non_human,0.987,unknown,
815729138,human,0.981,unknown,
815729141,non_human,0.987,unknown,
815729204,non_human,0.963,unknown,
815729220,non_human,0.976,unknown,
815729221,non_human,0.986,unknown,
815729224,non_human,0.987,unknown,
815729236,non_human,0.985,unknown,
815729240,non_human,0.986,unknown,
815729283,human,0.716,unknown,
815729299,human,0.815,unknown,
815729315,non_human,0.986,unknown,
815729349,non_human,0.985,unknown,
815729376,human,0.829,unknown,
815729423,human,0.817,unknown,
815729460,human,0.984,unknown,
815729461,human,0.983,unknown,
815729465,human,0.987,unknown,
815729478,human,0.859,unknown,
815729479,human,0.96,unknown,
815729501,human,0.928,unknown,
815729519,human,0.646,unknown,
815729526,human,0.937,unknown,
815729589,human,0.855,unknown,
815729607,human,0.898,unknown,
815729668,human,0.85,unknown,
815729689,human,0.664,unknown,
815729777,human,0.813,unknown,
815729820,human,0.832,unknown,
815729827,human,0.61,unknown,
815729839,human,0.849,unknown,
815729843,human,0.663,unknown,
815729887,human,0.665,unknown,
815729902,non_human,0.735,unknown,
815729935,human,0.955,unknown,
815729993,non_human,0.859,unknown,
815729994,human,0.697,unknown,
815730029,human,0.882,unknown,
815730054,human,0.943,unknown,
815730057,human,0.956,unknown,
815730061,human,0.871,unknown,
815730123,human,0.725,unknown,
815730128,non_human,0.866,unknown,
815730138,human,0.967,unknown,
815730141,human,0.901,unknown,
815730152,human,0.899,unknown,
815730190,non_human,0.842,unknown,
815730245,non_human,0.757,unknown,
815730271,human,0.694,unknown,
815730302,human,0.965,unknown,
815730313,human,0.761,unknown,
815730317,human,0.987,unknown,
815730321,non_human,0.571,unknown,
815730323,human,0.658,unknown,
815730331,human,0.857,unknown,
815730343,human,0.974,unknown,
815730346,human,0.906,unknown,
815730347,human,0.831,unknown,
815730365,human,0.654,unknown,
815730406,non_human,0.51,unknown,
815730408,human,0.911,unknown,
815730416,human,0.719,unknown,
815730436,human,0.617,unknown,
815730444,non_human,0.857,unknown,
815730460,human,0.961,unknown,
815730485,human,0.907,unknown,
815730513,non_human,0.765,unknown,
815730526,human,0.672,unknown,
815730540,human,0.921,unknown,
815730564,human,0.932,unknown,
815730570,human,0.815,unknown,
815730588,human,0.899,unknown,
815730607,human,0.645,unknown,
815730611,human,0.743,unknown,
815730636,human,0.788,unknown,
815730662,human,0.934,unknown,
815730688,non_human,0.938,unknown,
815730727,human,0.97,unknown,
815730732,human,0.656,unknown,
815730754,non_human,0.742,unknown,
815730767,human,0.917,unknown,
815730954,human,0.745,unknown,
815730973,non_human,0.574,unknown,
815730984,non_human,0.525,unknown,
815731043,human,0.891,unknown,
815731056,human,0.878,unknown,
815731128,human,0.897,unknown,
815731130,human,0.852,unknown,
815731144,non_human,0.537,unknown,
815731176,human,0.824,unknown,
815731178,human,0.632,unknown,
815731210,human,0.937,unknown,
815731283,human,0.92,unknown,
815731308,human,0.841,unknown,
815731367,non_human,0.691,unknown,
815731391,human,0.846,unknown,
815731429,human,0.657,unknown,
815731430,human,0.866,unknown,
815731442,human,0.802,unknown,
815731470,human,0.973,unknown,
815731474,non_human,0.523,unknown,
815731475,human,0.958,unknown,
815731497,human,0.852,unknown,
815731554,human,0.587,unknown,
815731556,human,0.864,unknown,
815731590,human,0.719,unknown,
815731630,human,0.603,unknown,
815731661,human,0.943,unknown,
815731698,human,0.842,unknown,
815731720,human,0.929,unknown,
815731742,human,0.675,unknown,
815731757,human,0.958,unknown,
815731760,human,0.986,unknown,
815731765,human,0.745,unknown,
815731786,human,0.633,unknown,
815731832,human,0.901,unknown,
815731842,human,0.888,unknown,
815731915,non_human,0.606,unknown,
815731928,human,0.961,unknown,
815732069,human,0.577,unknown,
815732070,non_human,0.741,unknown,
815732072,human,0.901,unknown,
815732126,human,0.933,unknown,
815732159,non_human,0.825,unknown,
815732161,non_human,0.868,unknown,
815732186,human,0.752,unknown,
815732202,non_human,0.836,unknown,
815732219,human,0.824,unknown,
815732255,human,0.669,unknown,
815732275,human,0.977,unknown,
815732311,human,0.913,unknown,
815732362,non_human,0.801,unknown,
815732367,human,0.809,unknown,
815732377,human,0.775,unknown,
815732399,human,0.827,unknown,
815732404,human,0.9,unknown,
815732405,human,0.947,unknown,
815732445,human,0.707,unknown,
815732451,human,0.708,unknown,
815732459,human,0.875,unknown,
815732513,human,0.755,unknown,
815732557,human,0.823,unknown,
815732573,human,0.906,unknown,
815732593,human,0.863,unknown,
815732614,human,0.927,unknown,
815732698,human,0.988,unknown,
815732714,human,0.58,unknown,
815732733,human,0.726,unknown,
815732734,human,0.821,unknown,
815732752,human,0.885,unknown,
815732827,human,0.96,unknown,
815732851,human,0.551,unknown,
815732855,non_human,0.518,unknown,
815732885,human,0.766,unknown,
815732903,human,0.961,unknown,
815732904,human,0.83,unknown,
815732910,non_human,0.576,unknown,
815732933,human,0.836,unknown,
815732957,human,0.81,unknown,
815732992,human,0.873,unknown,
815732995,human,0.941,unknown,
815733020,human,0.928,unknown,
815733024,human,0.75,unknown,
815733029,human,0.843,unknown,
815733048,human,0.537,unknown,
815733070,human,0.695,unknown,
815733103,non_human,0.645,unknown,
815733116,non_human,0.786,unknown,
815733128,human,0.966,unknown,
815733129,human,0.959,unknown,
815733170,human,0.736,unknown,
815733173,human,0.766,unknown,
815733198,human,0.912,unknown,
815733225,non_human,0.686,unknown,
815733234,human,0.976,unknown,
815733282,human,0.649,unknown,
815733311,non_human,0.573,unknown,
815733326,human,0.66,unknown,
815733334,non_human,0.53,unknown,
815733335,human,0.915,unknown,
815733393,non_human,0.53,unknown,
815733399,human,0.981,unknown,
815733410,human,0.843,unknown,
815733428,human,0.719,unknown,
815733439,human,0.912,unknown,
815733517,human,0.958,unknown,
815733525,human,0.975,unknown,
815733533,non_human,0.933,unknown,
815733534,human,0.771,unknown,
815733544,human,0.979,unknown,
815733565,human,0.779,unknown,
815733573,human,0.655,unknown,
815733575,human,0.872,unknown,
815733631,human,0.676,unknown,
815733638,human,0.708,unknown,
815733720,human,0.732,unknown,
815733725,human,0.596,unknown,
815733743,human,0.749,unknown,
815733755,human,0.976,unknown,
815733792,human,0.764,unknown,
815733795,human,0.777,unknown,
815733822,human,0.947,unknown,
815733825,human,0.871,unknown,
815733830,human,0.948,unknown,
815733857,human,0.741,unknown,
815733869,human,0.511,unknown,
815733898,human,0.612,unknown,
815733925,human,0.523,unknown,
815734031,human,0.827,unknown,
815734077,human,0.929,unknown,
815734080,non_human,0.568,unknown,
815734125,human,0.814,unknown,
815734173,human,0.783,unknown,
815734242,human,0.973,unknown,
815734245,human,0.664,unknown,
815734257,human,0.706,unknown,
815734296,human,0.928,unknown,
815734328,non_human,0.595,unknown,
815734333,human,0.677,unknown,
815734346,human,0.71,unknown,
815734349,human,0.681,unknown,
815734352,human,0.942,unknown,
815734358,human,0.878,unknown,
815734387,human,0.753,unknown,
815734391,human,0.856,unknown,
815734395,human,0.536,unknown,
815734412,human,0.711,unknown,
815734497,human,0.985,unknown,
815734505,human,0.93,unknown,
815734518,non_human,0.562,unknown,
815734525,human,0.853,unknown,
815734539,human,0.931,unknown,
815734552,human,0.838,unknown,
815734592,human,0.973,unknown,
815734610,human,0.92,unknown,
815734620,human,0.732,unknown,
815734626,human,0.987,unknown,
815734637,non_human,0.722,unknown,
815734638,non_human,0.605,unknown,
815734646,human,0.985,unknown,
815734648,non_human,0.523,unknown,
815734652,human,0.728,unknown,
815734685,human,0.966,unknown,
815734696,human,0.936,unknown,
815734723,human,0.961,unknown,
815734763,non_human,0.817,unknown,
815734811,human,0.863,unknown,
815734812,human,0.655,unknown,
815734816,human,0.892,unknown,
815734824,human,0.677,unknown,
815734836,non_human,0.672,unknown,
815734861,human,0.894,unknown,
815734917,human,0.741,unknown,
815734935,non_human,0.843,unknown,
815734953,human,0.802,unknown,
815734993,non_human,0.565,unknown,
815735012,human,0.877,unknown,
815735042,human,0.969,unknown,
815735043,human,0.81,unknown,
815735070,human,0.893,unknown,
815735091,human,0.885,unknown,
815735125,human,0.894,unknown,
815735143,human,0.913,unknown,
815735167,non_human,0.563,unknown,
815735185,human,0.802,unknown,
815735204,human,0.681,unknown,
815735251,human,0.64,unknown,
815735269,human,0.766,unknown,
815735335,human,0.939,unknown,
815735351,human,0.771,unknown,
815735382,human,0.551,unknown,
815735396,human,0.737,unknown,
815735407,human,0.967,unknown,
815735416,human,0.921,unknown,
815735420,human,0.898,unknown,
815735460,human,0.926,unknown,
815735465,human,0.83,unknown,
815735548,human,0.881,unknown,
815735587,human,0.853,unknown,
815735595,human,0.792,unknown,
815735606,human,0.895,unknown,
815735626,human,0.942,unknown,
815735632,human,0.805,unknown,
815735644,human,0.694,unknown,
815735646,human,0.92,unknown,
815735683,non_human,0.528,unknown,
815735751,human,0.544,unknown,
815735756,non_human,0.63,unknown,
815735779,human,0.845,unknown,
815735792,non_human,0.781,unknown,
815735806,human,0.541,unknown,
815735830,human,0.973,unknown,
815735838,human,0.921,unknown,
815735893,human,0.641,unknown,
815735913,human,0.933,unknown,
815735922,human,0.928,unknown,
815735930,human,0.525,unknown,
815735939,human,0.746,unknown,
815735940,human,0.889,unknown,
815735953,human,0.752,unknown,
815735961,human,0.843,unknown,
815735966,human,0.846,unknown,
815735971,human,0.933,unknown,
815735974,human,0.676,unknown,
815735992,human,0.651,unknown,
815735993,human,0.966,unknown,
815736031,human,0.798,unknown,
815736067,human,0.806,unknown,
815736082,human,0.91,unknown,
815736094,human,0.631,unknown,
815736128,human,0.731,unknown,
815736194,human,0.9,unknown,
815736210,human,0.878,unknown,
815736218,human,0.972,unknown,
815736222,human,0.882,unknown,
815736231,non_human,0.581,unknown,
815736257,human,0.968,unknown,
815736260,human,0.935,unknown,
815736298,non_human,0.65,unknown,
815736324,human,0.887,unknown,
815736354,human,0.914,unknown,
815736358,human,0.98,unknown,
815736359,human,0.894,unknown,
815736385,human,0.775,unknown,
815736455,human,0.765,unknown,
815736464,human,0.545,unknown,
815736468,non_human,0.528,unknown,
815736505,human,0.926,unknown,
815736517,human,0.979,unknown,
815736526,human,0.837,unknown,
815736546,human,0.941,unknown,
815736559,human,0.714,unknown,
815736590,human,0.824,unknown,
815736604,human,0.904,unknown,
815736610,human,0.872,unknown,
815736637,human,0.841,unknown,
815736643,non_human,0.628,unknown,
815736666,human,0.978,unknown,
815736683,human,0.887,unknown,
815736706,human,0.914,unknown,
815736767,human,0.64,unknown,
815736812,human,0.933,unknown,
815736869,non_human,0.8,unknown,
815736891,non_human,0.774,unknown,
815736898,human,0.535,unknown,
815736915,non_human,0.785,unknown,
815736917,human,0.94,unknown,
815736958,human,0.868,unknown,
815736969,human,0.799,unknown,
815736971,human,0.895,unknown,
815737005,human,0.987,unknown,
815737006,human,0.777,unknown,
815737035,human,0.587,unknown,
815737121,human,0.805,unknown,
815737146,human,0.887,unknown,
815737159,human,0.874,unknown,
815737173,non_human,0.533,unknown,
815737200,human,0.974,unknown,
815737221,human,0.973,unknown,
815737296,non_human,0.693,unknown,
815737308,non_human,0.531,unknown,
815737310,human,0.609,unknown,
815737342,human,0.974,unknown,
815737371,human,0.798,unknown,
815737373,human,0.94,unknown,
815737397,human,0.841,unknown,
815737413,human,0.616,unknown,
815737416,human,0.94,unknown,
815737446,human,0.966,unknown,
815737447,human,0.68,unknown,
815737451,human,0.975,unknown,
815737464,human,0.925,unknown,
815737472,human,0.982,unknown,
815737512,human,0.901,unknown,
815737626,human,0.664,unknown,
815737689,human,0.558,unknown,
815737717,human,0.805,unknown,
815737728,human,0.788,unknown,
815737730,human,0.962,unknown,
815737736,human,0.832,unknown,
815737738,human,0.958,unknown,
815737785,human,0.66,unknown,
815737792,human,0.92,unknown,
815737808,human,0.805,unknown,
815737832,human,0.77,unknown,
815737883,human,0.821,unknown,
815737894,human,0.834,unknown,
815737932,non_human,0.859,unknown,
815737933,human,0.935,unknown,
815737943,human,0.884,unknown,
815737978,human,0.954,unknown,
815738097,human,0.577,unknown,
815738104,human,0.78,unknown,
815738108,human,0.719,unknown,
815738111,human,0.826,unknown,
815738131,human,0.854,unknown,
815738140,human,0.789,unknown,
815738178,human,0.817,unknown,
815738211,human,0.774,unknown,
815738228,human,0.511,unknown,
815738229,human,0.922,unknown,
815738242,human,0.703,unknown,
815738248,non_human,0.545,unknown,
815738255,human,0.974,unknown,
815738263,human,0.873,unknown,
815738284,human,0.686,unknown,
815738294,human,0.932,unknown,
815738298,human,0.893,unknown,
815738398,human,0.807,unknown,
815738401,human,0.85,unknown,
815738418,human,0.929,unknown,
815738438,human,0.514,unknown,
815738447,human,0.529,unknown,
815738464,human,0.955,unknown,
815738476,human,0.633,unknown,
815738478,human,0.6,unknown,
815738509,human,0.815,unknown,
815738549,non_human,0.887,unknown,
815738558,non_human,0.532,unknown,
815738574,human,0.949,unknown,
815738587,human,0.678,unknown,
815738609,human,0.6,unknown,
815738613,human,0.854,unknown,
815738618,human,0.591,unknown,
815738643,human,0.771,unknown,
815738708,human,0.669,unknown,
815738715,human,0.645,unknown,
815738719,human,0.95,unknown,
815738793,human,0.715,unknown,
815738811,human,0.665,unknown,
815738818,human,0.549,unknown,
815738823,non_human,0.607,unknown,
815738839,human,0.88,unknown,
815738856,human,0.703,unknown,
815738892,human,0.95,unknown,
815738908,human,0.675,unknown,
815738910,non_human,0.504,unknown,
815738916,non_human,0.919,unknown,
815738919,human,0.556,unknown,
815738925,human,0.595,unknown,
815738975,human,0.554,unknown,
815738980,human,0.642,unknown,
815738984,human,0.633,unknown,
815738995,human,0.82,unknown,
815739014,non_human,0.881,unknown,
815739028,human,0.7,unknown,
815739034,human,0.703,unknown,
815739036,non_human,0.755,unknown,
815739086,human,0.647,unknown,
815739088,human,0.658,unknown,
815739089,non_human,0.943,unknown,
815739114,human,0.89,unknown,
815739129,human,0.606,unknown,
815739143,human,0.611,unknown,
815739195,human,0.881,unknown,
815739214,human,0.924,unknown,
815739254,human,0.592,unknown,
815739273,human,0.597,unknown,
815739294,non_human,0.776,unknown,
815739308,non_human,0.683,unknown,
815739323,human,0.979,unknown,
815739327,human,0.626,unknown,
815739345,human,0.847,unknown,
815739346,human,0.869,unknown,
815739401,human,0.967,unknown,
815739405,human,0.676,unknown,
815739413,human,0.79,unknown,
815739422,human,0.975,unknown,
815739436,human,0.82,unknown,
815739438,human,0.901,unknown,
815739445,human,0.917,unknown,
815739463,human,0.918,unknown,
815739479,human,0.891,unknown,
815739480,human,0.684,unknown,
815739484,human,0.994,unknown,
815739507,human,0.897,unknown,
815739541,human,0.528,unknown,
815739543,non_human,0.817,unknown,
815739548,non_human,0.736,unknown,
815739554,human,0.871,unknown,
815739581,non_human,0.821,unknown,
